condition_id,Model,param,T,theta,N_valid,N_truth_avail,mean_rel_bias,coverage_95,RMSE,mean_post_sd,emp_sd,sd_bias,mean_n_div,prop_div,mean_rhat
1,Normal-Clayton (NC),mu[1],50,0.5,200,200,-0.00609540066245229,0.925,0.15749464092511364,0.14933726199532124,0.15737664379092173,-0.00803938179560048,0,0,1.000954428654514
1,Normal-Clayton (NC),mu[2],50,0.5,200,200,-0.02040525307200951,0.95,0.14682810964245246,0.14968787602894362,0.1454032992343822,0.00428457679456142,0,0,1.000954428654514
1,Normal-Clayton (NC),phi11,50,0.5,200,200,-0.1915817935999376,0.945,0.14543978005349792,0.13737008183507368,0.12361292909633197,0.01375715273874173,0,0,1.000954428654514
1,Normal-Clayton (NC),phi12,50,0.5,200,200,-0.00614820258204367,0.955,0.1258990302289267,0.13590365518106357,0.12589752900130446,0.0100061261797591,0,0,1.000954428654514
1,Normal-Clayton (NC),phi21,50,0.5,200,200,-0.33820096058459986,0.925,0.14916623759737688,0.1380717983682943,0.14528168343447026,-0.00720988506617595,0,0,1.000954428654514
1,Normal-Clayton (NC),phi22,50,0.5,200,200,-0.11688365891500915,0.93,0.14696770777397222,0.13527562298870882,0.13933276991762586,-0.00405714692891703,0,0,1.000954428654514
1,Normal-Clayton (NC),sigma[1],50,0.5,200,200,0.01733161268790191,0.97,0.09852287958712186,0.10510816757486709,0.09698645783703554,0.00812170973783155,0,0,1.000954428654514
1,Normal-Clayton (NC),sigma[2],50,0.5,200,200,0.02045797194918889,0.94,0.10449477833747946,0.1055588293771077,0.10247258210626473,0.00308624727084298,0,0,1.000954428654514
1,Normal-Clayton (NC),theta,50,0.5,200,200,0.13215476799683695,0.99,0.2157940538076246,0.23816562632946048,0.2054284619585454,0.03273716437091509,0,0,1.000954428654514
1,Normal-Gaussian (NG),mu[1],50,0.5,200,200,0.00408409956151455,0.935,0.15837675929182876,0.14961682578325333,0.15832409170607453,-0.0087072659228212,0,0,1.0009040138213432
1,Normal-Gaussian (NG),mu[2],50,0.5,200,200,-0.01005856901521118,0.945,0.14654311800770362,0.1499859859883167,0.1461975055354433,0.00378848045287336,0,0,1.0009040138213432
1,Normal-Gaussian (NG),phi11,50,0.5,200,200,-0.19699496410934256,0.94,0.14988993484969054,0.1401097303756814,0.12750635289166531,0.01260337748401607,0,0,1.0009040138213432
1,Normal-Gaussian (NG),phi12,50,0.5,200,200,0.04504434400307587,0.97,0.13060795247762405,0.1389321950632069,0.13053025442835323,0.00840194063485363,0,0,1.0009040138213432
1,Normal-Gaussian (NG),phi21,50,0.5,200,200,-0.29853204680910994,0.93,0.15021624811788276,0.14088518642888193,0.1472199285725032,-0.00633474214362128,0,0,1.0009040138213432
1,Normal-Gaussian (NG),phi22,50,0.5,200,200,-0.11491865970798136,0.93,0.14437557031745196,0.13857137523613225,0.13686233071461593,0.00170904452151632,0,0,1.0009040138213432
1,Normal-Gaussian (NG),rho,50,0.5,200,0,NA,NA,NA,0.12689505279615612,0.13478635781114687,-0.00789130501499074,0,0,1.0009040138213432
1,Normal-Gaussian (NG),sigma[1],50,0.5,200,200,0.01363096812313441,0.965,0.10358743022866304,0.10625750616302322,0.10268667104061864,0.00357083512240456,0,0,1.0009040138213432
1,Normal-Gaussian (NG),sigma[2],50,0.5,200,200,0.01547819675004162,0.95,0.10351449839979912,0.10633119087353084,0.10235075380440056,0.00398043706913027,0,0,1.0009040138213432
2,Normal-Clayton (NC),mu[1],100,0.5,200,200,0.01267041967206804,0.93,0.11184192887189927,0.1036099203329862,0.11112190386742232,-0.00751198353443612,0,0,1.0007933488419127
2,Normal-Clayton (NC),mu[2],100,0.5,200,200,0.01109043324421549,0.935,0.11066391824629261,0.10317679902933796,0.11010678949128312,-0.00692999046194516,0,0,1.0007933488419127
2,Normal-Clayton (NC),phi11,100,0.5,200,200,-0.11797864368443292,0.915,0.11260927148332721,0.09598354109906788,0.10224389647067814,-0.00626035537161025,0,0,1.0007933488419127
2,Normal-Clayton (NC),phi12,100,0.5,200,200,0.01365234268480315,0.95,0.09919109855372867,0.09685924101696324,0.09918170278679268,-0.00232246176982942,0,0,1.0007933488419127
2,Normal-Clayton (NC),phi21,100,0.5,200,200,-0.11609165973147569,0.97,0.09903967443949493,0.0960143695973668,0.09835692338869216,-0.00234255379132537,0,0,1.0007933488419127
2,Normal-Clayton (NC),phi22,100,0.5,200,200,-0.0945161805441592,0.945,0.09620830300720133,0.09596695974037246,0.08846868500198525,0.00749827473838721,0,0,1.0007933488419127
2,Normal-Clayton (NC),sigma[1],100,0.5,200,200,0.01425964497833637,0.925,0.07657675424171324,0.07257592217758274,0.07523736980575246,-0.00266144762816972,0,0,1.0007933488419127
2,Normal-Clayton (NC),sigma[2],100,0.5,200,200,0.00845995373049603,0.955,0.07118900864598014,0.07215627807806188,0.07068453957461492,0.00147173850344696,0,0,1.0007933488419127
2,Normal-Clayton (NC),theta,100,0.5,200,200,0.06936815763600819,0.965,0.17666040536267774,0.17191747681658714,0.17322215071823838,-0.00130467390165123,0,0,1.0007933488419127
2,Normal-Gaussian (NG),mu[1],100,0.5,200,200,0.0188026927387023,0.935,0.11362563227858226,0.1038362953633048,0.11205910519222231,-0.0082228098289175,0,0,1.0008102622168364
2,Normal-Gaussian (NG),mu[2],100,0.5,200,200,0.01713530204156676,0.935,0.11281368278791262,0.1034282873086386,0.11150474630308815,-0.00807645899444955,0,0,1.0008102622168364
2,Normal-Gaussian (NG),phi11,100,0.5,200,200,-0.117100240913118,0.925,0.1141053045708969,0.09854581472359666,0.10404819029522572,-0.00550237557162905,0,0,1.0008102622168364
2,Normal-Gaussian (NG),phi12,100,0.5,200,200,-1.024868876360552e-4,0.945,0.10051686580655032,0.0991797613036496,0.10051686528407272,-0.00133710398042313,0,0,1.0008102622168364
2,Normal-Gaussian (NG),phi21,100,0.5,200,200,-0.11555927719048656,0.975,0.10029636978367001,0.0984987198991881,0.09962842127794055,-0.00112970137875247,0,0,1.0008102622168364
2,Normal-Gaussian (NG),phi22,100,0.5,200,200,-0.10097972140521425,0.96,0.0996977808964335,0.09857880745222392,0.09114901455342954,0.00742979289879439,0,0,1.0008102622168364
2,Normal-Gaussian (NG),rho,100,0.5,200,0,NA,NA,NA,0.0900914189030794,0.0964024804211822,-0.00631106151810281,0,0,1.0008102622168364
2,Normal-Gaussian (NG),sigma[1],100,0.5,200,200,0.01041718857575273,0.945,0.07706236975357021,0.07324871189297999,0.07635503267115522,-0.00310632077817522,0,0,1.0008102622168364
2,Normal-Gaussian (NG),sigma[2],100,0.5,200,200,0.00602450721343468,0.94,0.07270212006911086,0.07290731050773125,0.07245207778510349,4.5523272262776304e-4,0,0,1.0008102622168364
3,Normal-Clayton (NC),mu[1],200,0.5,200,200,-0.00368156402865051,0.945,0.07711416669973968,0.07172385483250213,0.07702623444059944,-0.00530237960809731,0,0,1.000799396439034
3,Normal-Clayton (NC),mu[2],200,0.5,200,200,0.00117618645760652,0.97,0.06832632985787242,0.07172895045490914,0.06831620552448542,0.00341274493042371,0,0,1.000799396439034
3,Normal-Clayton (NC),phi11,200,0.5,200,200,-0.03751443774162378,0.96,0.06167777925102224,0.06745860605329253,0.05982453649704779,0.00763406955624473,0,0,1.000799396439034
3,Normal-Clayton (NC),phi12,200,0.5,200,200,0.02260127710886962,0.93,0.06836969356328591,0.06785987134566474,0.06833232632267176,-4.72454977007028e-4,0,0,1.000799396439034
3,Normal-Clayton (NC),phi21,200,0.5,200,200,-0.01651357653501733,0.965,0.06395794450823739,0.06743944411681826,0.06393662239764464,0.00350282171917362,0,0,1.000799396439034
3,Normal-Clayton (NC),phi22,200,0.5,200,200,-0.03995300691099995,0.935,0.06942487050023936,0.06756253956025601,0.06756044554455026,2.094015705750296e-6,0,0,1.000799396439034
3,Normal-Clayton (NC),sigma[1],200,0.5,200,200,0.00531863948966927,0.945,0.053153706524062726,0.0502181500409499,0.05288694159454788,-0.00266879155359798,0,0,1.000799396439034
3,Normal-Clayton (NC),sigma[2],200,0.5,200,200,0.0052565296857608,0.93,0.050096233857772184,0.05015094147578202,0.04981969030810324,3.3125116767877827e-4,0,0,1.000799396439034
3,Normal-Clayton (NC),theta,200,0.5,200,200,0.04237032188621016,0.96,0.11710559647411778,0.12292177998493156,0.11517338964089596,0.00774839034403558,0,0,1.000799396439034
3,Normal-Gaussian (NG),mu[1],200,0.5,200,200,-0.00161995591345897,0.945,0.0772368048702557,0.07187867487764263,0.0772198146164856,-0.00534113973884296,0,0,1.000747479618611
3,Normal-Gaussian (NG),mu[2],200,0.5,200,200,0.00366949281604079,0.965,0.06873843399133185,0.07184564166418493,0.0686404190696248,0.00320522259456013,0,0,1.000747479618611
3,Normal-Gaussian (NG),phi11,200,0.5,200,200,-0.03607466593804537,0.96,0.06342473802752313,0.0694038919937411,0.06176144711916397,0.00764244487457713,0,0,1.000747479618611
3,Normal-Gaussian (NG),phi12,200,0.5,200,200,0.01144946332386792,0.94,0.06880051023831954,0.06979505449977179,0.06879098274446344,0.00100407175530835,0,0,1.000747479618611
3,Normal-Gaussian (NG),phi21,200,0.5,200,200,-0.0089016500401064,0.975,0.0639846678472833,0.06943545440300221,0.06397847548818902,0.00545697891481318,0,0,1.000747479618611
3,Normal-Gaussian (NG),phi22,200,0.5,200,200,-0.04349771932065793,0.94,0.07122249793304432,0.06953718462361545,0.06906457817178575,4.72606451829699e-4,0,0,1.000747479618611
3,Normal-Gaussian (NG),rho,200,0.5,200,0,NA,NA,NA,0.06340376255605573,0.07087461947159297,-0.00747085691553724,0,0,1.000747479618611
3,Normal-Gaussian (NG),sigma[1],200,0.5,200,200,0.00407444384601188,0.94,0.05461432216618955,0.0508390981103222,0.05446212530757535,-0.00362302719725314,0,0,1.000747479618611
3,Normal-Gaussian (NG),sigma[2],200,0.5,200,200,0.00363248491721629,0.93,0.05074824376804286,0.05078367771767424,0.050618072848212,1.6560486946223807e-4,0,0,1.000747479618611
4,Normal-Clayton (NC),mu[1],50,1,200,200,0.01365577305103107,0.925,0.16828068738221655,0.1473209285193319,0.1677256975189253,-0.02040476899959339,0,0,1.0010856683276843
4,Normal-Clayton (NC),mu[2],50,1,200,200,0.00856803084333746,0.925,0.16773007783014307,0.14772445411575752,0.1675110977110874,-0.01978664359532989,0,0,1.0010856683276843
4,Normal-Clayton (NC),phi11,50,1,200,200,-0.17561567101525308,0.965,0.14111688007562337,0.1438939141159298,0.12239050460430276,0.02150340951162703,0,0,1.0010856683276843
4,Normal-Clayton (NC),phi12,50,1,200,200,0.08631647163456342,0.98,0.1311401923030605,0.14352295498398554,0.13085581647190653,0.01266713851207901,0,0,1.0010856683276843
4,Normal-Clayton (NC),phi21,50,1,200,200,-0.02048595014071231,0.97,0.1400787960133269,0.14542755144593128,0.1400638152807911,0.00536373616514018,0,0,1.0010856683276843
4,Normal-Clayton (NC),phi22,50,1,200,200,-0.1969254113733668,0.955,0.1542576592363453,0.14475928412890157,0.13262988580989304,0.01212939831900852,0,0,1.0010856683276843
4,Normal-Clayton (NC),sigma[1],50,1,200,200,0.00247706828140754,0.95,0.09719030703291408,0.1012312419480792,0.09715873565398714,0.00407250629409206,0,0,1.0010856683276843
4,Normal-Clayton (NC),sigma[2],50,1,200,200,0.00512115764503653,0.975,0.09573100208574233,0.10125704373042016,0.09559392504084706,0.00566311868957311,0,0,1.0010856683276843
4,Normal-Clayton (NC),theta,50,1,200,200,-0.01382978129134284,0.975,0.31897318103929434,0.3407635587105556,0.3186732297695557,0.02209032894099988,0,0,1.0010856683276843
4,Normal-Gaussian (NG),mu[1],50,1,200,200,0.01402382170153284,0.915,0.17422193860758128,0.14850033980399502,0.1736566045880992,-0.02515626478410418,0,0,1.0009744010010213
4,Normal-Gaussian (NG),mu[2],50,1,200,200,0.01025101160574085,0.915,0.1719252887695536,0.14955713487744493,0.17161940939052714,-0.02206227451308221,0,0,1.0009744010010213
4,Normal-Gaussian (NG),phi11,50,1,200,200,-0.201938875944898,0.96,0.1516878698631892,0.14978363324809352,0.12839205709376883,0.02139157615432468,0,0,1.0009744010010213
4,Normal-Gaussian (NG),phi12,50,1,200,200,0.11188537841210464,0.965,0.13604841516571653,0.15049621492587298,0.13558756539623745,0.01490864952963552,0,0,1.0009744010010213
4,Normal-Gaussian (NG),phi21,50,1,200,200,-0.0488200479072533,0.97,0.14456642261284167,0.15153140740970678,0.14448396650250875,0.00704744090719802,0,0,1.0009744010010213
4,Normal-Gaussian (NG),phi22,50,1,200,200,-0.21236059004874328,0.965,0.16165797561394465,0.1507766483891469,0.13754191305439464,0.01323473533475225,0,0,1.0009744010010213
4,Normal-Gaussian (NG),rho,50,1,200,0,NA,NA,NA,0.11274684159576452,0.1255078676375028,-0.01276102604173828,0,0,1.0009744010010213
4,Normal-Gaussian (NG),sigma[1],50,1,200,200,-0.00297364988929573,0.945,0.10007642838463361,0.10349475294006934,0.10003223942590005,0.0034625135141693,0,0,1.0009744010010213
4,Normal-Gaussian (NG),sigma[2],50,1,200,200,0.00360499336211,0.97,0.0994149877132741,0.10426678745799454,0.0993496039493343,0.00491718350866024,0,0,1.0009744010010213
5,Normal-Clayton (NC),mu[1],100,1,200,200,-0.00258234991611615,0.92,0.10912186753101027,0.1018792596591612,0.1090913078222371,-0.00721204816307588,0,0,1.0009684133468906
5,Normal-Clayton (NC),mu[2],100,1,200,200,0.00130661417423317,0.93,0.10956447113698069,0.10212115356397374,0.10955667982795922,-0.00743552626398548,0,0,1.0009684133468906
5,Normal-Clayton (NC),phi11,100,1,200,200,-0.05876615283461314,0.965,0.09402981670816006,0.10005977847675568,0.09104423493628357,0.00901554354047212,0,0,1.0009684133468906
5,Normal-Clayton (NC),phi12,100,1,200,200,-0.00370550913726092,0.94,0.09487611785511614,0.1004357265689324,0.09487539423516628,0.00556033233376609,0,0,1.0009684133468906
5,Normal-Clayton (NC),phi21,100,1,200,200,-0.04475109332371405,0.94,0.10355508216456909,0.10051507861241692,0.1034583415611036,-0.00294326294868667,0,0,1.0009684133468906
5,Normal-Clayton (NC),phi22,100,1,200,200,-0.08769617508327793,0.975,0.09700818409143752,0.10114334808888276,0.09044384291282807,0.01069950517605468,0,0,1.0009684133468906
5,Normal-Clayton (NC),sigma[1],100,1,200,200,0.00379377938894431,0.965,0.0700234115440751,0.06989723009402475,0.06992056494493541,-2.333485091066123e-5,0,0,1.0009684133468906
5,Normal-Clayton (NC),sigma[2],100,1,200,200,0.00574301512498357,0.95,0.07269625483101527,0.06996753842970305,0.07246905024719257,-0.00250151181748951,0,0,1.0009684133468906
5,Normal-Clayton (NC),theta,100,1,200,200,-0.02414719016526774,0.955,0.22176629051336466,0.23829201787314871,0.22044772807897217,0.0178442897941766,0,0,1.0009684133468906
5,Normal-Gaussian (NG),mu[1],100,1,200,200,-0.00234913805029418,0.915,0.10974154534926191,0.1027753884266477,0.10971639953108545,-0.00694101110443773,0,0,1.0009514756077995
5,Normal-Gaussian (NG),mu[2],100,1,200,200,0.00200496992346534,0.915,0.11213903229649501,0.10297592246380266,0.1121211071119098,-0.00914518464810713,0,0,1.0009514756077995
5,Normal-Gaussian (NG),phi11,100,1,200,200,-0.07514324300929269,0.96,0.1038960359586939,0.1059008619081353,0.09945323108244215,0.00644763082569313,0,0,1.0009514756077995
5,Normal-Gaussian (NG),phi12,100,1,200,200,0.03328959484118094,0.945,0.1066121881518871,0.10675396097922668,0.10656020219240613,1.9375878682056924e-4,0,0,1.0009514756077995
5,Normal-Gaussian (NG),phi21,100,1,200,200,-0.0780657283496844,0.94,0.11148564473269476,0.106321404471961,0.11121198857154278,-0.00489058409958179,0,0,1.0009514756077995
5,Normal-Gaussian (NG),phi22,100,1,200,200,-0.08411918388934726,0.97,0.10396045124077635,0.10665161724258183,0.09836467600959332,0.00828694123298851,0,0,1.0009514756077995
5,Normal-Gaussian (NG),rho,100,1,200,0,NA,NA,NA,0.0778082290072381,0.07858593763949745,-7.777086322593441e-4,0,0,1.0009514756077995
5,Normal-Gaussian (NG),sigma[1],100,1,200,200,0.00286554284557677,0.96,0.0723660858946762,0.07221661725714486,0.072309328941125,-9.271168398014562e-5,0,0,1.0009514756077995
5,Normal-Gaussian (NG),sigma[2],100,1,200,200,0.00471940454846271,0.94,0.07666496322811475,0.07242914898142883,0.07651956486726866,-0.00409041588583983,0,0,1.0009514756077995
6,Normal-Clayton (NC),mu[1],200,1,200,200,-0.00543482676009384,0.945,0.07704372301195564,0.07068832626739739,0.07685179187000593,-0.00616346560260853,0,0,1.0010169792768395
6,Normal-Clayton (NC),mu[2],200,1,200,200,0.00128695097849166,0.935,0.07549551814804056,0.07101591921330536,0.07548454820438473,-0.00446862899107937,0,0,1.0010169792768395
6,Normal-Clayton (NC),phi11,200,1,200,200,-0.04521618089549746,0.935,0.07490968728350351,0.07091329752582441,0.07269347127870833,-0.00178017375288391,0,0,1.0010169792768395
6,Normal-Clayton (NC),phi12,200,1,200,200,-0.02445796132738414,0.945,0.07362990478986758,0.07072495884699151,0.07358927204859447,-0.00286431320160296,0,0,1.0010169792768395
6,Normal-Clayton (NC),phi21,200,1,200,200,0.03180334848850191,0.97,0.06712064081733798,0.0715378205481808,0.06704525258345505,0.00449256796472574,0,0,1.0010169792768395
6,Normal-Clayton (NC),phi22,200,1,200,200,-0.05286725819900659,0.93,0.07133554159052242,0.0712227199459788,0.06812905382945139,0.0030936661165274,0,0,1.0010169792768395
6,Normal-Clayton (NC),sigma[1],200,1,200,200,-0.00596197276225659,0.91,0.05350353362535175,0.04839111594350954,0.05317032058565432,-0.00477920464214478,0,0,1.0010169792768395
6,Normal-Clayton (NC),sigma[2],200,1,200,200,-0.00129166399791731,0.93,0.05034175185929274,0.04860966491123827,0.05032517843365374,-0.00171551352241547,0,0,1.0010169792768395
6,Normal-Clayton (NC),theta,200,1,200,200,-0.00479719693796504,0.955,0.15809291567267386,0.16903248007530772,0.1580201154518802,0.01101236462342752,0,0,1.0010169792768395
6,Normal-Gaussian (NG),mu[1],200,1,200,200,-0.00520918626755933,0.935,0.07663251923302024,0.07117788779956712,0.0764552639288433,-0.00527737612927618,0,0,1.0008689641567796
6,Normal-Gaussian (NG),mu[2],200,1,200,200,0.00130300197888244,0.94,0.07706151184752323,0.07141007776418933,0.07705049509295181,-0.00564041732876248,0,0,1.0008689641567796
6,Normal-Gaussian (NG),phi11,200,1,200,200,-0.0414770755076599,0.935,0.0777044459842404,0.07566680872596611,0.0759126160719734,-2.458073460072929e-4,0,0,1.0008689641567796
6,Normal-Gaussian (NG),phi12,200,1,200,200,-0.06135062829059744,0.94,0.0790278875620678,0.07564131414696253,0.07878939025405844,-0.00314807610709591,0,0,1.0008689641567796
6,Normal-Gaussian (NG),phi21,200,1,200,200,0.06238080283100881,0.98,0.0709829074845704,0.07614776490193861,0.07070827044515138,0.00543949445678723,0,0,1.0008689641567796
6,Normal-Gaussian (NG),phi22,200,1,200,200,-0.06351529811730802,0.94,0.07731877282495508,0.07588230046871693,0.07302548689305763,0.00285681357565929,0,0,1.0008689641567796
6,Normal-Gaussian (NG),rho,200,1,200,0,NA,NA,NA,0.05425282044586177,0.0589040490052684,-0.00465122855940662,0,0,1.0008689641567796
6,Normal-Gaussian (NG),sigma[1],200,1,200,200,-0.00750399335498177,0.91,0.05556674075297866,0.05003746984968793,0.05505772208906875,-0.00502025223938082,0,0,1.0008689641567796
6,Normal-Gaussian (NG),sigma[2],200,1,200,200,-0.00305637177661642,0.935,0.052301343849644875,0.05026228349953218,0.05221196376350815,-0.00194968026397596,0,0,1.0008689641567796
7,Normal-Clayton (NC),mu[1],50,2,200,200,-0.01014036314877142,0.955,0.16283255057480492,0.1430631533718732,0.16251649935285783,-0.01945334598098463,0,0,1.0013760122071682
7,Normal-Clayton (NC),mu[2],50,2,200,200,0.00281776098470059,0.935,0.1586182379237869,0.14469158820995137,0.15859320800425272,-0.01390161979430135,0,0,1.0013760122071682
7,Normal-Clayton (NC),phi11,50,2,200,200,-0.2036825802433903,0.93,0.16060676085917627,0.1563321196762528,0.13840764673434708,0.01792447294190571,0,0,1.0013760122071682
7,Normal-Clayton (NC),phi12,50,2,200,200,0.03414673842319677,0.965,0.14830444024196485,0.15304328005736564,0.14826512401112102,0.00477815604624462,0,0,1.0013760122071682
7,Normal-Clayton (NC),phi21,50,2,200,200,-0.3652264819896171,0.97,0.14571001894171223,0.156631808542881,0.14105851902146505,0.01557328952141595,0,0,1.0013760122071682
7,Normal-Clayton (NC),phi22,50,2,200,200,-0.10361819096464572,0.99,0.14160252352223762,0.15320401988312446,0.1354008786827476,0.01780314120037685,0,0,1.0013760122071682
7,Normal-Clayton (NC),sigma[1],50,2,200,200,-0.00865765285222267,0.94,0.09539763752775184,0.0958141927409567,0.09500396988003568,8.102228609210282e-4,0,0,1.0013760122071682
7,Normal-Clayton (NC),sigma[2],50,2,200,200,0.00123946212434348,0.955,0.09208221563710062,0.09644265417674196,0.09207387344018832,0.00436878073655364,0,0,1.0013760122071682
7,Normal-Clayton (NC),theta,50,2,200,200,6.155110331121982e-5,0.955,0.570318628173729,0.5414966299370209,0.5703186148880386,-0.02882198495101773,0,0,1.0013760122071682
7,Normal-Gaussian (NG),mu[1],50,2,200,200,-0.02025718105914883,0.945,0.16736562850318015,0.1453921386601856,0.16613518657948825,-0.02074304791930265,0,0,1.0011925021953534
7,Normal-Gaussian (NG),mu[2],50,2,200,200,-0.0041793595459731,0.93,0.16292821931767237,0.1481262385322232,0.1628746069951146,-0.0147483684628914,0,0,1.0011925021953534
7,Normal-Gaussian (NG),phi11,50,2,200,200,-0.2285182935757761,0.94,0.17367382934976353,0.1686563724452539,0.14767295392591442,0.02098341851933946,0,0,1.0011925021953534
7,Normal-Gaussian (NG),phi12,50,2,200,200,0.03312503018739028,0.96,0.15680074359078933,0.165866283260133,0.15676575045071325,0.00910053280941974,0,0,1.0011925021953534
7,Normal-Gaussian (NG),phi21,50,2,200,200,-0.37348751785039547,0.98,0.15591147413518774,0.17204481299132313,0.15137192113171724,0.02067289185960588,0,0,1.0011925021953534
7,Normal-Gaussian (NG),phi22,50,2,200,200,-0.13101187204664275,0.975,0.1517908031195698,0.1679047695937578,0.14245767867313247,0.02544709092062533,0,0,1.0011925021953534
7,Normal-Gaussian (NG),rho,50,2,200,0,NA,NA,NA,0.084778520076704,0.09612470455681033,-0.01134618448010631,0,0,1.0011925021953534
7,Normal-Gaussian (NG),sigma[1],50,2,200,200,-0.01609289963414954,0.96,0.09872427481774695,0.1009203354219943,0.0974038039280562,0.0035165314939381,0,0,1.0011925021953534
7,Normal-Gaussian (NG),sigma[2],50,2,200,200,0.00364530152004898,0.94,0.09786327745481738,0.1029480418635039,0.0977953621140926,0.00515267974941129,0,0,1.0011925021953534
8,Normal-Clayton (NC),mu[1],100,2,200,200,0.01288524583834075,0.915,0.11113437432202482,0.10027093975041476,0.11038487032031814,-0.01011393056990338,0,0,1.0012154463069731
8,Normal-Clayton (NC),mu[2],100,2,200,200,0.00401714266311757,0.93,0.105779190620999,0.10024337863071996,0.1057028842239312,-0.00545950559321123,0,0,1.0012154463069731
8,Normal-Clayton (NC),phi11,100,2,200,200,-0.07230426425445516,0.98,0.0993399913372625,0.11153673357289,0.095036670912795,0.016500062660095,0,0,1.0012154463069731
8,Normal-Clayton (NC),phi12,100,2,200,200,-0.16163235964339498,0.965,0.10623428537295716,0.11112862599695532,0.10499749135986051,0.0061311346370948,0,0,1.0012154463069731
8,Normal-Clayton (NC),phi21,100,2,200,200,-0.08966948071243841,0.975,0.10550276022969862,0.11047572973067618,0.10512100769291025,0.00535472203776594,0,0,1.0012154463069731
8,Normal-Clayton (NC),phi22,100,2,200,200,-0.08226229382003208,0.945,0.10934900385168236,0.11049124154067257,0.10428073190110396,0.00621050963956859,0,0,1.0012154463069731
8,Normal-Clayton (NC),sigma[1],100,2,200,200,-0.00334977066090107,0.945,0.06447253283084288,0.06662143487150561,0.06438545275249277,0.00223598211901283,0,0,1.0012154463069731
8,Normal-Clayton (NC),sigma[2],100,2,200,200,-0.00351673609557895,0.945,0.0687045962015384,0.06656972160288688,0.06861453276420744,-0.00204481116132056,0,0,1.0012154463069731
8,Normal-Clayton (NC),theta,100,2,200,200,-0.0095590530262101,0.94,0.3622447462823807,0.3738355240761267,0.3617398985875829,0.01209562548854381,0,0,1.0012154463069731
8,Normal-Gaussian (NG),mu[1],100,2,200,200,0.00841421587953972,0.93,0.11368908814887453,0.1017423936196688,0.11337728932751508,-0.01163489570784628,0,0,1.0011748672813
8,Normal-Gaussian (NG),mu[2],100,2,200,200,-0.00124824459146263,0.945,0.10818373512070428,0.10213106081568891,0.10817653363880075,-0.00604547282311185,0,0,1.0011748672813
8,Normal-Gaussian (NG),phi11,100,2,200,200,-0.08604388142959549,0.955,0.11310940302935923,0.1234376767367432,0.10774585434541216,0.01569182239133101,0,0,1.0011748672813
8,Normal-Gaussian (NG),phi12,100,2,200,200,-0.17777360680031412,0.965,0.11575008121919149,0.12366875564198623,0.11437677539387749,0.00929198024810876,0,0,1.0011748672813
8,Normal-Gaussian (NG),phi21,100,2,200,200,-0.08887701212480748,0.955,0.11488253190786755,0.12436471947016738,0.11453822464452589,0.00982649482564149,0,0,1.0011748672813
8,Normal-Gaussian (NG),phi22,100,2,200,200,-0.10203551757108478,0.96,0.1218956460320093,0.1237427950535178,0.11485969278298214,0.00888310227053566,0,0,1.0011748672813
8,Normal-Gaussian (NG),rho,100,2,200,0,NA,NA,NA,0.05675974473434837,0.06417564127766719,-0.00741589654331881,0,0,1.0011748672813
8,Normal-Gaussian (NG),sigma[1],100,2,200,200,-0.00579741954211,0.925,0.07079746919780903,0.0711485697059004,0.07055970217813763,5.888675277627708e-4,0,0,1.0011748672813
8,Normal-Gaussian (NG),sigma[2],100,2,200,200,-0.00280354247026966,0.92,0.0740304225139505,0.07142973941608101,0.07397731819423724,-0.00254757877815622,0,0,1.0011748672813
9,Normal-Clayton (NC),mu[1],200,2,200,200,0.0061711562437701,0.92,0.0826212009662864,0.07052769698478858,0.08239041011990693,-0.01186271313511834,0,0,1.0012140574919228
9,Normal-Clayton (NC),mu[2],200,2,200,200,0.00774252290769858,0.925,0.07661374690487806,0.07058514107518275,0.07622151634432678,-0.00563637526914402,0,0,1.0012140574919228
9,Normal-Clayton (NC),phi11,200,2,200,200,-0.04777688325429256,0.98,0.07710935636028797,0.0788618874884834,0.07470362739880035,0.00415826008968305,0,0,1.0012140574919228
9,Normal-Clayton (NC),phi12,200,2,200,200,0.00975863269470377,0.98,0.07360678686925312,0.07885326411350534,0.0736003176901768,0.00525294642332853,0,0,1.0012140574919228
9,Normal-Clayton (NC),phi21,200,2,200,200,-0.0793175700480878,0.945,0.0783435518542931,0.07884556598984176,0.07794099914655303,9.04566843288726e-4,0,0,1.0012140574919228
9,Normal-Clayton (NC),phi22,200,2,200,200,-0.03582163790654495,0.975,0.07495324199296072,0.0789775170201646,0.07357090543473087,0.00540661158543373,0,0,1.0012140574919228
9,Normal-Clayton (NC),sigma[1],200,2,200,200,-0.0021335227140000302,0.955,0.04354378398179952,0.04662274470448595,0.04349148427315934,0.0031312604313266,0,0,1.0012140574919228
9,Normal-Clayton (NC),sigma[2],200,2,200,200,-0.00158970495642132,0.93,0.046933894857316,0.04667573755282638,0.04690696456422141,-2.3122701139503127e-4,0,0,1.0012140574919228
9,Normal-Clayton (NC),theta,200,2,200,200,-0.00563967831817539,0.91,0.29229688073854293,0.2620638791894241,0.29207917180681,-0.03001529261738589,0,0,1.0012140574919228
9,Normal-Gaussian (NG),mu[1],200,2,200,200,0.00331606300148547,0.91,0.08612932504667341,0.07141276832084284,0.08606546554318813,-0.01465269722234528,0,0,1.0010575941679656
9,Normal-Gaussian (NG),mu[2],200,2,200,200,0.00584529861043333,0.925,0.08024556482245562,0.07156986515371082,0.08003238818022235,-0.00846252302651152,0,0,1.0010575941679656
9,Normal-Gaussian (NG),phi11,200,2,200,200,-0.05842347728686257,0.95,0.08487454049552923,0.08923258980751356,0.08159386737127407,0.00763872243623948,0,0,1.0010575941679656
9,Normal-Gaussian (NG),phi12,200,2,200,200,0.0172536513970258,0.98,0.07823665093802612,0.08936065035794308,0.07821762375023447,0.0111430266077086,0,0,1.0010575941679656
9,Normal-Gaussian (NG),phi21,200,2,200,200,-0.06677392554942718,0.9250000000000002,0.08758480640376388,0.08958075149163157,0.08732989603481728,0.00225085545681429,0,0,1.0010575941679656
9,Normal-Gaussian (NG),phi22,200,2,200,200,-0.05951531614062995,0.975,0.08645410901998582,0.08957968622230106,0.08311186022216403,0.00646782600013702,0,0,1.0010575941679656
9,Normal-Gaussian (NG),rho,200,2,200,0,NA,NA,NA,0.03909516141149564,0.04806724241067987,-0.00897208099918423,0,0,1.0010575941679656
9,Normal-Gaussian (NG),sigma[1],200,2,200,200,-0.00367073123019404,0.96,0.04436743855280049,0.0502233287137228,0.04421532919669608,0.00600799951702672,0,0,1.0010575941679656
9,Normal-Gaussian (NG),sigma[2],200,2,200,200,-8.996897541181077e-4,0.96,0.05244314830883421,0.05027205689897137,0.05243543041578581,-0.00216337351681444,0,0,1.0010575941679656
10,Normal-Clayton (NC),mu[1],50,4,200,200,0.03245384941201509,0.915,0.16931629260393105,0.14086743315490838,0.16617687745135376,-0.02530944429644538,0,0,1.0016507256686356
10,Normal-Clayton (NC),mu[2],50,4,200,200,0.03204429689858863,0.905,0.17095333947035646,0.14054464335106132,0.1679232185028087,-0.02737857515174738,0,0,1.0016507256686356
10,Normal-Clayton (NC),phi11,50,4,200,200,-0.13733643095200354,0.985,0.14452306078268976,0.17099858745281182,0.13367538238335258,0.03732320506945924,0,0,1.0016507256686356
10,Normal-Clayton (NC),phi12,50,4,200,200,-0.22553569467409487,0.995,0.13725231600742852,0.16985946083940295,0.13538661216561168,0.03447284867379127,0,0,1.0016507256686356
10,Normal-Clayton (NC),phi21,50,4,200,200,-0.17846870756874733,0.975,0.13966442579363733,0.17046689405371415,0.13851946085822683,0.03194743319548732,0,0,1.0016507256686356
10,Normal-Clayton (NC),phi22,50,4,200,200,-0.155445916038119,0.985,0.1493367340659043,0.1715114286119252,0.13577669494947148,0.03573473366245372,0,0,1.0016507256686356
10,Normal-Clayton (NC),sigma[1],50,4,200,200,-0.01075574012326289,0.93,0.09413530164347562,0.09128929496616923,0.09351881666225774,-0.00222952169608849,0,0,1.0016507256686356
10,Normal-Clayton (NC),sigma[2],50,4,200,200,-0.01252209645341429,0.95,0.09063777196484017,0.09105994633905568,0.08976860702473753,0.00129133931431815,0,0,1.0016507256686356
10,Normal-Clayton (NC),theta,50,4,200,200,-0.06057334424861949,0.955,0.8348066812826996,0.8803229601337503,0.7988717760559867,0.08145118407776364,0,0,1.0016507256686356
10,Normal-Gaussian (NG),mu[1],50,4,200,200,0.01935736660717807,0.915,0.17725376779771826,0.1459723709644175,0.1761936166735978,-0.0302212457091803,0,0,1.001462521814122
10,Normal-Gaussian (NG),mu[2],50,4,200,200,0.01756618571647415,0.9,0.1788236896236153,0.1462044448898261,0.1779588185226499,-0.03175437363282379,0,0,1.001462521814122
10,Normal-Gaussian (NG),phi11,50,4,200,200,-0.1835810917232114,0.985,0.1680017147336975,0.19128860842558007,0.15110345262546743,0.04018515580011264,0,0,1.001462521814122
10,Normal-Gaussian (NG),phi12,50,4,200,200,-0.19522068231178616,0.98,0.15018046071778243,0.19209414323683452,0.14890621086234987,0.04318793237448465,0,0,1.001462521814122
10,Normal-Gaussian (NG),phi21,50,4,200,200,-0.07068026494664603,0.975,0.15928453463826067,0.19230518466004,0.15912764051665565,0.03317754414338436,0,0,1.001462521814122
10,Normal-Gaussian (NG),phi22,50,4,200,200,-0.23053730510150447,0.98,0.16978872568978431,0.19162804126458632,0.14256443990142337,0.04906360136316295,0,0,1.001462521814122
10,Normal-Gaussian (NG),rho,50,4,200,0,NA,NA,NA,0.0559467035919055,0.06284861793015517,-0.00690191433824966,0,0,1.001462521814122
10,Normal-Gaussian (NG),sigma[1],50,4,200,200,-0.00883036207683932,0.92,0.10524901316673112,0.10096881848848108,0.10487792655350628,-0.0039091080650252,0,0,1.001462521814122
10,Normal-Gaussian (NG),sigma[2],50,4,200,200,-0.00842780451880179,0.94,0.10221401835863383,0.10104504973726434,0.10186597891353127,-8.209291762669296e-4,0,0,1.001462521814122
11,Normal-Clayton (NC),mu[1],100,4,200,200,8.944527125150286e-5,0.945,0.10391678712563084,0.09918270347266928,0.1039167486310899,-0.00473404515842061,0,0,1.001563904980235
11,Normal-Clayton (NC),mu[2],100,4,200,200,-0.00366846280044088,0.955,0.10399489196127196,0.09917687282586175,0.10393016854945636,-0.00475329572359459,0,0,1.001563904980235
11,Normal-Clayton (NC),phi11,100,4,200,200,-0.04075970956201459,0.975,0.11364712063838434,0.1293554879035747,0.1124715581897162,0.01688392971385853,0,0,1.001563904980235
11,Normal-Clayton (NC),phi12,100,4,200,200,-0.1269378955064774,0.97,0.11647251277698993,0.12826340412409698,0.11577872835469367,0.0124846757694033,0,0,1.001563904980235
11,Normal-Clayton (NC),phi21,100,4,200,200,0.02102647056569471,0.98,0.11318989054712501,0.1294497210548562,0.11317035918218887,0.01627936187266732,0,0,1.001563904980235
11,Normal-Clayton (NC),phi22,100,4,200,200,-0.07234764385270008,0.97,0.11383646020515831,0.12849556053998712,0.11009664218619317,0.01839891835379396,0,0,1.001563904980235
11,Normal-Clayton (NC),sigma[1],100,4,200,200,0.00144808866404519,0.98,0.0573489069761757,0.06442266396962745,0.05733062157855188,0.00709204239107557,0,0,1.001563904980235
11,Normal-Clayton (NC),sigma[2],100,4,200,200,0.00101554919248101,0.955,0.05986293188940531,0.06433421145889508,0.05985431708935647,0.0044798943695386,0,0,1.001563904980235
11,Normal-Clayton (NC),theta,100,4,200,200,-0.01040801379737038,0.93,0.653217847094987,0.6383813465873641,0.6518898125788666,-0.01350846599150246,0,0,1.001563904980235
11,Normal-Gaussian (NG),mu[1],100,4,200,200,-0.0124936284518533,0.955,0.11307888454373703,0.10200407684994554,0.11238658006080109,-0.01038250321085552,0,0,1.0015526827751882
11,Normal-Gaussian (NG),mu[2],100,4,200,200,-0.01222578367067561,0.94,0.11286101068427501,0.10246935026596232,0.1121968713748912,-0.00972752110892888,0,0,1.0015526827751882
11,Normal-Gaussian (NG),phi11,100,4,200,200,-0.07929888589170347,0.97,0.12824839367953036,0.15038095695106665,0.1242639141214912,0.02611704282957544,0,0,1.0015526827751882
11,Normal-Gaussian (NG),phi12,100,4,200,200,-0.11598264091783855,0.96,0.1355403451100469,0.1496245765232202,0.13504319835744358,0.01458137816577662,0,0,1.0015526827751882
11,Normal-Gaussian (NG),phi21,100,4,200,200,0.1557615262122346,0.97,0.13755976977760995,0.15110379577632968,0.13667506623663808,0.01442872953969159,0,0,1.0015526827751882
11,Normal-Gaussian (NG),phi22,100,4,200,200,-0.12568595412356565,0.96,0.13745741335839942,0.1498410353333226,0.12793368218319098,0.02190735315013162,0,0,1.0015526827751882
11,Normal-Gaussian (NG),rho,100,4,200,0,NA,NA,NA,0.03456042111017292,0.04343734679868343,-0.00887692568851051,0,0,1.0015526827751882
11,Normal-Gaussian (NG),sigma[1],100,4,200,200,-7.486663827374494e-4,0.965,0.06611173585052361,0.07128162705144349,0.06610749666881033,0.00517413038263316,0,0,1.0015526827751882
11,Normal-Gaussian (NG),sigma[2],100,4,200,200,0.00360866050286648,0.97,0.06870792687381039,0.07154270830905443,0.06861309484837372,0.00292961346068071,0,0,1.0015526827751882
12,Normal-Clayton (NC),mu[1],200,4,200,200,9.063821219343728e-4,0.96,0.06503912844862136,0.06929790391798131,0.06503281249342754,0.00426509142455376,0,0,1.0015814226161983
12,Normal-Clayton (NC),mu[2],200,4,200,200,0.00322440507453168,0.965,0.06346872038066248,0.06936675372852927,0.06338676264547714,0.00597999108305212,0,0,1.0015814226161983
12,Normal-Clayton (NC),phi11,200,4,200,200,-0.01988339715681619,0.96,0.09263304368532105,0.09350099774643848,0.0922909793273822,0.00121001841905629,0,0,1.0015814226161983
12,Normal-Clayton (NC),phi12,200,4,200,200,-0.07148006659429358,0.96,0.08510024114161835,0.09368004347232486,0.08479951086626825,0.00888053260605661,0,0,1.0015814226161983
12,Normal-Clayton (NC),phi21,200,4,200,200,-0.02394491687269697,0.965,0.0890363332679855,0.09349834468556058,0.08900412940626619,0.00449421527929438,0,0,1.0015814226161983
12,Normal-Clayton (NC),phi22,200,4,200,200,-0.03502282437604057,0.96,0.084583401573494,0.09379084350277712,0.0834152030830049,0.0103756404197722,0,0,1.0015814226161983
12,Normal-Clayton (NC),sigma[1],200,4,200,200,-0.00406925850475589,0.97,0.042429147111412636,0.04479659272463512,0.04223356082339455,0.00256303190124057,0,0,1.0015814226161983
12,Normal-Clayton (NC),sigma[2],200,4,200,200,-0.00287747049387162,0.97,0.040933545277228645,0.04489078472370059,0.04083228247991809,0.0040585022437825,0,0,1.0015814226161983
12,Normal-Clayton (NC),theta,200,4,200,200,-0.00547919809372189,0.95,0.44524444974889077,0.4495508641147761,0.4447047045446996,0.00484615957007655,0,0,1.0015814226161983
12,Normal-Gaussian (NG),mu[1],200,4,200,200,-0.0018457259575535,0.965,0.06892131126792601,0.0713237563118088,0.06889659238728689,0.00242716392452191,0,0,1.00152119447462
12,Normal-Gaussian (NG),mu[2],200,4,200,200,-0.00123585423588553,0.97,0.06495776868066387,0.07106314221946076,0.0649460112422486,0.00611713097721217,0,0,1.00152119447462
12,Normal-Gaussian (NG),phi11,200,4,200,200,-0.04091073863473834,0.935,0.11438509467140232,0.11230422659759626,0.11320847899907184,-9.042524014755832e-4,0,0,1.00152119447462
12,Normal-Gaussian (NG),phi12,200,4,200,200,-0.07540551355835999,0.95,0.11056177294732182,0.11274139179571938,0.11030433229254934,0.00243705950317003,0,0,1.00152119447462
12,Normal-Gaussian (NG),phi21,200,4,200,200,-0.05198158581808287,0.955,0.10294273713085195,0.1119474427523005,0.10281141121174273,0.00913603154055778,0,0,1.00152119447462
12,Normal-Gaussian (NG),phi22,200,4,200,200,-0.0429496518436594,0.97,0.10219037415668376,0.11219337771413512,0.1007359169081434,0.01145746080599172,0,0,1.00152119447462
12,Normal-Gaussian (NG),rho,200,4,200,0,NA,NA,NA,0.02315862484010868,0.02731289716204395,-0.00415427232193527,0,0,1.00152119447462
12,Normal-Gaussian (NG),sigma[1],200,4,200,200,-1.3341360418463738e-4,0.965,0.046119672393969566,0.05021336497841581,0.04611947942613075,0.00409388555228505,0,0,1.00152119447462
12,Normal-Gaussian (NG),sigma[2],200,4,200,200,-0.00433190943881351,0.97,0.047464112268404586,0.04998168459309597,0.047266018597314,0.00271566599578197,0,0,1.00152119447462
13,Normal-Clayton (NC),mu[1],50,8,200,200,0.04275249924615691,0.97,0.14502022162912614,0.13628412507905838,0.1385752087841408,-0.0022910837050824,0,0,1.0019011416161985
13,Normal-Clayton (NC),mu[2],50,8,200,200,0.04204011522599125,0.92,0.15103109337207293,0.1362958037568428,0.1450621241983902,-0.0087663204415474,0,0,1.0019011416161985
13,Normal-Clayton (NC),phi11,50,8,200,200,-0.07295506019332197,1,0.14131431446732542,0.1938566052367676,0.13826838013125178,0.05558822510551581,0,0,1.0019011416161985
13,Normal-Clayton (NC),phi12,50,8,200,200,-0.28129128831700656,0.99,0.14949941508139516,0.19324622581981685,0.14682924511434658,0.04641698070547026,0,0,1.0019011416161985
13,Normal-Clayton (NC),phi21,50,8,200,200,-0.05240689232433231,1,0.14564964457855664,0.19325259460066177,0.1455553301745729,0.04769726442608885,0,0,1.0019011416161985
13,Normal-Clayton (NC),phi22,50,8,200,200,-0.13412088108653214,0.985,0.1576300084640912,0.19298664843248575,0.14821968104621272,0.04476696738627303,0,0,1.0019011416161985
13,Normal-Clayton (NC),sigma[1],50,8,200,200,-0.01791045865729918,0.93,0.09330760138662333,0.08823281341289298,0.09157250650282632,-0.00333969308993335,0,0,1.0019011416161985
13,Normal-Clayton (NC),sigma[2],50,8,200,200,-0.01710872880009561,0.91,0.09408263863829153,0.08823724295178993,0.09251396809124623,-0.00427672513945631,0,0,1.0019011416161985
13,Normal-Clayton (NC),theta,50,8,200,200,-0.0630048576093862,0.93,1.671025970904713,1.5895981372562007,1.593195726257694,-0.00359758900149342,0,0,1.0019011416161985
13,Normal-Gaussian (NG),mu[1],50,8,200,200,0.0181062985460135,0.965,0.15388240672650913,0.1441536234655882,0.15281347143791155,-0.00865984797232335,0,0,1.0017358735789974
13,Normal-Gaussian (NG),mu[2],50,8,200,200,0.0132234790594183,0.935,0.15870824134189712,0.1436373926269058,0.15815639560701614,-0.01451900298011033,0,0,1.0017358735789974
13,Normal-Gaussian (NG),phi11,50,8,200,200,-0.19009223707622597,1,0.17318466240537284,0.21665210941539537,0.15559986477179183,0.06105224464360354,0,0,1.0017358735789974
13,Normal-Gaussian (NG),phi12,50,8,200,200,-0.1546214335094056,0.99,0.16484640961469613,0.21768526720237752,0.16411965417295743,0.05356561302942009,0,0,1.0017358735789974
13,Normal-Gaussian (NG),phi21,50,8,200,200,-0.1404033714433986,1,0.16022844359499,0.2166216534391272,0.15961210189000757,0.05700955154911963,0,0,1.0017358735789974
13,Normal-Gaussian (NG),phi22,50,8,200,200,-0.18980194244522888,0.99,0.17451417588303153,0.21628360278113892,0.1571344430962752,0.05914915968486373,0,0,1.0017358735789974
13,Normal-Gaussian (NG),rho,50,8,200,0,NA,NA,NA,0.02902985003176606,0.04057077058329762,-0.01154092055153156,0,0,1.0017358735789974
13,Normal-Gaussian (NG),sigma[1],50,8,200,200,-0.01051607505217129,0.94,0.1001796055448978,0.1006327372557532,0.09962612876463894,0.00100660849111426,0,0,1.0017358735789974
13,Normal-Gaussian (NG),sigma[2],50,8,200,200,-0.01382498853935877,0.935,0.10286784430879257,0.1002906313179908,0.1019346019986569,-0.0016439706806661,0,0,1.0017358735789974
14,Normal-Clayton (NC),mu[1],100,8,200,200,0.02063012528072095,0.96,0.09610825672067376,0.09666075985394015,0.09386796546633304,0.00279279438760711,0,0,1.0017684728764176
14,Normal-Clayton (NC),mu[2],100,8,200,200,0.02210193734154372,0.94,0.09945681993410754,0.09674109517911546,0.09696990975120048,-2.288145720850121e-4,0,0,1.0017684728764176
14,Normal-Clayton (NC),phi11,100,8,200,200,-0.04892197550433933,0.975,0.12951733725608974,0.1549386557477612,0.12803047723080682,0.02690817851695437,0,0,1.0017684728764176
14,Normal-Clayton (NC),phi12,100,8,200,200,-0.05763888268478613,0.985,0.1282399099662704,0.1550150049423614,0.12811031223201994,0.02690469271034146,0,0,1.0017684728764176
14,Normal-Clayton (NC),phi21,100,8,200,200,-0.11722159995487472,0.97,0.12723927301890658,0.1545771557873202,0.12669815927400066,0.02787899651331954,0,0,1.0017684728764176
14,Normal-Clayton (NC),phi22,100,8,200,200,-0.03554187852125554,0.985,0.1269733563503289,0.15476278131108748,0.1261749468090098,0.02858783450207769,0,0,1.0017684728764176
14,Normal-Clayton (NC),sigma[1],100,8,200,200,-0.00500167765540194,0.94,0.061030166767270994,0.06245778083974018,0.0608248672524023,0.00163291358733787,0,0,1.0017684728764176
14,Normal-Clayton (NC),sigma[2],100,8,200,200,-0.00417877747055566,0.94,0.05941611221842418,0.06258639518967105,0.05926898185395082,0.00331741333572022,0,0,1.0017684728764176
14,Normal-Clayton (NC),theta,100,8,200,200,-0.03271693104427848,0.94,1.1187749713016413,1.1374600980967469,1.0877279032395002,0.04973219485724667,0,0,1.0017684728764176
14,Normal-Gaussian (NG),mu[1],100,8,200,200,0.00603729253817846,0.95,0.09983201736526535,0.10125249205647809,0.099649298994158,0.00160319306232009,0,0,1.0017995718623591
14,Normal-Gaussian (NG),mu[2],100,8,200,200,0.00636428577308648,0.94,0.10352924368920258,0.10128987155175335,0.1033334416607556,-0.00204357010900224,0,0,1.0017995718623591
14,Normal-Gaussian (NG),phi11,100,8,200,200,-0.11179725945355888,0.985,0.14556240681419805,0.17982028270160724,0.13852304473310523,0.04129723796850201,0,0,1.0017995718623591
14,Normal-Gaussian (NG),phi12,100,8,200,200,0.09378850408376856,0.99,0.14299919331251243,0.1803717088225336,0.14269129774813386,0.03768041107439973,0,0,1.0017995718623591
14,Normal-Gaussian (NG),phi21,100,8,200,200,-0.1462487960952536,0.98,0.14073278608744377,0.1799857650043315,0.13997081830274874,0.04001494670158276,0,0,1.0017995718623591
14,Normal-Gaussian (NG),phi22,100,8,200,200,-0.06244194862511013,0.985,0.14064949515896644,0.180109264139624,0.13841402015972218,0.04169524397990182,0,0,1.0017995718623591
14,Normal-Gaussian (NG),rho,100,8,200,0,NA,NA,NA,0.01796095549203591,0.02407760792402616,-0.00611665243199025,0,0,1.0017995718623591
14,Normal-Gaussian (NG),sigma[1],100,8,200,200,-0.00411205568576911,0.945,0.07160005146698653,0.0709798359984107,0.07148187440262219,-5.0203840421148e-4,0,0,1.0017995718623591
14,Normal-Gaussian (NG),sigma[2],100,8,200,200,-0.00427681190258208,0.93,0.0698844804175198,0.07093466420411136,0.06975349083147481,0.00118117337263655,0,0,1.0017995718623591
15,Normal-Clayton (NC),mu[1],200,8,200,200,0.01161342248986872,0.96,0.06573196829959897,0.06848681439565771,0.0646979139896434,0.0037889004060143,0,0,1.00175725487402
15,Normal-Clayton (NC),mu[2],200,8,200,200,0.01185965479326834,0.95,0.06639807751990837,0.06848544076566253,0.06533033970923668,0.00315510105642584,0,0,1.00175725487402
15,Normal-Clayton (NC),phi11,200,8,200,200,-0.03786844129157752,0.98,0.09978796218489755,0.11839474382807204,0.09863160944483244,0.01976313438323961,0,0,1.00175725487402
15,Normal-Clayton (NC),phi12,200,8,200,200,0.04123538979918623,0.99,0.1003249691561584,0.1183167624490759,0.10024019085409418,0.01807657159498171,0,0,1.00175725487402
15,Normal-Clayton (NC),phi21,200,8,200,200,-0.11927037293945392,0.99,0.09707327574234412,0.11837680158370432,0.0963377737169487,0.02203902786675563,0,0,1.00175725487402
15,Normal-Clayton (NC),phi22,200,8,200,200,0.00270583508799077,0.99,0.10036809768922748,0.1184777992195986,0.10036226176601724,0.01811553745358136,0,0,1.00175725487402
15,Normal-Clayton (NC),sigma[1],200,8,200,200,-0.00439051596583385,0.94,0.04296083619607115,0.0438596480544597,0.04273589610876804,0.00112375194569165,0,0,1.00175725487402
15,Normal-Clayton (NC),sigma[2],200,8,200,200,-0.00437979353887933,0.965,0.042047254106219574,0.04383206313373987,0.04181852444108699,0.00201353869265287,0,0,1.00175725487402
15,Normal-Clayton (NC),theta,200,8,200,200,-0.02034384262593363,0.96,0.7967183929579095,0.8113692334797196,0.7799181969789868,0.03145103650073277,0,0,1.00175725487402
15,Normal-Gaussian (NG),mu[1],200,8,200,200,0.00141357938972758,0.945,0.0668108104344935,0.07091320517487638,0.06679585454369727,0.00411735063117911,0,0,1.001699419661034
15,Normal-Gaussian (NG),mu[2],200,8,200,200,0.00193831910229909,0.945,0.07187310968294286,0.07101361866150062,0.0718469680261735,-8.333493646728862e-4,0,0,1.001699419661034
15,Normal-Gaussian (NG),phi11,200,8,200,200,-0.05451543469440142,0.985,0.11121418613068276,0.1442280377965468,0.10905542617184633,0.03517261162470048,0,0,1.001699419661034
15,Normal-Gaussian (NG),phi12,200,8,200,200,0.05524937763107633,0.975,0.1137916150912513,0.14429492386200224,0.11365740947157504,0.03063751439042721,0,0,1.001699419661034
15,Normal-Gaussian (NG),phi21,200,8,200,200,-0.01019794934812381,0.98,0.11302348672478353,0.14448426838284517,0.11301888589841191,0.03146538248443324,0,0,1.001699419661034
15,Normal-Gaussian (NG),phi22,200,8,200,200,-0.0447426135188567,0.975,0.11511092433293349,0.14436167006380984,0.11371112815579087,0.03065054190801895,0,0,1.001699419661034
15,Normal-Gaussian (NG),rho,200,8,200,0,NA,NA,NA,0.01197022767819705,0.01584094129264984,-0.00387071361445278,0,0,1.001699419661034
15,Normal-Gaussian (NG),sigma[1],200,8,200,200,-0.00601601528916215,0.96,0.04904931514853882,0.04988770475784645,0.04867897776844998,0.00120872698939646,0,0,1.001699419661034
15,Normal-Gaussian (NG),sigma[2],200,8,200,200,-0.00496988183645578,0.96,0.04751592103613513,0.04996915116254715,0.04725529627929441,0.00271385488325273,0,0,1.001699419661034
