condition_id,Model,param,T,theta,VARset,N_valid,N_truth_avail,mean_bias,mean_rel_bias,coverage_95,RMSE,mean_post_sd,emp_sd,sd_bias,mean_n_div,prop_div,mean_rhat
1,NC (Clayton copula),mu[1],50,0.5,A,200,200,-0.0060833076847203,-0.0060833076847203,0.915,0.15742518234976782,0.14946079242610266,0.15730760123233292,-0.00784680880623026,0,0,1.0013570634859923
1,NC (Clayton copula),mu[2],50,0.5,A,200,200,-0.020326111616565182,-0.020326111616565182,0.955,0.14650029933923053,0.14968093315157732,0.1450833791067574,0.00459755404481992,0,0,1.0013570634859923
1,NC (Clayton copula),phi11,50,0.5,A,200,200,-0.07659308256453466,-0.19148270641133663,0.94,0.14530606768531565,0.13731725973469486,0.12348017253564196,0.01383708719905289,0,0,1.0013570634859923
1,NC (Clayton copula),phi12,50,0.5,A,200,200,-2.6013019074720847e-4,-0.00260130190747208,0.96,0.12584622289391842,0.13595553808054292,0.1258459540428283,0.01010958403771461,0,0,1.0013570634859923
1,NC (Clayton copula),phi21,50,0.5,A,200,200,-0.03370846928304284,-0.33708469283042836,0.93,0.1490238778927343,0.13779234134355176,0.1451614800171958,-0.00736913867364405,0,0,1.0013570634859923
1,NC (Clayton copula),phi22,50,0.5,A,200,200,-0.046591142270558,-0.116477855676395,0.92,0.14703090703549032,0.13541601082882404,0.13945376683906255,-0.0040377560102385,0,0,1.0013570634859923
1,NC (Clayton copula),sigma[1],50,0.5,A,200,200,0.01737346606737676,0.01737346606737676,0.975,0.09836253668859435,0.1052497659434352,0.09681606943385368,0.00843369650958152,0,0,1.0013570634859923
1,NC (Clayton copula),sigma[2],50,0.5,A,200,200,0.02046517325327265,0.02046517325327265,0.94,0.1044934336018733,0.10560357271158186,0.10246977285825629,0.00313379985332558,0,0,1.0013570634859923
1,NC (Clayton copula),theta,50,0.5,A,200,200,0.06603307433795014,0.13206614867590027,0.985,0.21591739961699333,0.23841728152994884,0.2055722660060037,0.03284501552394514,0,0,1.0013570634859923
1,NG (Gaussian copula),mu[1],50,0.5,A,200,200,0.00399982691760675,0.00399982691760675,0.935,0.1581886598782128,0.149871750753103,0.15813808364430776,-0.00826633289120476,0,0,1.0011989297014208
1,NG (Gaussian copula),mu[2],50,0.5,A,200,200,-0.01002764156543298,-0.01002764156543298,0.945,0.14670125737475975,0.15040422228208625,0.14635814060027785,0.00404608168180839,0,0,1.0011989297014208
1,NG (Gaussian copula),phi11,50,0.5,A,200,200,-0.0786476398684755,-0.1966190996711887,0.94,0.14967970510403883,0.1399391273559876,0.12735212154946854,0.01258700580651905,0,0,1.0011989297014208
1,NG (Gaussian copula),phi12,50,0.5,A,200,200,0.00429648763529895,0.0429648763529895,0.965,0.13048277919293527,0.13903195626729925,0.13041202344842298,0.00861993281887627,0,0,1.0011989297014208
1,NG (Gaussian copula),phi21,50,0.5,A,200,200,-0.02970342076071315,-0.2970342076071315,0.925,0.15040771839987652,0.14113281041641143,0.14744554435237636,-0.00631273393596493,0,0,1.0011989297014208
1,NG (Gaussian copula),phi22,50,0.5,A,200,200,-0.04628406329487414,-0.11571015823718536,0.93,0.14458102496685601,0.13846406714055673,0.13697247265557677,0.00149159448497995,0,0,1.0011989297014208
1,NG (Gaussian copula),rho,50,0.5,A,200,0,NA,NA,NA,NA,0.12703669892513125,0.13480712480282864,-0.00777042587769741,0,0,1.0011989297014208
1,NG (Gaussian copula),sigma[1],50,0.5,A,200,200,0.01360725553020109,0.01360725553020109,0.955,0.10357145210451488,0.10624195541850907,0.10267369813137944,0.00356825728712965,0,0,1.0011989297014208
1,NG (Gaussian copula),sigma[2],50,0.5,A,200,200,0.01570615176659341,0.01570615176659341,0.945,0.10359326232896883,0.1065632348843784,0.10239570692486716,0.00416752795951122,0,0,1.0011989297014208
2,NC (Clayton copula),mu[1],100,0.5,A,200,200,0.01295546077478925,0.01295546077478925,0.935,0.11185345964338657,0.10384585507910196,0.1111006411786521,-0.00725478609955013,0,0,1.0012114239881695
2,NC (Clayton copula),mu[2],100,0.5,A,200,200,0.01129265722534905,0.01129265722534905,0.935,0.11081783111493317,0.10316192236229746,0.1102409523988641,-0.00707903003656663,0,0,1.0012114239881695
2,NC (Clayton copula),phi11,100,0.5,A,200,200,-0.04718278630095858,-0.11795696575239643,0.915,0.11274796527786517,0.09591330971114286,0.10240062671281248,-0.00648731700166962,0,0,1.0012114239881695
2,NC (Clayton copula),phi12,100,0.5,A,200,200,0.00134254547845888,0.0134254547845888,0.95,0.09927162192134176,0.09679006045327372,0.0992625432402983,-0.00247248278702458,0,0,1.0012114239881695
2,NC (Clayton copula),phi21,100,0.5,A,200,200,-0.01172756457472287,-0.11727564574722874,0.965,0.09893027271219608,0.0959729412645142,0.09823269867032663,-0.00225975740581242,0,0,1.0012114239881695
2,NC (Clayton copula),phi22,100,0.5,A,200,200,-0.03775500555503278,-0.09438751388758194,0.955,0.09608965078896677,0.09606248141273716,0.08836164634209248,0.00770083507064467,0,0,1.0012114239881695
2,NC (Clayton copula),sigma[1],100,0.5,A,200,200,0.01424287777444183,0.01424287777444183,0.925,0.07670446012111778,0.07263246492967254,0.07537051568865945,-0.0027380507589869,0,0,1.0012114239881695
2,NC (Clayton copula),sigma[2],100,0.5,A,200,200,0.00862500824604223,0.00862500824604223,0.95,0.07109941074096895,0.07214888851667156,0.0705743256465743,0.00157456287009725,0,0,1.0012114239881695
2,NC (Clayton copula),theta,100,0.5,A,200,200,0.03458860754777716,0.06917721509555431,0.96,0.1766887110214823,0.1717275371270021,0.17327010368306106,-0.00154256655605897,0,0,1.0012114239881695
2,NG (Gaussian copula),mu[1],100,0.5,A,200,200,0.01873204700869532,0.01873204700869532,0.94,0.11361424287332628,0.1037815642762324,0.11205938871216102,-0.00827782443592863,0,0,1.0010684649864765
2,NG (Gaussian copula),mu[2],100,0.5,A,200,200,0.01722276458901013,0.01722276458901013,0.935,0.1129063694065137,0.1032285294715692,0.1115850555964896,-0.00835652612492041,0,0,1.0010684649864765
2,NG (Gaussian copula),phi11,100,0.5,A,200,200,-0.04679512889310151,-0.11698782223275378,0.93,0.1143414395020649,0.09852504555953112,0.10432727687082792,-0.00580223131129681,0,0,1.0010684649864765
2,NG (Gaussian copula),phi12,100,0.5,A,200,200,-9.244496641906483e-5,-9.244496641906482e-4,0.95,0.10065446376057181,0.0992878848575477,0.10065442130804016,-0.00136653645049246,0,0,1.0010684649864765
2,NG (Gaussian copula),phi21,100,0.5,A,200,200,-0.01152746348960501,-0.11527463489605008,0.975,0.10012555498882851,0.09842716071584372,0.09945976245355076,-0.00103260173770702,0,0,1.0010684649864765
2,NG (Gaussian copula),phi22,100,0.5,A,200,200,-0.04038084987041675,-0.10095212467604188,0.955,0.09966815964013079,0.0986772217902438,0.09112150684549428,0.00755571494474952,0,0,1.0010684649864765
2,NG (Gaussian copula),rho,100,0.5,A,200,0,NA,NA,NA,NA,0.08999796110275225,0.09634953511397068,-0.00635157401121841,0,0,1.0010684649864765
2,NG (Gaussian copula),sigma[1],100,0.5,A,200,200,0.01045226363446207,0.01045226363446207,0.935,0.07704870267290634,0.07311206557256164,0.07633644456282744,-0.0032243789902658,0,0,1.0010684649864765
2,NG (Gaussian copula),sigma[2],100,0.5,A,200,200,0.00592033163301077,0.00592033163301077,0.945,0.07267102450776361,0.07286779859926072,0.07242946552586972,4.383330733910007e-4,0,0,1.0010684649864765
3,NC (Clayton copula),mu[1],200,0.5,A,200,200,-0.00366706114559488,-0.00366706114559488,0.945,0.07716245557031863,0.07174812921806893,0.07707526978347766,-0.00532714056540872,0,0,1.0010879241196218
3,NC (Clayton copula),mu[2],200,0.5,A,200,200,0.001213324496197,0.001213324496197,0.97,0.06821629770565826,0.07166467094968906,0.0682055064956923,0.00345916445399675,0,0,1.0010879241196218
3,NC (Clayton copula),phi11,200,0.5,A,200,200,-0.01508011643999393,-0.03770029109998484,0.97,0.06172895113429028,0.0674907965390118,0.05985861254903777,0.00763218398997402,0,0,1.0010879241196218
3,NC (Clayton copula),phi12,200,0.5,A,200,200,0.00225560079283271,0.02255600792832713,0.93,0.06841356695628402,0.06779281067860772,0.06837637317630506,-5.835624976973375e-4,0,0,1.0010879241196218
3,NC (Clayton copula),phi21,200,0.5,A,200,200,-0.00178496603051911,-0.01784966030519113,0.965,0.06389721405094473,0.06734615431519961,0.06387227770905106,0.00347387660614854,0,0,1.0010879241196218
3,NC (Clayton copula),phi22,200,0.5,A,200,200,-0.01585125761083397,-0.03962814402708493,0.94,0.06942994313113822,0.06747938360121358,0.06759626199242133,-1.1687839120774755e-4,0,0,1.0010879241196218
3,NC (Clayton copula),sigma[1],200,0.5,A,200,200,0.00527620821106914,0.00527620821106914,0.94,0.0532005229771339,0.05005796319256792,0.05293824016676413,-0.00288027697419621,0,0,1.0010879241196218
3,NC (Clayton copula),sigma[2],200,0.5,A,200,200,0.00522158592614589,0.00522158592614589,0.93,0.05008697607674457,0.05025960322937112,0.0498140563789806,4.455468503905269e-4,0,0,1.0010879241196218
3,NC (Clayton copula),theta,200,0.5,A,200,200,0.02111721606165104,0.04223443212330209,0.965,0.11720321060321952,0.1231045927492028,0.11528510641669276,0.00781948633251006,0,0,1.0010879241196218
3,NG (Gaussian copula),mu[1],200,0.5,A,200,200,-0.00161159948804704,-0.00161159948804704,0.935,0.07725449584033323,0.07187224186974267,0.07723768429098707,-0.00536544242124439,0,0,1.0010435347814808
3,NG (Gaussian copula),mu[2],200,0.5,A,200,200,0.00370705451887303,0.00370705451887303,0.965,0.06873185137960201,0.07191482633320706,0.06863180852098975,0.0032830178122173,0,0,1.0010435347814808
3,NG (Gaussian copula),phi11,200,0.5,A,200,200,-0.01457020701706022,-0.03642551754265055,0.965,0.06348858262255999,0.06944803710313376,0.06179408702215476,0.00765395008097899,0,0,1.0010435347814808
3,NG (Gaussian copula),phi12,200,0.5,A,200,200,0.00118663518069905,0.01186635180699057,0.93,0.06881359915131234,0.0697850487700591,0.06880336710587223,9.816816641868703e-4,0,0,1.0010435347814808
3,NG (Gaussian copula),phi21,200,0.5,A,200,200,-9.455974352829392e-4,-0.00945597435282938,0.975,0.06400669150423446,0.06949543766053484,0.06399970627126836,0.00549573138926648,0,0,1.0010435347814808
3,NG (Gaussian copula),phi22,200,0.5,A,200,200,-0.01735906116796694,-0.04339765291991736,0.935,0.07128167976910506,0.06948153914593945,0.06913566999799758,3.4586914794186574e-4,0,0,1.0010435347814808
3,NG (Gaussian copula),rho,200,0.5,A,200,0,NA,NA,NA,NA,0.0633850203597377,0.07103985016735002,-0.00765482980761232,0,0,1.0010435347814808
3,NG (Gaussian copula),sigma[1],200,0.5,A,200,200,0.00412384300388565,0.00412384300388565,0.935,0.054618598520809976,0.05080224118876363,0.05446269570317585,-0.00366045451441222,0,0,1.0010435347814808
3,NG (Gaussian copula),sigma[2],200,0.5,A,200,200,0.00351781139345732,0.00351781139345732,0.935,0.05081663929709689,0.05074900441891288,0.05069473180174952,5.427261716336312e-5,0,0,1.0010435347814808
4,NC (Clayton copula),mu[1],50,1,A,200,200,0.013426311743389,0.013426311743389,0.925,0.16835739375101774,0.1474093837093085,0.1678211732279469,-0.02041178951863839,0,0,1.001625872861339
4,NC (Clayton copula),mu[2],50,1,A,200,200,0.00821772132886923,0.00821772132886923,0.93,0.16773267906466158,0.14792557320205765,0.1675312528526239,-0.01960567965056628,0,0,1.001625872861339
4,NC (Clayton copula),phi11,50,1,A,200,200,-0.07023869077616382,-0.17559672694040954,0.965,0.14109252944700287,0.14368654736100683,0.1223667772878072,0.02131977007319964,0,0,1.001625872861339
4,NC (Clayton copula),phi12,50,1,A,200,200,0.00860774472081269,0.08607744720812695,0.98,0.131238976649577,0.1434806700922173,0.13095638862938128,0.01252428146283601,0,0,1.001625872861339
4,NC (Clayton copula),phi21,50,1,A,200,200,-0.001905311657131,-0.01905311657131006,0.965,0.13986626554551032,0.145021353375204,0.13985328750206916,0.00516806587313484,0,0,1.001625872861339
4,NC (Clayton copula),phi22,50,1,A,200,200,-0.07886428781940048,-0.1971607195485012,0.955,0.15435371662666775,0.1447597520392001,0.1326856960761197,0.01207405596308039,0,0,1.001625872861339
4,NC (Clayton copula),sigma[1],50,1,A,200,200,0.00251198629338714,0.00251198629338714,0.955,0.09720960639231405,0.10129264240425216,0.09717714494576622,0.00411549745848592,0,0,1.001625872861339
4,NC (Clayton copula),sigma[2],50,1,A,200,200,0.00523421497246171,0.00523421497246171,0.98,0.09588093061022399,0.10130637012179453,0.09573795406370791,0.00556841605808658,0,0,1.001625872861339
4,NC (Clayton copula),theta,50,1,A,200,200,-0.01329238069494411,-0.01329238069494411,0.975,0.3186023292754968,0.3410997753091985,0.31832492336484236,0.02277485194435613,0,0,1.001625872861339
4,NG (Gaussian copula),mu[1],50,1,A,200,200,0.01400401776558215,0.01400401776558215,0.92,0.17382574373718082,0.1482702996911115,0.1732607187801243,-0.02499041908901281,0,0,1.0014292712758164
4,NG (Gaussian copula),mu[2],50,1,A,200,200,0.01036191823182988,0.01036191823182988,0.915,0.17172651518966667,0.14917339013575415,0.17141361284840737,-0.02224022271265319,0,0,1.0014292712758164
4,NG (Gaussian copula),phi11,50,1,A,200,200,-0.08066027085162635,-0.20165067712906584,0.96,0.15163207568881665,0.14991802380617622,0.12839862570853824,0.02151939809763797,0,0,1.0014292712758164
4,NG (Gaussian copula),phi12,50,1,A,200,200,0.0112765550321871,0.112765550321871,0.965,0.1363541064560967,0.15037162762013037,0.13588701797466382,0.01448460964546655,0,0,1.0014292712758164
4,NG (Gaussian copula),phi21,50,1,A,200,200,-0.00487509949407845,-0.04875099494078454,0.97,0.14452099056139903,0.1515822112025531,0.14443874174808788,0.00714346945446522,0,0,1.0014292712758164
4,NG (Gaussian copula),phi22,50,1,A,200,200,-0.08483185795093427,-0.2120796448773357,0.965,0.16174038960306017,0.1507857826748695,0.13770805897093388,0.01307772370393561,0,0,1.0014292712758164
4,NG (Gaussian copula),rho,50,1,A,200,0,NA,NA,NA,NA,0.11277227101330956,0.1255856728705869,-0.01281340185727733,0,0,1.0014292712758164
4,NG (Gaussian copula),sigma[1],50,1,A,200,200,-0.00285240981568356,-0.00285240981568356,0.94,0.10013415687957167,0.10349638583065116,0.10009352192937394,0.00340286390127722,0,0,1.0014292712758164
4,NG (Gaussian copula),sigma[2],50,1,A,200,200,0.00356194694654544,0.00356194694654544,0.97,0.09953617065694415,0.10409646984577518,0.09947241729745138,0.0046240525483238,0,0,1.0014292712758164
5,NC (Clayton copula),mu[1],100,1,A,200,200,-0.00283058344641768,-0.00283058344641768,0.925,0.10922267343443473,0.10201964222880185,0.10918598897989631,-0.00716634675109448,0,0,1.0014473089791565
5,NC (Clayton copula),mu[2],100,1,A,200,200,0.0014736163604163,0.0014736163604163,0.92,0.1094621272689317,0.10223638820445828,0.10945220765732463,-0.00721581945286638,0,0,1.0014473089791565
5,NC (Clayton copula),phi11,100,1,A,200,200,-0.02347836864163623,-0.05869592160409057,0.97,0.09404959847442537,0.10022712157051789,0.09107191213062382,0.00915520943989406,0,0,1.0014473089791565
5,NC (Clayton copula),phi12,100,1,A,200,200,-4.4271355864876675e-4,-0.00442713558648766,0.945,0.09503849550443207,0.1005183890226918,0.09503746436248676,0.00548092466020505,0,0,1.0014473089791565
5,NC (Clayton copula),phi21,100,1,A,200,200,-0.00452683420190666,-0.04526834201906666,0.94,0.10361294119591252,0.10046443697987194,0.10351400560009295,-0.00304956862022103,0,0,1.0014473089791565
5,NC (Clayton copula),phi22,100,1,A,200,200,-0.03502983957333421,-0.08757459893333551,0.97,0.09720457529217424,0.10093717188201552,0.09067325844590808,0.01026391343610744,0,0,1.0014473089791565
5,NC (Clayton copula),sigma[1],100,1,A,200,200,0.00379070255977355,0.00379070255977355,0.965,0.07007700360121982,0.06987187293169804,0.06997440251855461,-1.0252958685656732e-4,0,0,1.0014473089791565
5,NC (Clayton copula),sigma[2],100,1,A,200,200,0.00580843053487654,0.00580843053487654,0.945,0.07266238892344551,0.06999600333203021,0.07242986192713313,-0.00243385859510292,0,0,1.0014473089791565
5,NC (Clayton copula),theta,100,1,A,200,200,-0.02395610768716072,-0.02395610768716072,0.955,0.22204677881088494,0.2382004897286094,0.22075071208213853,0.01744977764647087,0,0,1.0014473089791565
5,NG (Gaussian copula),mu[1],100,1,A,200,200,-0.00221574547032732,-0.00221574547032732,0.92,0.10973046234856777,0.10284691453598652,0.10970808921515848,-0.00686117467917193,0,0,1.00126774749888
5,NG (Gaussian copula),mu[2],100,1,A,200,200,0.00216328245414976,0.00216328245414976,0.92,0.11206343440258054,0.10305362725103227,0.1120425523590258,-0.00898892510799352,0,0,1.00126774749888
5,NG (Gaussian copula),phi11,100,1,A,200,200,-0.02986488312622502,-0.07466220781556256,0.96,0.10360850526563391,0.10605218497615276,0.09921094253778567,0.00684124243836706,0,0,1.00126774749888
5,NG (Gaussian copula),phi12,100,1,A,200,200,0.00319343299437713,0.03193432994377133,0.945,0.10662254016122635,0.10673163363973504,0.1065747064558132,1.5692718392183724e-4,0,0,1.00126774749888
5,NG (Gaussian copula),phi21,100,1,A,200,200,-0.00757251789387963,-0.07572517893879638,0.94,0.11105503499605099,0.1063498622524114,0.11079656028379664,-0.00444669803138522,0,0,1.00126774749888
5,NG (Gaussian copula),phi22,100,1,A,200,200,-0.03387716924758011,-0.08469292311895026,0.97,0.10377464934630741,0.106594355175937,0.09808932281711336,0.00850503235882364,0,0,1.00126774749888
5,NG (Gaussian copula),rho,100,1,A,200,0,NA,NA,NA,NA,0.07781666652987573,0.07856549955349139,-7.488330236156554e-4,0,0,1.00126774749888
5,NG (Gaussian copula),sigma[1],100,1,A,200,200,0.00286716110092948,0.00286716110092948,0.965,0.0724214554404158,0.07225836491535889,0.07236467781541936,-1.063129000604679e-4,0,0,1.00126774749888
5,NG (Gaussian copula),sigma[2],100,1,A,200,200,0.00461958810992359,0.00461958810992359,0.945,0.07663013068651835,0.0723631979702758,0.07649075979964857,-0.00412756182937278,0,0,1.00126774749888
6,NC (Clayton copula),mu[1],200,1,A,200,200,-0.00539489504261468,-0.00539489504261468,0.945,0.07695300790771976,0.07058750851149391,0.0767636667540364,-0.00617615824254248,0,0,1.0013542716179782
6,NC (Clayton copula),mu[2],200,1,A,200,200,0.0013725823480996,0.0013725823480996,0.94,0.07559419092792093,0.07099740810211372,0.07558172874276327,-0.00458432064064955,0,0,1.0013542716179782
6,NC (Clayton copula),phi11,200,1,A,200,200,-0.01809587968493281,-0.04523969921233204,0.935,0.07497973226100631,0.07090696353855609,0.07276331072979449,-0.00185634719123839,0,0,1.0013542716179782
6,NC (Clayton copula),phi12,200,1,A,200,200,-0.00243429394122761,-0.02434293941227616,0.945,0.07350759202695951,0.07068272659107128,0.07346727365711637,-0.00278454706604509,0,0,1.0013542716179782
6,NC (Clayton copula),phi21,200,1,A,200,200,0.00330196505669759,0.03301965056697591,0.975,0.06730089656523724,0.07157702447596342,0.06721984606683587,0.00435717840912755,0,0,1.0013542716179782
6,NC (Clayton copula),phi22,200,1,A,200,200,-0.02124329042780357,-0.05310822606950892,0.935,0.07133141723066143,0.07110233074581722,0.06809474058937805,0.00300759015643917,0,0,1.0013542716179782
6,NC (Clayton copula),sigma[1],200,1,A,200,200,-0.00590513201540438,-0.00590513201540438,0.92,0.05360436830234406,0.04839050636350413,0.05327811668005913,-0.00488761031655499,0,0,1.0013542716179782
6,NC (Clayton copula),sigma[2],200,1,A,200,200,-0.00121350013570338,-0.00121350013570338,0.94,0.050470933262794844,0.04859032721227589,0.0504563427314955,-0.00186601551921961,0,0,1.0013542716179782
6,NC (Clayton copula),theta,200,1,A,200,200,-0.00463893016038192,-0.00463893016038192,0.955,0.15844319156912165,0.16890499834226397,0.15837526726599857,0.01052973107626539,0,0,1.0013542716179782
6,NG (Gaussian copula),mu[1],200,1,A,200,200,-0.00514389718982215,-0.00514389718982215,0.945,0.0767272182325846,0.07111722885469153,0.07655459711481213,-0.0054373682601206,0,0,1.0012997423669736
6,NG (Gaussian copula),mu[2],200,1,A,200,200,0.00147886561917326,0.00147886561917326,0.94,0.07720228402290669,0.0714876211612538,0.07718811835272305,-0.00570049719146924,0,0,1.0012997423669736
6,NG (Gaussian copula),phi11,200,1,A,200,200,-0.01678489821740754,-0.04196224554351886,0.94,0.07769357427366619,0.07571686205530483,0.07585880749951816,-1.419454442133372e-4,0,0,1.0012997423669736
6,NG (Gaussian copula),phi12,200,1,A,200,200,-0.00609966225195812,-0.06099662251958126,0.95,0.07894615703502599,0.07566448832136469,0.07871016345435333,-0.00304567513298864,0,0,1.0012997423669736
6,NG (Gaussian copula),phi21,200,1,A,200,200,0.00613321471918183,0.06133214719181831,0.98,0.07106493369976875,0.07613441322703916,0.070799777393442,0.00533463583359716,0,0,1.0012997423669736
6,NG (Gaussian copula),phi22,200,1,A,200,200,-0.02544606667288731,-0.06361516668221828,0.94,0.07738821604434365,0.07578833601734157,0.07308511252919422,0.00270322348814734,0,0,1.0012997423669736
6,NG (Gaussian copula),rho,200,1,A,200,0,NA,NA,NA,NA,0.05417363444951148,0.05894055798823646,-0.00476692353872498,0,0,1.0012997423669736
6,NG (Gaussian copula),sigma[1],200,1,A,200,200,-0.00740992165824319,-0.00740992165824319,0.895,0.05570863124118263,0.05009526740380914,0.05521362744635393,-0.00511836004254478,0,0,1.0012997423669736
6,NG (Gaussian copula),sigma[2],200,1,A,200,200,-0.00299008091932026,-0.00299008091932026,0.935,0.05231648173723424,0.05031997359988858,0.05223096473796249,-0.00191099113807391,0,0,1.0012997423669736
7,NC (Clayton copula),mu[1],50,2,A,200,200,-0.0104837616100834,-0.0104837616100834,0.955,0.16269426724161085,0.1432135406955543,0.16235613735177254,-0.01914259665621823,0,0,1.0019865591160488
7,NC (Clayton copula),mu[2],50,2,A,200,200,0.00244385582626753,0.00244385582626753,0.93,0.15875864574277487,0.14487826439438853,0.15873983484551163,-0.0138615704511231,0,0,1.0019865591160488
7,NC (Clayton copula),phi11,50,2,A,200,200,-0.08180397009786129,-0.2045099252446532,0.93,0.16114721111222635,0.1562988611706159,0.13883995867716423,0.01745890249345164,0,0,1.0019865591160488
7,NC (Clayton copula),phi12,50,2,A,200,200,0.00370975194778819,0.03709751947788194,0.96,0.14809262365615258,0.15307879248522754,0.14804615132400006,0.00503264116122748,0,0,1.0019865591160488
7,NC (Clayton copula),phi21,50,2,A,200,200,-0.03686188395476394,-0.3686188395476394,0.965,0.14597908267179108,0.15669898371416782,0.14124834189824365,0.01545064181592417,0,0,1.0019865591160488
7,NC (Clayton copula),phi22,50,2,A,200,200,-0.04116933095380893,-0.10292332738452233,0.99,0.14134454350582557,0.15324172912678186,0.13521599819431857,0.01802573093246329,0,0,1.0019865591160488
7,NC (Clayton copula),sigma[1],50,2,A,200,200,-0.00870697123780878,-0.00870697123780878,0.945,0.09523976414853766,0.09581147478991658,0.09484092643438828,9.705483555283168e-4,0,0,1.0019865591160488
7,NC (Clayton copula),sigma[2],50,2,A,200,200,0.00121197678267422,0.00121197678267422,0.955,0.09215972593119207,0.09656922914838234,0.09215175633698304,0.00441747281139931,0,0,1.0019865591160488
7,NC (Clayton copula),theta,50,2,A,200,200,8.83941919869247e-5,4.419709599346235e-5,0.965,0.5708248956074805,0.5424599738935797,0.5708248887634086,-0.02836491486982895,0,0,1.0019865591160488
7,NG (Gaussian copula),mu[1],50,2,A,200,200,-0.02051144191442296,-0.02051144191442296,0.94,0.16722460083984858,0.14529466015829665,0.1659618868193476,-0.02066722666105094,0,0,1.0018204021536636
7,NG (Gaussian copula),mu[2],50,2,A,200,200,-0.00434192231144284,-0.00434192231144284,0.925,0.16300756628649152,0.148242302115152,0.16294972960175882,-0.01470742748660683,0,0,1.0018204021536636
7,NG (Gaussian copula),phi11,50,2,A,200,200,-0.09126401188067287,-0.2281600297016822,0.93,0.17396666423348986,0.16850244128714717,0.1481056393253552,0.02039680196179197,0,0,1.0018204021536636
7,NG (Gaussian copula),phi12,50,2,A,200,200,0.00333329605372422,0.0333329605372422,0.965,0.1567611391795799,0.16549621012249527,0.15672569634331776,0.0087705137791775,0,0,1.0018204021536636
7,NG (Gaussian copula),phi21,50,2,A,200,200,-0.0369953105366789,-0.36995310536678894,0.98,0.15602105793787435,0.172186463436019,0.15157149309269288,0.02061497034332612,0,0,1.0018204021536636
7,NG (Gaussian copula),phi22,50,2,A,200,200,-0.05251509562661469,-0.1312877390665367,0.975,0.152237157963022,0.1679256068738142,0.1428926764952831,0.0250329303785311,0,0,1.0018204021536636
7,NG (Gaussian copula),rho,50,2,A,200,0,NA,NA,NA,NA,0.08477076143833155,0.09603125994831908,-0.01126049850998753,0,0,1.0018204021536636
7,NG (Gaussian copula),sigma[1],50,2,A,200,200,-0.01610694447787221,-0.01610694447787221,0.955,0.09864971250753053,0.1009407104907413,0.09732590671247388,0.0036148037782674,0,0,1.0018204021536636
7,NG (Gaussian copula),sigma[2],50,2,A,200,200,0.0035539228198663,0.0035539228198663,0.94,0.09771958395440111,0.10287837526217757,0.09765493700172911,0.00522343826044845,0,0,1.0018204021536636
8,NC (Clayton copula),mu[1],100,2,A,200,200,0.01335573709781279,0.01335573709781279,0.915,0.11106545624513718,0.10028334499772606,0.11025951141518173,-0.00997616641745566,0,0,1.0017520420709565
8,NC (Clayton copula),mu[2],100,2,A,200,200,0.00443158606759234,0.00443158606759234,0.935,0.10562459551193158,0.10044382139872474,0.10553158873998192,-0.00508776734125719,0,0,1.0017520420709565
8,NC (Clayton copula),phi11,100,2,A,200,200,-0.02904636510062824,-0.0726159127515706,0.975,0.09965203732108979,0.1115658139425588,0.09532490344440366,0.01624091049815514,0,0,1.0017520420709565
8,NC (Clayton copula),phi12,100,2,A,200,200,-0.01601473405722368,-0.16014734057223684,0.96,0.10646037420015508,0.11115790849998626,0.10524894093487804,0.00590896756510821,0,0,1.0017520420709565
8,NC (Clayton copula),phi21,100,2,A,200,200,-0.00903824395994409,-0.09038243959944094,0.96,0.10581519912410856,0.11066041333286566,0.10542849003848664,0.00523192329437902,0,0,1.0017520420709565
8,NC (Clayton copula),phi22,100,2,A,200,200,-0.03278528852001519,-0.08196322130003797,0.95,0.10955384047930526,0.11054720957054656,0.10453309916205691,0.00601411040848964,0,0,1.0017520420709565
8,NC (Clayton copula),sigma[1],100,2,A,200,200,-0.00349713881149997,-0.00349713881149997,0.94,0.06447948553124581,0.06652259702188061,0.06438457947759882,0.00213801754428179,0,0,1.0017520420709565
8,NC (Clayton copula),sigma[2],100,2,A,200,200,-0.00372382983466751,-0.00372382983466751,0.94,0.06875350058958314,0.06648568268969436,0.06865258141311402,-0.00216689872341965,0,0,1.0017520420709565
8,NC (Clayton copula),theta,100,2,A,200,200,-0.02054377669953172,-0.01027188834976586,0.945,0.3621200358506226,0.3732840751685009,0.3615368219191179,0.01174725324938297,0,0,1.0017520420709565
8,NG (Gaussian copula),mu[1],100,2,A,200,200,0.00843253843258121,0.00843253843258121,0.93,0.11371224290358917,0.10169603548470246,0.11339914674171012,-0.01170311125700766,0,0,1.0017390965171589
8,NG (Gaussian copula),mu[2],100,2,A,200,200,-0.00116886242028685,-0.00116886242028685,0.945,0.10815601269445523,0.10207522377430649,0.1081496964517497,-0.00607447267744321,0,0,1.0017390965171589
8,NG (Gaussian copula),phi11,100,2,A,200,200,-0.03466000363198324,-0.08665000907995811,0.965,0.11315117009027247,0.12357676097690844,0.10771198373917676,0.01586477723773166,0,0,1.0017390965171589
8,NG (Gaussian copula),phi12,100,2,A,200,200,-0.01747758889928707,-0.17477588899287075,0.965,0.11565389905859881,0.12363298271774548,0.11432566751925868,0.0093073151984868,0,0,1.0017390965171589
8,NG (Gaussian copula),phi21,100,2,A,200,200,-0.00924889715388207,-0.09248897153882071,0.96,0.11465346047979277,0.12411226752021352,0.11427980530884849,0.00983246221136505,0,0,1.0017390965171589
8,NG (Gaussian copula),phi22,100,2,A,200,200,-0.04051763967499371,-0.10129409918748426,0.96,0.12149557148122904,0.12349529473931016,0.11454036303730582,0.00895493170200435,0,0,1.0017390965171589
8,NG (Gaussian copula),rho,100,2,A,200,0,NA,NA,NA,NA,0.05682262718266828,0.06418477843450834,-0.00736215125184006,0,0,1.0017390965171589
8,NG (Gaussian copula),sigma[1],100,2,A,200,200,-0.00569275871322554,-0.00569275871322554,0.925,0.0707947491822481,0.07120193951929331,0.07056549447152208,6.364450477712308e-4,0,0,1.0017390965171589
8,NG (Gaussian copula),sigma[2],100,2,A,200,200,-0.00279540708950917,-0.00279540708950917,0.925,0.07394264172095003,0.07135775755231022,0.07388978254046158,-0.00253202498815136,0,0,1.0017390965171589
9,NC (Clayton copula),mu[1],200,2,A,200,200,0.00610342445670916,0.00610342445670916,0.92,0.0829047974247377,0.07059311320464265,0.0826798261121662,-0.01208671290752355,0,0,1.001786145495907
9,NC (Clayton copula),mu[2],200,2,A,200,200,0.00761711710592767,0.00761711710592767,0.92,0.07686773248634955,0.07072140253463918,0.07648939681150312,-0.00576799427686393,0,0,1.001786145495907
9,NC (Clayton copula),phi11,200,2,A,200,200,-0.01908926889424903,-0.04772317223562258,0.975,0.07714417072534617,0.07883202826878315,0.07474505261209208,0.00408697565669106,0,0,1.001786145495907
9,NC (Clayton copula),phi12,200,2,A,200,200,9.298878034650598e-4,0.0092988780346506,0.975,0.07353362667710081,0.0788099624642783,0.07352774687803373,0.00528221558624456,0,0,1.001786145495907
9,NC (Clayton copula),phi21,200,2,A,200,200,-0.00793632501508072,-0.07936325015080728,0.955,0.07847754069260059,0.07889300955081546,0.07807521462291209,8.177949279033758e-4,0,0,1.001786145495907
9,NC (Clayton copula),phi22,200,2,A,200,200,-0.01425496939633987,-0.03563742349084967,0.965,0.07498293138524977,0.0789613736933644,0.07361545929106526,0.00534591440229913,0,0,1.001786145495907
9,NC (Clayton copula),sigma[1],200,2,A,200,200,-0.00206109634800794,-0.00206109634800794,0.955,0.04352978446038992,0.04665517299407119,0.04348096154654624,0.00317421144752495,0,0,1.001786145495907
9,NC (Clayton copula),sigma[2],200,2,A,200,200,-0.00147578153528956,-0.00147578153528956,0.93,0.046960316491415605,0.04673326064433234,0.04693712170376469,-2.0386105943234756e-4,0,0,1.001786145495907
9,NC (Clayton copula),theta,200,2,A,200,200,-0.01081420298395106,-0.00540710149197553,0.91,0.2930038347965967,0.26294777656134993,0.29280420116407696,-0.02985642460272702,0,0,1.001786145495907
9,NG (Gaussian copula),mu[1],200,2,A,200,200,0.00334135826780109,0.00334135826780109,0.91,0.08622765600092401,0.07141914859281881,0.08616289215398867,-0.01474374356116986,0,0,1.001691929102452
9,NG (Gaussian copula),mu[2],200,2,A,200,200,0.00586208269666621,0.00586208269666621,0.925,0.08049113399043566,0.07169800857616859,0.08027738559223084,-0.00857937701606224,0,0,1.001691929102452
9,NG (Gaussian copula),phi11,200,2,A,200,200,-0.02349008481310342,-0.05872521203275855,0.955,0.08481006444736357,0.08904024997752913,0.08149210358702964,0.00754814639049948,0,0,1.001691929102452
9,NG (Gaussian copula),phi12,200,2,A,200,200,0.00180778951417591,0.01807789514175915,0.975,0.07801587189621831,0.0891623300263829,0.07799492396816335,0.01116740605821954,0,0,1.001691929102452
9,NG (Gaussian copula),phi21,200,2,A,200,200,-0.00683254608074342,-0.06832546080743421,0.925,0.08753846817195003,0.0894439159647956,0.08727141412825867,0.00217250183653693,0,0,1.001691929102452
9,NG (Gaussian copula),phi22,200,2,A,200,200,-0.02362595193342864,-0.05906487983357161,0.975,0.08625897317233543,0.08937806392541295,0.08296038119479082,0.00641768273062212,0,0,1.001691929102452
9,NG (Gaussian copula),rho,200,2,A,200,0,NA,NA,NA,NA,0.03910904793232737,0.04812183247039781,-0.00901278453807043,0,0,1.001691929102452
9,NG (Gaussian copula),sigma[1],200,2,A,200,200,-0.00356544959275997,-0.00356544959275997,0.955,0.044309138927707103,0.05021259094771983,0.04416545439273026,0.00604713655498957,0,0,1.001691929102452
9,NG (Gaussian copula),sigma[2],200,2,A,200,200,-7.404099154620503e-4,-7.404099154620503e-4,0.955,0.052422989939581055,0.05035567242075135,0.0524177609915046,-0.00206208857075324,0,0,1.001691929102452
10,NC (Clayton copula),mu[1],50,4,A,200,200,0.03296524471477743,0.03296524471477743,0.92,0.16978156398875782,0.1408904633916892,0.1665505091897455,-0.0256600457980563,0,0,1.002214132194157
10,NC (Clayton copula),mu[2],50,4,A,200,200,0.03240874354654977,0.03240874354654977,0.905,0.17126215709041903,0.14058531119275575,0.1681677727538702,-0.02758246156111446,0,0,1.002214132194157
10,NC (Clayton copula),phi11,50,4,A,200,200,-0.05491476224018283,-0.13728690560045706,0.99,0.14501009974935436,0.1711617113110296,0.13420990245664396,0.03695180885438562,0,0,1.002214132194157
10,NC (Clayton copula),phi12,50,4,A,200,200,-0.02277546329116855,-0.22775463291168557,1,0.13762326838679048,0.17015344353922077,0.13572561391769497,0.03442782962152579,0,0,1.002214132194157
10,NC (Clayton copula),phi21,50,4,A,200,200,-0.0175290568688713,-0.17529056868871304,0.975,0.13995108872473083,0.17052931621061532,0.13884898055270464,0.03168033565791067,0,0,1.002214132194157
10,NC (Clayton copula),phi22,50,4,A,200,200,-0.06259619580570594,-0.15649048951426484,0.985,0.14971210068967808,0.17152887747472426,0.13599790205576714,0.03553097541895711,0,0,1.002214132194157
10,NC (Clayton copula),sigma[1],50,4,A,200,200,-0.01075970948020652,-0.01075970948020652,0.93,0.09388748152338872,0.09130395565759725,0.09326890070493064,-0.00196494504733338,0,0,1.002214132194157
10,NC (Clayton copula),sigma[2],50,4,A,200,200,-0.01252300857959456,-0.01252300857959456,0.955,0.09044731825154365,0.09111785805412333,0.08957617783211907,0.00154168022200423,0,0,1.002214132194157
10,NC (Clayton copula),theta,50,4,A,200,200,-0.2443992529261532,-0.0610998132315383,0.95,0.8340799120464882,0.8804421539640336,0.7974699397774287,0.08297221418660483,0,0,1.002214132194157
10,NG (Gaussian copula),mu[1],50,4,A,200,200,0.01970635674510034,0.01970635674510034,0.91,0.17708583559339985,0.14599096061024253,0.1759859445286682,-0.02999498391842567,0,0,1.0021877394291052
10,NG (Gaussian copula),mu[2],50,4,A,200,200,0.01812292046582261,0.01812292046582261,0.905,0.17853123905845106,0.1462405533010541,0.1776090174330551,-0.03136846413200103,0,0,1.0021877394291052
10,NG (Gaussian copula),phi11,50,4,A,200,200,-0.0738705673762426,-0.1846764184406065,0.99,0.1683307111662877,0.19087381144818896,0.15125596714596148,0.03961784430222748,0,0,1.0021877394291052
10,NG (Gaussian copula),phi12,50,4,A,200,200,-0.01916291956160859,-0.19162919561608596,0.985,0.15085524001968392,0.1918662137633288,0.1496331713066049,0.04223304245672391,0,0,1.0021877394291052
10,NG (Gaussian copula),phi21,50,4,A,200,200,-0.00725905262635838,-0.07259052626358388,0.97,0.158837461328935,0.19196744942236652,0.1586715011474609,0.03329594827490562,0,0,1.0021877394291052
10,NG (Gaussian copula),phi22,50,4,A,200,200,-0.09191715616634948,-0.2297928904158737,0.98,0.16979834531609114,0.19147408649384828,0.14276804430394588,0.0487060421899024,0,0,1.0021877394291052
10,NG (Gaussian copula),rho,50,4,A,200,0,NA,NA,NA,NA,0.05602096559523109,0.06285106822686096,-0.00683010263162986,0,0,1.0021877394291052
10,NG (Gaussian copula),sigma[1],50,4,A,200,200,-0.0089434350217719,-0.0089434350217719,0.915,0.10522263901742537,0.10106239754665829,0.10484187489644942,-0.00377947734979114,0,0,1.0021877394291052
10,NG (Gaussian copula),sigma[2],50,4,A,200,200,-0.00836880222562718,-0.00836880222562718,0.94,0.10240774819925745,0.10116110181122738,0.10206522444275942,-9.041226315320422e-4,0,0,1.0021877394291052
11,NC (Clayton copula),mu[1],100,4,A,200,200,2.0280552373983651e-4,2.0280552373983651e-4,0.95,0.10383959475688062,0.0990609735862942,0.1038393967104621,-0.0047784231241679,0,0,1.0023234462528268
11,NC (Clayton copula),mu[2],100,4,A,200,200,-0.00352428514411665,-0.00352428514411665,0.955,0.10396274520066985,0.0991015226558011,0.10390299227588376,-0.00480146962008266,0,0,1.0023234462528268
11,NC (Clayton copula),phi11,100,4,A,200,200,-0.01636502005817565,-0.04091255014543913,0.97,0.11421483696029598,0.12959395775958668,0.11303634415692372,0.01655761360266297,0,0,1.0023234462528268
11,NC (Clayton copula),phi12,100,4,A,200,200,-0.01251342282472753,-0.1251342282472753,0.97,0.11744081530526664,0.1283962411351081,0.11677225419069094,0.01162398694441717,0,0,1.0023234462528268
11,NC (Clayton copula),phi21,100,4,A,200,200,0.00197597526633219,0.01975975266332198,0.98,0.11362889284985334,0.1296600406787461,0.1136117107169428,0.01604832996180329,0,0,1.0023234462528268
11,NC (Clayton copula),phi22,100,4,A,200,200,-0.02870929331426184,-0.07177323328565459,0.955,0.11453408422153986,0.12867069815907106,0.11087755826073402,0.01779313989833704,0,0,1.0023234462528268
11,NC (Clayton copula),sigma[1],100,4,A,200,200,0.00145505580810651,0.00145505580810651,0.975,0.05725646576948948,0.064261956111172,0.05723797415185146,0.00702398195932053,0,0,1.0023234462528268
11,NC (Clayton copula),sigma[2],100,4,A,200,200,0.00101040704982419,0.00101040704982419,0.955,0.05990368700614495,0.06415057247892915,0.05989516503461565,0.00425540744431349,0,0,1.0023234462528268
11,NC (Clayton copula),theta,100,4,A,200,200,-0.0422769594007102,-0.01056923985017755,0.94,0.6521125749963779,0.6382788053694952,0.6507407080951961,-0.01246190272570091,0,0,1.0023234462528268
11,NG (Gaussian copula),mu[1],100,4,A,200,200,-0.01238755695580256,-0.01238755695580256,0.95,0.11330982485224185,0.10212078746477096,0.11263065675344557,-0.0105098692886746,0,0,1.0022246656311071
11,NG (Gaussian copula),mu[2],100,4,A,200,200,-0.01221706724356359,-0.01221706724356359,0.94,0.11305973565333402,0.10256014397413654,0.11239771836637973,-0.00983757439224317,0,0,1.0022246656311071
11,NG (Gaussian copula),phi11,100,4,A,200,200,-0.03188455205956995,-0.07971138014892487,0.97,0.12892714745163034,0.1503883415809119,0.12492231461982686,0.02546602696108504,0,0,1.0022246656311071
11,NG (Gaussian copula),phi12,100,4,A,200,200,-0.01150918019763669,-0.1150918019763669,0.97,0.1358035361308562,0.14944776733699358,0.13531496294506046,0.01413280439193312,0,0,1.0022246656311071
11,NG (Gaussian copula),phi21,100,4,A,200,200,0.01539637868217127,0.15396378682171272,0.97,0.13813184515031468,0.1510337516336929,0.13727111192128408,0.01376263971240882,0,0,1.0022246656311071
11,NG (Gaussian copula),phi22,100,4,A,200,200,-0.05027743106304114,-0.12569357765760283,0.955,0.13764594118735188,0.14974145149331491,0.1281350266361742,0.0216064248571407,0,0,1.0022246656311071
11,NG (Gaussian copula),rho,100,4,A,200,0,NA,NA,NA,NA,0.03460461332600018,0.04353484121871069,-0.0089302278927105,0,0,1.0022246656311071
11,NG (Gaussian copula),sigma[1],100,4,A,200,200,-7.668736935981668e-4,-7.668736935981668e-4,0.965,0.0661268049517718,0.07128480688651617,0.06612235807854812,0.00516244880796805,0,0,1.0022246656311071
11,NG (Gaussian copula),sigma[2],100,4,A,200,200,0.0036221485249819,0.0036221485249819,0.97,0.06868355653162915,0.07156779381496382,0.06858797983536524,0.00297981397959858,0,0,1.0022246656311071
12,NC (Clayton copula),mu[1],200,4,A,200,200,9.19535773308335e-4,9.19535773308335e-4,0.96,0.06524266939411096,0.0692328294353687,0.06523618906428294,0.00399664037108575,0,0,1.0022402519671991
12,NC (Clayton copula),mu[2],200,4,A,200,200,0.00332257786924217,0.00332257786924217,0.965,0.06372914691700202,0.06932116327955602,0.06364247514884733,0.00567868813070869,0,0,1.0022402519671991
12,NC (Clayton copula),phi11,200,4,A,200,200,-0.00792581134266962,-0.01981452835667404,0.965,0.0926172090595266,0.0932900998487917,0.092277456231392,0.0010126436173997,0,0,1.0022402519671991
12,NC (Clayton copula),phi12,200,4,A,200,200,-0.00729474952090634,-0.07294749520906345,0.96,0.0850688516137514,0.0934042912161781,0.08475550804702718,0.0086487831691509209,0,0,1.0022402519671991
12,NC (Clayton copula),phi21,200,4,A,200,200,-0.00239141830481481,-0.02391418304814814,0.97,0.08901513366113133,0.09334180309188934,0.08898300477731953,0.00435879831456981,0,0,1.0022402519671991
12,NC (Clayton copula),phi22,200,4,A,200,200,-0.0140888905533521,-0.03522222638338027,0.945,0.08454400738756797,0.09360610778838564,0.08336181588788007,0.01024429190050556,0,0,1.0022402519671991
12,NC (Clayton copula),sigma[1],200,4,A,200,200,-0.00408061144350237,-0.00408061144350237,0.97,0.0423450312979322,0.0448623506177364,0.04214795707825013,0.00271439353948627,0,0,1.0022402519671991
12,NC (Clayton copula),sigma[2],200,4,A,200,200,-0.00282990521722385,-0.00282990521722385,0.975,0.04085852684137381,0.04496737702651783,0.04076040789919543,0.0042069691273224,0,0,1.0022402519671991
12,NC (Clayton copula),theta,200,4,A,200,200,-0.02173907309778618,-0.00543476827444654,0.94,0.44433542405713716,0.4500750247010319,0.44380331428785547,0.00627171041317642,0,0,1.0022402519671991
12,NG (Gaussian copula),mu[1],200,4,A,200,200,-0.0018872313475508,-0.0018872313475508,0.96,0.06906584187058584,0.07139027118630256,0.06904005265882689,0.00235021852747567,0,0,1.0021918521151092
12,NG (Gaussian copula),mu[2],200,4,A,200,200,-0.00127789359946818,-0.00127789359946818,0.965,0.0652737250793186,0.07107528147698364,0.06526121492646994,0.00581406655051369,0,0,1.0021918521151092
12,NG (Gaussian copula),phi11,200,4,A,200,200,-0.01593583613144619,-0.03983959032861547,0.94,0.11435157091123954,0.11225091228810158,0.11323573153673684,-9.84819248635263e-4,0,0,1.0021918521151092
12,NG (Gaussian copula),phi12,200,4,A,200,200,-0.0081075221341132,-0.08107522134113201,0.955,0.11052910169519961,0.1126500613900268,0.1102313494718841,0.0024187119181427,0,0,1.0021918521151092
12,NG (Gaussian copula),phi21,200,4,A,200,200,-0.0047746446542914,-0.04774644654291406,0.95,0.10287198766456179,0.11184725014979724,0.10276112404252398,0.00908612610727324,0,0,1.0021918521151092
12,NG (Gaussian copula),phi22,200,4,A,200,200,-0.01766987446050214,-0.04417468615125535,0.96,0.10216916973330485,0.11203350598320191,0.10062959197245586,0.01140391401074607,0,0,1.0021918521151092
12,NG (Gaussian copula),rho,200,4,A,200,0,NA,NA,NA,NA,0.0231602250200744,0.0272454729530543,-0.00408524793297989,0,0,1.0021918521151092
12,NG (Gaussian copula),sigma[1],200,4,A,200,200,-1.340666609000718e-4,-1.340666609000718e-4,0.97,0.04616776712514579,0.05020945148570529,0.04616757246652814,0.00404187901917714,0,0,1.0021918521151092
12,NG (Gaussian copula),sigma[2],200,4,A,200,200,-0.00441109119326932,-0.00441109119326932,0.965,0.04744610844231167,0.04997195958466612,0.04724061262096693,0.00273134696369918,0,0,1.0021918521151092
13,NC (Clayton copula),mu[1],50,8,A,200,200,0.04282797744060077,0.04282797744060077,0.97,0.14461002022715766,0.13621560898996496,0.13812249019781803,-0.00190688120785309,0,0,1.0027023151056191
13,NC (Clayton copula),mu[2],50,8,A,200,200,0.04198259988606112,0.04198259988606112,0.93,0.15052251954651868,0.1362168952075974,0.1445492656412996,-0.00833237043370221,0,0,1.0027023151056191
13,NC (Clayton copula),phi11,50,8,A,200,200,-0.02890121676245485,-0.07225304190613713,1,0.1416522973138803,0.1936370490393664,0.13867261086440083,0.05496443817496554,0,0,1.0027023151056191
13,NC (Clayton copula),phi12,50,8,A,200,200,-0.02853394259154638,-0.28533942591546385,0.99,0.14987350823689008,0.19305225662645936,0.1471321942724144,0.04592006235404497,0,0,1.0027023151056191
13,NC (Clayton copula),phi21,50,8,A,200,200,-0.00489712180950806,-0.04897121809508063,1,0.14566411064781534,0.19310850193748832,0.14558176853164626,0.04752673340584207,0,0,1.0027023151056191
13,NC (Clayton copula),phi22,50,8,A,200,200,-0.05412397835894829,-0.13530994589737072,0.99,0.15751363997009488,0.1930116886823045,0.1479227560020052,0.04508893268029931,0,0,1.0027023151056191
13,NC (Clayton copula),sigma[1],50,8,A,200,200,-0.01796549620674773,-0.01796549620674773,0.94,0.09349820849453208,0.08827290741698238,0.09175595859524505,-0.00348305117826265,0,0,1.0027023151056191
13,NC (Clayton copula),sigma[2],50,8,A,200,200,-0.01722929469178938,-0.01722929469178938,0.925,0.09426194802746048,0.08822864900490765,0.09267397828061089,-0.00444532927570322,0,0,1.0027023151056191
13,NC (Clayton copula),theta,50,8,A,200,200,-0.5052025243807934,-0.06315031554759917,0.925,1.6741838604449113,1.588760615143418,1.5961397206803356,-0.0073791055369176704,0,0,1.0027023151056191
13,NG (Gaussian copula),mu[1],50,8,A,200,200,0.01842111836064584,0.01842111836064584,0.965,0.15390595244521682,0.14394958781924574,0.1527995569247909,-0.00884996910554516,0,0,1.0024223555799168
13,NG (Gaussian copula),mu[2],50,8,A,200,200,0.01351259043403822,0.01351259043403822,0.94,0.15873459054199815,0.14343551027057228,0.1581584020351045,-0.01472289176453225,0,0,1.0024223555799168
13,NG (Gaussian copula),phi11,50,8,A,200,200,-0.07597888484782239,-0.189947212119556,0.995,0.17338911728628278,0.21667550716932515,0.1558556866161696,0.06081982055315554,0,0,1.0024223555799168
13,NG (Gaussian copula),phi12,50,8,A,200,200,-0.01562293175866086,-0.15622931758660868,0.99,0.16548088737486719,0.2177238651157893,0.1647417618263132,0.05298210328947611,0,0,1.0024223555799168
13,NG (Gaussian copula),phi21,50,8,A,200,200,-0.01372046226569261,-0.13720462265692612,1,0.16005901183688065,0.21661261649108687,0.15946985980245423,0.05714275668863264,0,0,1.0024223555799168
13,NG (Gaussian copula),phi22,50,8,A,200,200,-0.07622759186559126,-0.19056897966397812,0.99,0.17494758431087826,0.216408810664087,0.15746749345367983,0.05894131721040716,0,0,1.0024223555799168
13,NG (Gaussian copula),rho,50,8,A,200,0,NA,NA,NA,NA,0.02902419131743645,0.04057457888712002,-0.01155038756968356,0,0,1.0024223555799168
13,NG (Gaussian copula),sigma[1],50,8,A,200,200,-0.01039872364694464,-0.01039872364694464,0.94,0.10019813044472133,0.10067503407903554,0.09965707145572694,0.00101796262330859,0,0,1.0024223555799168
13,NG (Gaussian copula),sigma[2],50,8,A,200,200,-0.01372859720697106,-0.01372859720697106,0.935,0.10255349002614714,0.10031206387641324,0.10163042819584991,-0.0013183643194367,0,0,1.0024223555799168
14,NC (Clayton copula),mu[1],100,8,A,200,200,0.02058545226013055,0.02058545226013055,0.96,0.0962034894587823,0.0969369073775818,0.09397526557180842,0.00296164180577336,0,0,1.0025353854633985
14,NC (Clayton copula),mu[2],100,8,A,200,200,0.02209615732461297,0.02209615732461297,0.945,0.09964479615463777,0.09702551186929384,0.09716401202186573,-1.3850015257188542e-4,0,0,1.0025353854633985
14,NC (Clayton copula),phi11,100,8,A,200,200,-0.01963574743041603,-0.04908936857604008,0.98,0.12953779582379946,0.15524721266772545,0.12804092302751205,0.02720628964021337,0,0,1.0025353854633985
14,NC (Clayton copula),phi12,100,8,A,200,200,-0.00560529647410356,-0.0560529647410356,0.985,0.12808896957935828,0.15535754619745884,0.12796626422358032,0.02739128197387852,0,0,1.0025353854633985
14,NC (Clayton copula),phi21,100,8,A,200,200,-0.01179418727721674,-0.11794187277216749,0.97,0.12756680946083185,0.15489593758314746,0.12702042364315322,0.02787551393999424,0,0,1.0025353854633985
14,NC (Clayton copula),phi22,100,8,A,200,200,-0.01409204492265518,-0.03523011230663796,0.985,0.12699805843929024,0.15510291082239946,0.12621379131159657,0.02888911951080289,0,0,1.0025353854633985
14,NC (Clayton copula),sigma[1],100,8,A,200,200,-0.00509161939784788,-0.00509161939784788,0.945,0.06086620730499138,0.06257641624638241,0.06065286970623603,0.00192354654014637,0,0,1.0025353854633985
14,NC (Clayton copula),sigma[2],100,8,A,200,200,-0.00427035009320745,-0.00427035009320745,0.935,0.05915219843540582,0.06268544696257922,0.05899785326453048,0.00368759369804873,0,0,1.0025353854633985
14,NC (Clayton copula),theta,100,8,A,200,200,-0.26075785301223764,-0.0325947316265297,0.94,1.1173079096193395,1.140858227590456,1.086454005924957,0.05440422166549896,0,0,1.0025353854633985
14,NG (Gaussian copula),mu[1],100,8,A,200,200,0.00612424182628568,0.00612424182628568,0.96,0.09961890617073976,0.10124237934968738,0.09943047887196273,0.00181190047772465,0,0,1.0023592933114944
14,NG (Gaussian copula),mu[2],100,8,A,200,200,0.0064179790822618,0.0064179790822618,0.945,0.10326033380135868,0.1012027911263292,0.10306069125164875,-0.00185790012531955,0,0,1.0023592933114944
14,NG (Gaussian copula),phi11,100,8,A,200,200,-0.04409160082167841,-0.11022900205419602,0.985,0.14545238147103634,0.1802249384201618,0.13860853513610785,0.04161640328405394,0,0,1.0023592933114944
14,NG (Gaussian copula),phi12,100,8,A,200,200,0.00872709380939094,0.08727093809390943,0.99,0.14318657429145445,0.18070085980588255,0.1429203725539655,0.03778048725191707,0,0,1.0023592933114944
14,NG (Gaussian copula),phi21,100,8,A,200,200,-0.01406876392228335,-0.1406876392228335,0.98,0.1405986872476899,0.18049119994296303,0.13989303319848626,0.0405981667444768,0,0,1.0023592933114944
14,NG (Gaussian copula),phi22,100,8,A,200,200,-0.02552239842615383,-0.06380599606538456,0.98,0.1408700444964516,0.18043382514061165,0.13853871882982358,0.04189510631078808,0,0,1.0023592933114944
14,NG (Gaussian copula),rho,100,8,A,200,0,NA,NA,NA,NA,0.01796771734714656,0.02415054602722755,-0.00618282868008099,0,0,1.0023592933114944
14,NG (Gaussian copula),sigma[1],100,8,A,200,200,-0.00430340527176088,-0.00430340527176088,0.945,0.07176435729864826,0.0710827165072102,0.07163521258120918,-5.52496073998987e-4,0,0,1.0023592933114944
14,NG (Gaussian copula),sigma[2],100,8,A,200,200,-0.00441912229804779,-0.00441912229804779,0.94,0.06963813598467729,0.07106100628370797,0.06949777940003049,0.00156322688367747,0,0,1.0023592933114944
15,NC (Clayton copula),mu[1],200,8,A,200,200,0.0115890001540362,0.0115890001540362,0.96,0.06551102785916675,0.06830964797278656,0.06447782445612034,0.00383182351666622,0,0,1.0023184698564738
15,NC (Clayton copula),mu[2],200,8,A,200,200,0.01181384768948849,0.01181384768948849,0.955,0.06617161125555936,0.06830513383737878,0.0651084874569087,0.00319664638047008,0,0,1.0023184698564738
15,NC (Clayton copula),phi11,200,8,A,200,200,-0.01531901203781376,-0.0382975300945344,0.99,0.09987433753130782,0.11835016478023364,0.09869250816299543,0.0196576566172382,0,0,1.0023184698564738
15,NC (Clayton copula),phi12,200,8,A,200,200,0.00428422935071723,0.04284229350717233,0.975,0.10054277507331365,0.11824941337184491,0.10045145592928652,0.01779795744255841,0,0,1.0023184698564738
15,NC (Clayton copula),phi21,200,8,A,200,200,-0.01216380743723439,-0.12163807437234396,0.99,0.09713742844434217,0.1183319291120154,0.09637282704896426,0.02195910206305114,0,0,1.0023184698564738
15,NC (Clayton copula),phi22,200,8,A,200,200,0.00129992404881623,0.00324981012204059,0.985,0.1005626078999179,0.11838604913976548,0.10055420580512751,0.01783184333463794,0,0,1.0023184698564738
15,NC (Clayton copula),sigma[1],200,8,A,200,200,-0.00450030370115754,-0.00450030370115754,0.935,0.04296721254356693,0.04369195776184717,0.04273088602359426,9.61071738252911e-4,0,0,1.0023184698564738
15,NC (Clayton copula),sigma[2],200,8,A,200,200,-0.00449265456320868,-0.00449265456320868,0.96,0.04208717109279027,0.04367090661982081,0.04184669671036748,0.00182420990945332,0,0,1.0023184698564738
15,NC (Clayton copula),theta,200,8,A,200,200,-0.16274633280868486,-0.0203432916010856,0.955,0.7970465206195171,0.8091444784958972,0.7802543093049875,0.02889016919090969,0,0,1.0023184698564738
15,NG (Gaussian copula),mu[1],200,8,A,200,200,0.00138210029437164,0.00138210029437164,0.955,0.06685776922824699,0.07086150162441035,0.06684348214264295,0.0040180194817674,0,0,1.0024540636595018
15,NG (Gaussian copula),mu[2],200,8,A,200,200,0.00193863517114923,0.00193863517114923,0.94,0.07196797509122334,0.07096006608736284,0.07194185938939948,-9.817933020366404e-4,0,0,1.0024540636595018
15,NG (Gaussian copula),phi11,200,8,A,200,200,-0.02176905062067909,-0.05442262655169773,0.985,0.11128562273195147,0.14404088101213983,0.10913568738919706,0.03490519362294279,0,0,1.0024540636595018
15,NG (Gaussian copula),phi12,200,8,A,200,200,0.0054631986374478,0.05463198637447807,0.97,0.11382966716735755,0.14414653305823105,0.11369848982321264,0.03044804323501841,0,0,1.0024540636595018
15,NG (Gaussian copula),phi21,200,8,A,200,200,-0.00110102400533954,-0.01101024005339548,0.99,0.11313891205493884,0.14424334283786533,0.11313355455882596,0.03110978827903936,0,0,1.0024540636595018
15,NG (Gaussian copula),phi22,200,8,A,200,200,-0.01788178585301217,-0.04470446463253042,0.975,0.11524735315654502,0.1441071425369587,0.11385163215473208,0.03025551038222659,0,0,1.0024540636595018
15,NG (Gaussian copula),rho,200,8,A,200,0,NA,NA,NA,NA,0.01199105757611475,0.01581461938195695,-0.0038235618058422,0,0,1.0024540636595018
15,NG (Gaussian copula),sigma[1],200,8,A,200,200,-0.00619701730216851,-0.00619701730216851,0.95,0.04914789712059241,0.04996123890690802,0.04875564344702016,0.00120559545988786,0,0,1.0024540636595018
15,NG (Gaussian copula),sigma[2],200,8,A,200,200,-0.00511783354825256,-0.00511783354825256,0.95,0.04761296630358053,0.05000280349075162,0.04733711376920096,0.00266568972155065,0,0,1.0024540636595018
