condition_id,model,param,N_valid,N_truth_avail,mean_bias,mean_rel_bias,coverage_95,mean_post_sd,emp_sd,sd_bias,mean_n_div,prop_div,mean_rhat
1,EG,mu[1],200,200,0.02619568918653655,0.02619568918653655,0.975,0.1413126008860344,0.1309236609246463,0.010388939961388094,0,0,1.0018166154542691
1,EG,mu[2],200,200,0.026102924316269593,0.026102924316269593,0.955,0.14182605631904396,0.13927266662892054,0.00255338969012342,0,0,1.0018166154542691
1,EG,phi11,200,200,-0.009939683846004615,-0.02484920961501154,0.935,0.04833884400218151,0.05349460570718594,-0.005155761705004432,0,0,1.0018166154542691
1,EG,phi12,200,200,-0.0024239668114604796,-0.02423966811460479,0.945,0.045043749711346226,0.051174566016593676,-0.00613081630524745,0,0,1.0018166154542691
1,EG,phi21,200,200,-0.0029072178157770632,-0.02907217815777063,0.93,0.04777005684317803,0.05141728783188716,-0.0036472309887091298,0,0,1.0018166154542691
1,EG,phi22,200,200,-0.008488727844120207,-0.021221819610300518,0.94,0.04819478752363882,0.0511853382296178,-0.002990550705978978,0,0,1.0018166154542691
1,EG,rho,200,200,-0.03520546584497031,-0.1173515528165677,0.965,0.12669178835598063,0.1150277804899829,0.011664007865997736,0,0,1.0018166154542691
1,NG,mu[1],200,200,0.011141970772188798,0.011141970772188798,0.95,0.1480932885475595,0.15804241835666516,-0.009949129809105672,0,0,1.000983101748975
1,NG,mu[2],200,200,0.010477751648149685,0.010477751648149685,0.905,0.150525546674074,0.17032024742263482,-0.019794700748560823,0,0,1.000983101748975
1,NG,phi11,200,200,-0.06863866088084551,-0.1715966522021138,0.965,0.13889323912415116,0.1195974571098851,0.019295782014266058,0,0,1.000983101748975
1,NG,phi12,200,200,-0.012304109631272042,-0.12304109631272041,0.985,0.14046745572601352,0.12322536644493012,0.017242089281083395,0,0,1.000983101748975
1,NG,phi21,200,200,0.001736381310634356,0.017363813106343568,0.985,0.14403668388701063,0.12610288632477368,0.017933797562236953,0,0,1.000983101748975
1,NG,phi22,200,200,-0.07300152710836402,-0.18250381777091004,0.94,0.13859323142497676,0.12310364287215536,0.015489588552821398,0,0,1.000983101748975
1,NG,rho,200,200,-0.07380347618766553,-0.24601158729221845,0.9,0.12905462164872555,0.13736213783871332,-0.008307516189987763,0,0,1.000983101748975
1,NG,sigma[1],200,200,-0.006449133699837541,-0.006449133699837541,0.695,0.10423463302369174,0.19239737514074198,-0.08816274211705025,0,0,1.000983101748975
1,NG,sigma[2],200,200,0.011334945401821348,0.011334945401821348,0.69,0.1059171461367178,0.2182000178418784,-0.1122828717051606,0,0,1.000983101748975
2,EG,mu[1],200,200,-0.016797936084739205,-0.016797936084739205,0.98,0.1414991424714756,0.1320649636059743,0.009434178865501297,0,0,1.0020067267018529
2,EG,mu[2],200,200,-0.005170752866851811,-0.005170752866851811,0.955,0.13916557161829168,0.1406301021275873,-0.0014645305092956251,0,0,1.0020067267018529
2,EG,phi11,200,200,-0.008182553542277638,-0.020456383855694097,0.97,0.04473142282852374,0.03991376910333954,0.0048176537251842025,0,0,1.0020067267018529
2,EG,phi12,200,200,-0.00439792645250096,-0.0439792645250096,0.97,0.046399058187218484,0.044748042601816765,0.0016510155854017189,0,0,1.0020067267018529
2,EG,phi21,200,200,0.0032928230728833576,0.03292823072883358,0.96,0.04433882876799584,0.044190671511826575,1.4815725616926234e-4,0,0,1.0020067267018529
2,EG,phi22,200,200,-0.011253405006022774,-0.02813351251505693,0.955,0.04655903151132056,0.04742175846018305,-8.627269488624897e-4,0,0,1.0020067267018529
2,EG,rho,200,200,-0.029081087711553544,-0.09693695903851182,0.97,0.12606327918006377,0.11841289931533337,0.007650379864730397,0,0,1.0020067267018529
2,NG,mu[1],200,200,0.001980244148750802,0.001980244148750802,0.93,0.15196386150037555,0.16551119495055278,-0.013547333450177224,0,0,1.0009961854749043
2,NG,mu[2],200,200,0.01383882664829584,0.01383882664829584,0.905,0.1498031683845593,0.17287957378956864,-0.023076405405009354,0,0,1.0009961854749043
2,NG,phi11,200,200,-0.0626729365924723,-0.15668234148118076,0.975,0.1395601083876139,0.11278098468166058,0.026779123705953325,0,0,1.0009961854749043
2,NG,phi12,200,200,-0.01442346745265819,-0.1442346745265819,0.99,0.14561797223042608,0.13291393456965098,0.012704037660775103,0,0,1.0009961854749043
2,NG,phi21,200,200,0.01676959895044969,0.1676959895044969,0.95,0.1404890674723562,0.13010483295020578,0.010384234522150426,0,0,1.0009961854749043
2,NG,phi22,200,200,-0.08428222192782332,-0.2107055548195583,0.96,0.13948730346321062,0.11624709175320669,0.023240211710003927,0,0,1.0009961854749043
2,NG,rho,200,200,-0.06252429043989541,-0.208414301466318,0.89,0.12812808440501003,0.14099587687198673,-0.012867792466976696,0,0,1.0009961854749043
2,NG,sigma[1],200,200,0.014905492623576135,0.014905492623576135,0.725,0.10639109083562256,0.18433036356458482,-0.07793927272896226,0,0,1.0009961854749043
2,NG,sigma[2],200,200,0.002516130061958634,0.002516130061958634,0.65,0.10526823416477436,0.21357268341773855,-0.10830444925296419,0,0,1.0009961854749043
3,EG,mu[1],200,200,0.025738681620071622,0.025738681620071622,0.935,0.14175193736092695,0.15207641897462418,-0.010324481613697228,0,0,1.0019129443174153
3,EG,mu[2],200,200,-0.03339811872680443,-0.03339811872680443,0.975,0.14311983422903582,0.13879544707022168,0.004324387158814141,0,0,1.0019129443174153
3,EG,phi11,200,200,-0.010853194157220726,-0.027132985393051815,0.95,0.0442834751576746,0.04500929141463606,-7.258162569614632e-4,0,0,1.0019129443174153
3,EG,phi12,200,200,-0.0019541449255746834,-0.01954144925574683,0.945,0.04455924201606123,0.050895304156933295,-0.006336062140872067,0,0,1.0019129443174153
3,EG,phi21,200,200,3.39539777505375e-4,0.003395397775053753,0.94,0.044144756686856496,0.04474999641212553,-6.052397252690328e-4,0,0,1.0019129443174153
3,EG,phi22,200,200,-0.014467284999572479,-0.03616821249893119,0.955,0.045255710757669015,0.04219587477460961,0.0030598359830594085,0,0,1.0019129443174153
3,EG,rho,200,200,-0.5606108465118257,-1.8687028217060857,0.005,0.12648608216954088,0.11960009947513675,0.00688598269440413,0,0,1.0019129443174153
3,NG,mu[1],200,200,0.00965335782495844,0.00965335782495844,0.91,0.1515088313257463,0.18629216186587075,-0.034783330540124446,0,0,1.0010484238109882
3,NG,mu[2],200,200,-0.019248517234200683,-0.019248517234200683,0.935,0.14925818437101612,0.17268892696140942,-0.023430742590393294,0,0,1.0010484238109882
3,NG,phi11,200,200,-0.06303963967796002,-0.15759909919490003,0.975,0.13550950353812552,0.1170432089381524,0.01846629459997312,0,0,1.0010484238109882
3,NG,phi12,200,200,-0.007449914528416661,-0.07449914528416662,0.975,0.1416996983418499,0.137016472639891,0.004683225701958893,0,0,1.0010484238109882
3,NG,phi21,200,200,-0.02898993260239946,-0.2898993260239946,0.945,0.13723471477027166,0.1443706446461865,-0.007135929875914854,0,0,1.0010484238109882
3,NG,phi22,200,200,-0.09298805639317646,-0.23247014098294114,0.9,0.13665718273740288,0.13239713877350653,0.004260043963896343,0,0,1.0010484238109882
3,NG,rho,200,200,-0.5209800205722356,-1.7366000685741185,0.02,0.1291790458074937,0.1411683122691584,-0.011989266461664705,0,0,1.0010484238109882
3,NG,sigma[1],200,200,0.015213825734201901,0.015213825734201901,0.715,0.10632865992231137,0.2140309217492546,-0.10770226182694322,0,0,1.0010484238109882
3,NG,sigma[2],200,200,-0.002664504197534035,-0.002664504197534035,0.72,0.1048276798555216,0.18685961882447957,-0.08203193896895797,0,0,1.0010484238109882
4,EG,mu[1],200,200,0.02077753589063428,0.02077753589063428,0.96,0.10065256519914771,0.09629226330851032,0.004360301890637394,0,0,1.001863796251739
4,EG,mu[2],200,200,0.00728929398917485,0.00728929398917485,0.95,0.09928259070230479,0.09694706301731863,0.002335527684986155,0,0,1.001863796251739
4,EG,phi11,200,200,-0.0040227480698209065,-0.010056870174552267,0.95,0.023099173056518037,0.024618297586458338,-0.0015191245299403001,0,0,1.001863796251739
4,EG,phi12,200,200,6.308972401671104e-4,0.006308972401671106,0.94,0.022410478279403054,0.026569702733635302,-0.004159224454232249,0,0,1.001863796251739
4,EG,phi21,200,200,5.352289349589873e-4,0.005352289349589874,0.955,0.021443874825145627,0.023415223736910688,-0.0019713489117650605,0,0,1.001863796251739
4,EG,phi22,200,200,-0.002390012585032831,-0.005975031462582078,0.96,0.021743395924452045,0.023655555935910427,-0.0019121600114583824,0,0,1.001863796251739
4,EG,rho,200,200,-0.014605714735958767,-0.04868571578652922,0.95,0.08933259669145888,0.08681911729423547,0.002513479397223406,0,0,1.001863796251739
4,NG,mu[1],200,200,0.008955867358089628,0.008955867358089628,0.92,0.1021387365494593,0.10855140514945766,-0.006412668599998353,0,0,1.0008749774577788
4,NG,mu[2],200,200,-9.237475706458697e-4,-9.237475706458697e-4,0.925,0.10276020274614782,0.11303388517786402,-0.010273682431716197,0,0,1.0008749774577788
4,NG,phi11,200,200,-0.03116197251577709,-0.07790493128944272,0.965,0.0966413400943519,0.09818876056248663,-0.001547420468134733,0,0,1.0008749774577788
4,NG,phi12,200,200,3.5499488520054917e-4,0.003549948852005494,0.95,0.09812179007675069,0.10200563749863026,-0.0038838474218795688,0,0,1.0008749774577788
4,NG,phi21,200,200,-2.7251288630525736e-4,-0.0027251288630525715,0.925,0.09842482419854386,0.10748542731549515,-0.009060603116951296,0,0,1.0008749774577788
4,NG,phi22,200,200,-0.04123125265682277,-0.10307813164205694,0.92,0.097385161999721,0.10201720991536818,-0.004632047915647183,0,0,1.0008749774577788
4,NG,rho,200,200,-0.05153913102838854,-0.1717971034279618,0.915,0.09219986549285356,0.0971792716008061,-0.0049794061079525415,0,0,1.0008749774577788
4,NG,sigma[1],200,200,-0.00673944316521804,-0.00673944316521804,0.675,0.0720193965194057,0.13919873851159847,-0.06717934199219278,0,0,1.0008749774577788
4,NG,sigma[2],200,200,-5.366554726413775e-4,-5.366554726413775e-4,0.685,0.07253162086058762,0.13002783872169538,-0.05749621786110776,0,0,1.0008749774577788
5,EG,mu[1],200,200,-0.005745736924833171,-0.005745736924833171,0.935,0.09913054893296067,0.09777492135856548,0.0013556275743951823,0,0,1.0019066001212165
5,EG,mu[2],200,200,-0.010276793161644286,-0.010276793161644286,0.965,0.09962666521013555,0.09330621489134515,0.006320450318790402,0,0,1.0019066001212165
5,EG,phi11,200,200,-0.0010151949633187577,-0.002537987408296894,0.955,0.02154689198552571,0.023634235626891483,-0.0020873436413657714,0,0,1.0019066001212165
5,EG,phi12,200,200,0.0013321159051691521,0.013321159051691523,0.945,0.022100141907646507,0.022179683516450225,-7.954160880371819e-5,0,0,1.0019066001212165
5,EG,phi21,200,200,0.0010818888009309078,0.010818888009309078,0.95,0.02221205569885219,0.02500230434371516,-0.0027902486448629707,0,0,1.0019066001212165
5,EG,phi22,200,200,-0.0027186915027699893,-0.006796728756924974,0.92,0.022772822151254448,0.021412049204095982,0.001360772947158466,0,0,1.0019066001212165
5,EG,rho,200,200,-0.023950611167686122,-0.07983537055895375,0.935,0.08972971501116274,0.08951343798917229,2.1627702199045196e-4,0,0,1.0019066001212165
5,NG,mu[1],200,200,0.006377009263261415,0.006377009263261415,0.945,0.10280543692501316,0.11040471760709193,-0.007599280682078768,0,0,1.0008209938913473
5,NG,mu[2],200,200,0.0010000931433177872,0.0010000931433177872,0.94,0.10283969406729834,0.1075749539046036,-0.0047352598373052585,0,0,1.0008209938913473
5,NG,phi11,200,200,-0.031325871759395614,-0.07831467939848903,0.975,0.09605971120366572,0.0857841884339311,0.010275522769734619,0,0,1.0008209938913473
5,NG,phi12,200,200,-0.003518648387594752,-0.035186483875947513,0.95,0.0980691092132645,0.10612978226367875,-0.008060673050414247,0,0,1.0008209938913473
5,NG,phi21,200,200,-0.008436044123899537,-0.08436044123899536,0.955,0.09766263796696449,0.09838005819572573,-7.174202287612425e-4,0,0,1.0008209938913473
5,NG,phi22,200,200,-0.04409433647684844,-0.1102358411921211,0.965,0.09693067964673183,0.0867937189889382,0.010136960657793626,0,0,1.0008209938913473
5,NG,rho,200,200,-0.06767468920023059,-0.22558229733410198,0.89,0.09318912337812114,0.09545798388422666,-0.002268860506105516,0,0,1.0008209938913473
5,NG,sigma[1],200,200,-8.363513255256427e-4,-8.363513255256427e-4,0.655,0.07255946459453351,0.1429904987937641,-0.0704310341992306,0,0,1.0008209938913473
5,NG,sigma[2],200,200,0.001685967783084929,0.001685967783084929,0.7,0.07268216286364745,0.13782320751799754,-0.06514104465435008,0,0,1.0008209938913473
6,EG,mu[1],200,200,0.005761049155871658,0.005761049155871658,0.985,0.09947417254947054,0.08717207117581857,0.012302101373651966,0,0,1.0018109106596012
6,EG,mu[2],200,200,-0.019836283139738307,-0.019836283139738307,0.94,0.10078768165025524,0.0980703398852363,0.002717341765018949,0,0,1.0018109106596012
6,EG,phi11,200,200,-0.0036222252094820924,-0.009055563023705231,0.945,0.022013235343663815,0.02034017231802249,0.0016730630256413248,0,0,1.0018109106596012
6,EG,phi12,200,200,-9.051972637420946e-4,-0.009051972637420944,0.955,0.02046260422171295,0.022636264908258093,-0.0021736606865451445,0,0,1.0018109106596012
6,EG,phi21,200,200,0.0019019660724970409,0.01901966072497041,0.965,0.02128591944792367,0.021190222518591317,9.569692933235341e-5,0,0,1.0018109106596012
6,EG,phi22,200,200,-0.002743218420785033,-0.006858046051962583,0.98,0.02135324521114133,0.02101349177434223,3.3975343679909856e-4,0,0,1.0018109106596012
6,EG,rho,200,200,-0.5640851318734967,-1.880283772911656,0,0.09126019609036441,0.08762996322938463,0.0036302328609797846,0,0,1.0018109106596012
6,NG,mu[1],200,200,-0.0034512633365599817,-0.0034512633365599817,0.945,0.10098979263119383,0.09919379711810737,0.0017959955130864569,0,0,1.0008506518156104
6,NG,mu[2],200,200,-0.010336458906078134,-0.010336458906078134,0.945,0.10390439128637628,0.10796172276427243,-0.0040573314778961506,0,0,1.0008506518156104
6,NG,phi11,200,200,-0.039181215612355186,-0.09795303903088795,0.955,0.09481308707460821,0.09054961825822169,0.00426346881638652,0,0,1.0008506518156104
6,NG,phi12,200,200,-0.0087817676546451,-0.087817676546451,0.96,0.09361176523583715,0.08816031699875243,0.0054514482370847245,0,0,1.0008506518156104
6,NG,phi21,200,200,0.007099038180474305,0.07099038180474306,0.95,0.09876200722048806,0.1032764982095695,-0.004514490989081438,0,0,1.0008506518156104
6,NG,phi22,200,200,-0.03726100532850092,-0.09315251332125231,0.955,0.09484843278331229,0.08676638147975405,0.00808205130355824,0,0,1.0008506518156104
6,NG,rho,200,200,-0.5345400292360353,-1.781800097453451,0,0.09260196611844729,0.10494502787933065,-0.012343061760883359,0,0,1.0008506518156104
6,NG,sigma[1],200,200,-0.013467117815964857,-0.013467117815964857,0.69,0.0715977950367268,0.1453935451999175,-0.07379575016319072,0,0,1.0008506518156104
6,NG,sigma[2],200,200,0.014064193731342635,0.014064193731342635,0.755,0.07353202228254886,0.12817650998493174,-0.05464448770238288,0,0,1.0008506518156104
7,EG,mu[1],200,200,0.01050301994692312,0.01050301994692312,0.92,0.07089060245660014,0.07373396734664718,-0.002843364890047037,0,0,1.0017217253968864
7,EG,mu[2],200,200,0.004895407225042851,0.004895407225042851,0.98,0.07039235737997955,0.06295343588737913,0.00743892149260042,0,0,1.0017217253968864
7,EG,phi11,200,200,-1.296771520104262e-4,-3.241928800260654e-4,0.975,0.010281862448215376,0.010064936769460206,2.1692567875516988e-4,0,0,1.0017217253968864
7,EG,phi12,200,200,-0.001082605325376796,-0.010826053253767958,0.975,0.010725809671930866,0.009763247404376571,9.625622675542948e-4,0,0,1.0017217253968864
7,EG,phi21,200,200,0.0023758290750785487,0.023758290750785484,0.945,0.010980917876775687,0.01217707341130135,-0.0011961555345256641,0,0,1.0017217253968864
7,EG,phi22,200,200,-0.002030722996214912,-0.00507680749053728,0.965,0.010371913240633475,0.0098381659551587,5.337472854747751e-4,0,0,1.0017217253968864
7,EG,rho,200,200,-0.013134202685853445,-0.04378067561951149,0.975,0.06337500672928928,0.06045268318894689,0.0029223235403423864,0,0,1.0017217253968864
7,NG,mu[1],200,200,0.005736586607088014,0.005736586607088014,0.925,0.07175501532237841,0.07842372032457451,-0.006668705002196101,0,0,1.000759860177593
7,NG,mu[2],200,200,-1.9051343310716042e-4,-1.9051343310716042e-4,0.96,0.0715032718093397,0.0676289468859567,0.0038743249233829935,0,0,1.000759860177593
7,NG,phi11,200,200,-0.009826372021179582,-0.024565930052948954,0.97,0.06780576132197859,0.06417294394414096,0.0036328173778376327,0,0,1.000759860177593
7,NG,phi12,200,200,-0.0075308589552163215,-0.07530858955216321,0.965,0.06895511320804266,0.06895824346041901,-3.13025237634601e-6,0,0,1.000759860177593
7,NG,phi21,200,200,0.0012767372999056919,0.012767372999056923,0.94,0.06808770859647499,0.06918214848806514,-0.0010944398915901515,0,0,1.000759860177593
7,NG,phi22,200,200,-0.02113731077839697,-0.052843276945992425,0.93,0.06803807716147692,0.0661162575662991,0.001921819595177815,0,0,1.000759860177593
7,NG,rho,200,200,-0.04793772570672612,-0.15979241902242042,0.88,0.06576504074803166,0.07257847825388945,-0.006813437505857792,0,0,1.000759860177593
7,NG,sigma[1],200,200,0.0021384455536297116,0.0021384455536297116,0.635,0.05079436974907538,0.10241120614910341,-0.05161683640002804,0,0,1.000759860177593
7,NG,sigma[2],200,200,-0.0036002012011643893,-0.0036002012011643893,0.71,0.050514261267721586,0.09298535153943135,-0.04247109027170977,0,0,1.000759860177593
8,EG,mu[1],200,200,3.796741720340943e-4,3.796741720340943e-4,0.93,0.07019676554614519,0.07217725414956651,-0.0019804886034213154,0,0,1.0018357843900974
8,EG,mu[2],200,200,0.0022105948266030848,0.0022105948266030848,0.94,0.0700495138067505,0.06960281415042725,4.466996563232406e-4,0,0,1.0018357843900974
8,EG,phi11,200,200,-1.3119687295287257e-4,-3.2799218238218145e-4,0.94,0.010564653409068524,0.012095605340032895,-0.0015309519309643707,0,0,1.0018357843900974
8,EG,phi12,200,200,-1.0413529089588064e-4,-0.0010413529089588057,0.95,0.01066687585426389,0.011192461506553791,-5.255856522899012e-4,0,0,1.0018357843900974
8,EG,phi21,200,200,2.1814076203143006e-7,2.18140762031444e-6,0.955,0.010516941763370452,0.010755990212051765,-2.3904844868131297e-4,0,0,1.0018357843900974
8,EG,phi22,200,200,-0.0010664219882334219,-0.0026660549705835547,0.935,0.010143724704214338,0.011542309519835793,-0.0013985848156214554,0,0,1.0018357843900974
8,EG,rho,200,200,-0.011751188605559189,-0.0391706286851973,0.925,0.06292411610933363,0.06626493711782798,-0.003340821008494352,0,0,1.0018357843900974
8,NG,mu[1],200,200,0.006672575025305649,0.006672575025305649,0.92,0.07131373133757327,0.07581026354150382,-0.0044965322039305505,0,0,1.0008919141122168
8,NG,mu[2],200,200,0.008275259227843614,0.008275259227843614,0.93,0.07109943087298749,0.0726180337468217,-0.0015186028738342072,0,0,1.0008919141122168
8,NG,phi11,200,200,-0.021023919238596638,-0.05255979809649159,0.955,0.06814803436389562,0.06557755911100718,0.002570475252888435,0,0,1.0008919141122168
8,NG,phi12,200,200,0.0012623569963390085,0.012623569963390086,0.945,0.06879660743821858,0.07206740046010023,-0.0032707930218816433,0,0,1.0008919141122168
8,NG,phi21,200,200,-0.011037600095403005,-0.11037600095403005,0.955,0.06850672263700203,0.06837719833879828,1.2952429820374534e-4,0,0,1.0008919141122168
8,NG,phi22,200,200,-0.012145968179654602,-0.030364920449136502,0.955,0.06801417797452093,0.06646893332757098,0.0015452446469499531,0,0,1.0008919141122168
8,NG,rho,200,200,-0.04587324118643423,-0.15291080395478077,0.825,0.0656770991069326,0.07949274314377552,-0.01381564403684292,0,0,1.0008919141122168
8,NG,sigma[1],200,200,-0.004914058605119564,-0.004914058605119564,0.705,0.050390816029997676,0.09794531069181847,-0.047554494661820795,0,0,1.0008919141122168
8,NG,sigma[2],200,200,-0.007395330639989486,-0.007395330639989486,0.67,0.05023831071311937,0.09550395450730444,-0.045265643794185066,0,0,1.0008919141122168
9,EG,mu[1],200,200,0.0035763558232195405,0.0035763558232195405,0.94,0.07028990507337708,0.07345785787531103,-0.0031679528019339515,0,0,1.0017481433160171
9,EG,mu[2],200,200,-0.004219881120608834,-0.004219881120608834,0.955,0.07044597171524308,0.06910503502899022,0.001340936686252861,0,0,1.0017481433160171
9,EG,phi11,200,200,-6.02134458570224e-4,-0.00150533614642556,0.95,0.010292441152772832,0.00980814534017871,4.8429581259412137e-4,0,0,1.0017481433160171
9,EG,phi12,200,200,-0.0010753309588810976,-0.010753309588810975,0.945,0.009907059683141347,0.010903889354211228,-9.968296710698814e-4,0,0,1.0017481433160171
9,EG,phi21,200,200,0.002213108248528527,0.02213108248528527,0.93,0.01040723349933177,0.01162345479545318,-0.0012162212961214103,0,0,1.0017481433160171
9,EG,phi22,200,200,6.115098690369533e-4,0.0015287746725923834,0.95,0.010035290463320879,0.011847701784475083,-0.0018124113211542038,0,0,1.0017481433160171
9,EG,rho,200,200,-0.5884400312643057,-1.961466770881019,0,0.06318002422441504,0.06384183117350613,-6.618069490910844e-4,0,0,1.0017481433160171
9,NG,mu[1],200,200,-6.462425593387507e-4,-6.462425593387507e-4,0.93,0.07136954805468272,0.07980748233357207,-0.00843793427888935,0,0,1.0007786163891417
9,NG,mu[2],200,200,-0.0014967085690534183,-0.0014967085690534183,0.94,0.0710497450119978,0.07603665486071534,-0.004986909848717538,0,0,1.0007786163891417
9,NG,phi11,200,200,-0.017487818730235458,-0.043719546825588644,0.94,0.06672261168255741,0.06484959375147818,0.0018730179310792322,0,0,1.0007786163891417
9,NG,phi12,200,200,-0.0012047985500670431,-0.01204798550067043,0.945,0.0677272365623821,0.06594427512118618,0.0017829614411959127,0,0,1.0007786163891417
9,NG,phi21,200,200,-0.004528658980516254,-0.04528658980516254,0.955,0.06688851098239566,0.06653152307117835,3.56987911217313e-4,0,0,1.0007786163891417
9,NG,phi22,200,200,-0.023405839214982446,-0.058514598037456116,0.95,0.06686185428877875,0.07049732038855329,-0.0036354660997745397,0,0,1.0007786163891417
9,NG,rho,200,200,-0.5578911961461425,-1.8596373204871417,0,0.06557139338349917,0.08077345115785735,-0.01520205777435818,0,0,1.0007786163891417
9,NG,sigma[1],200,200,-0.0036543699742034984,-0.0036543699742034984,0.695,0.05044805001601911,0.1024349998341263,-0.051986949818107184,0,0,1.0007786163891417
9,NG,sigma[2],200,200,-0.008803208230159615,-0.008803208230159615,0.655,0.05021938596050047,0.09394553517685865,-0.04372614921635818,0,0,1.0007786163891417
10,EG,mu[1],200,200,0.0061334428983426965,0.0061334428983426965,0.965,0.1368558396843147,0.12669962578404131,0.010156213900273381,0.005,0.005,1.0020286461471737
10,EG,mu[2],200,200,0.008474284389338758,0.008474284389338758,0.95,0.13845473340122746,0.13476112455566344,0.0036936088455640226,0.005,0.005,1.0020286461471737
10,EG,phi11,200,200,-0.009880973023332542,-0.024702432558331353,0.925,0.04934468633912141,0.05559076124176342,-0.006246074902642007,0.005,0.005,1.0020286461471737
10,EG,phi12,200,200,0.0021889953375593815,0.021889953375593817,0.945,0.04721614460115184,0.05011819934835775,-0.0029020547472059094,0.005,0.005,1.0020286461471737
10,EG,phi21,200,200,0.004520898805567369,0.045208988055673686,0.935,0.04925361999814557,0.05503557076761165,-0.005781950769466075,0.005,0.005,1.0020286461471737
10,EG,phi22,200,200,-0.013509328483251311,-0.03377332120812828,0.935,0.049479123705981704,0.05420114955602598,-0.004722025850044276,0.005,0.005,1.0020286461471737
10,EG,rho,200,200,-0.05633155843358768,-0.11266311686717537,0.935,0.11177071726438775,0.1135473734254485,-0.0017766561610607495,0.005,0.005,1.0020286461471737
10,NG,mu[1],200,200,-0.008349669062707373,-0.008349669062707373,0.925,0.14592805216473856,0.15814417184810337,-0.012216119683364807,0,0,1.0012245914864484
10,NG,mu[2],200,200,-0.010094299995786902,-0.010094299995786902,0.915,0.14479569180069793,0.1674767177929862,-0.022681025992288273,0,0,1.0012245914864484
10,NG,phi11,200,200,-0.08128660002493446,-0.20321650006233613,0.945,0.14717028970673193,0.13639251581297476,0.01077777389375717,0,0,1.0012245914864484
10,NG,phi12,200,200,-0.009207529804901983,-0.09207529804901983,0.96,0.15164468363504768,0.15425615470420911,-0.0026114710691614307,0,0,1.0012245914864484
10,NG,phi21,200,200,8.754529331897258e-4,0.008754529331897251,0.975,0.14862039630930265,0.14164713140764534,0.006973264901657311,0,0,1.0012245914864484
10,NG,phi22,200,200,-0.08635127836833631,-0.21587819592084076,0.945,0.1478751951014245,0.14131860476509586,0.006556590336328633,0,0,1.0012245914864484
10,NG,rho,200,200,-0.09762603486238652,-0.19525206972477305,0.81,0.11581765927558074,0.1373010077822073,-0.02148334850662656,0,0,1.0012245914864484
10,NG,sigma[1],200,200,-0.019383274886315707,-0.019383274886315707,0.69,0.10190890729047322,0.18846161332735692,-0.0865527060368837,0,0,1.0012245914864484
10,NG,sigma[2],200,200,-0.028095532392724602,-0.028095532392724602,0.71,0.10096407201028822,0.18649763600657976,-0.08553356399629154,0,0,1.0012245914864484
11,EG,mu[1],200,200,-0.02247967855447391,-0.02247967855447391,0.975,0.13974644447698334,0.11725449834362087,0.022491946133362473,0,0,1.0020205145691403
11,EG,mu[2],200,200,-0.01641502619742377,-0.01641502619742377,0.935,0.13894281793979865,0.1385890314936919,3.5378644610675747e-4,0,0,1.0020205145691403
11,EG,phi11,200,200,-0.015951490302216615,-0.039878725755541536,0.96,0.05138510270954208,0.046239940405053956,0.005145162304488124,0,0,1.0020205145691403
11,EG,phi12,200,200,0.009854653163135944,0.09854653163135943,0.96,0.05225157501543119,0.0534789247387398,-0.00122734972330861,0,0,1.0020205145691403
11,EG,phi21,200,200,-0.002528159218338614,-0.025281592183386135,0.975,0.05080356968081827,0.049532295714823586,0.0012712739659946834,0,0,1.0020205145691403
11,EG,phi22,200,200,-0.01154750226249647,-0.028868755656241172,0.95,0.05078325638203377,0.052694810927319674,-0.0019115545452859026,0,0,1.0020205145691403
11,EG,rho,200,200,-0.04275958917596162,-0.08551917835192324,0.97,0.10995195968105957,0.10201018934548235,0.00794177033557722,0,0,1.0020205145691403
11,NG,mu[1],200,200,-0.009741454097069965,-0.009741454097069965,0.965,0.14717323944674368,0.14624614209799894,9.270973487447431e-4,0,0,1.0011708736345821
11,NG,mu[2],200,200,-0.0018413106267819077,-0.0018413106267819077,0.895,0.14761596060300197,0.17781218038342583,-0.03019621978042386,0,0,1.0011708736345821
11,NG,phi11,200,200,-0.08504853773011195,-0.21262134432527985,0.94,0.14762135596470113,0.13235940446919048,0.015261951495510656,0,0,1.0011708736345821
11,NG,phi12,200,200,0.03755094084450995,0.3755094084450995,0.925,0.15197899747387575,0.15588999992674307,-0.003911002452867324,0,0,1.0011708736345821
11,NG,phi21,200,200,-0.0043066875708615586,-0.04306687570861558,0.925,0.149984543682399,0.14835839834627157,0.001626145336127427,0,0,1.0011708736345821
11,NG,phi22,200,200,-0.07162190406423107,-0.17905476016057767,0.94,0.14886319650308383,0.13772404981171912,0.011139146691364704,0,0,1.0011708736345821
11,NG,rho,200,200,-0.08219049904981679,-0.16438099809963358,0.87,0.11445810823210921,0.1312738337297579,-0.01681572549764869,0,0,1.0011708736345821
11,NG,sigma[1],200,200,-0.007887061113921805,-0.007887061113921805,0.77,0.10291330478183232,0.17027373866805312,-0.0673604338862208,0,0,1.0011708736345821
11,NG,sigma[2],200,200,-0.005786634068977361,-0.005786634068977361,0.715,0.10319901385405371,0.19821168613526605,-0.09501267228121234,0,0,1.0011708736345821
12,EG,mu[1],200,200,0.010472514396995803,0.010472514396995803,0.955,0.13849111477061019,0.12737823180598007,0.011112882964630116,0,0,1.0020355655713151
12,EG,mu[2],200,200,-0.010739693688543233,-0.010739693688543233,0.96,0.13796967173048486,0.13048954868087437,0.007480123049610488,0,0,1.0020355655713151
12,EG,phi11,200,200,-0.010641181436133526,-0.026602953590333815,0.945,0.047861369103684395,0.05277493213052573,-0.0049135630268413374,0,0,1.0020355655713151
12,EG,phi12,200,200,0.0014291299559368576,0.01429129955936858,0.94,0.04648571358786245,0.0497037766302225,-0.003218063042360046,0,0,1.0020355655713151
12,EG,phi21,200,200,0.001806716543315633,0.018067165433156333,0.945,0.04601044739599937,0.04934066838360263,-0.003330220987603265,0,0,1.0020355655713151
12,EG,phi22,200,200,-0.005485409662663869,-0.013713524156659673,0.91,0.04679469416603151,0.05279996336416068,-0.006005269198129166,0,0,1.0020355655713151
12,EG,rho,200,200,-0.9540077844229885,-1.908015568845977,0,0.11070258746998904,0.10650915307964375,0.004193434390345294,0,0,1.0020355655713151
12,NG,mu[1],200,200,-0.006481804974426633,-0.006481804974426633,0.935,0.14597356723273813,0.15476660068047216,-0.008793033447734022,0,0,1.0010829043876748
12,NG,mu[2],200,200,0.0032070342554749855,0.0032070342554749855,0.925,0.14568968798591236,0.15876880544452168,-0.013079117458609318,0,0,1.0010829043876748
12,NG,phi11,200,200,-0.07903033631138462,-0.19757584077846155,0.95,0.14455410156342705,0.13621961760075857,0.008334483962668476,0,0,1.0010829043876748
12,NG,phi12,200,200,-0.013183707609722005,-0.13183707609722004,0.925,0.14764828119600829,0.15170989686992745,-0.004061615673919161,0,0,1.0010829043876748
12,NG,phi21,200,200,-0.01184508718218508,-0.1184508718218508,0.96,0.14716613358054365,0.1390435476974939,0.008122585883049732,0,0,1.0010829043876748
12,NG,phi22,200,200,-0.07694237999423807,-0.19235594998559516,0.97,0.14459356793745864,0.13671999858081996,0.007873569356638688,0,0,1.0010829043876748
12,NG,rho,200,200,-0.9165823977383891,-1.8331647954767782,0,0.11426261719313335,0.1402277749456905,-0.025965157752557144,0,0,1.0010829043876748
12,NG,sigma[1],200,200,-0.01593518893133783,-0.01593518893133783,0.69,0.1022047274826861,0.1866683323651224,-0.0844636048824363,0,0,1.0010829043876748
12,NG,sigma[2],200,200,-0.01765735090833477,-0.01765735090833477,0.735,0.1020421235083537,0.17747881549960076,-0.07543669199124706,0,0,1.0010829043876748
13,EG,mu[1],200,200,0.003922483106911251,0.003922483106911251,0.955,0.09843488205338793,0.08918759320572228,0.009247288847665652,0,0,1.0019445168271517
13,EG,mu[2],200,200,0.010461773184792156,0.010461773184792156,0.95,0.09900888919182435,0.09805598809532702,9.5290109649733e-4,0,0,1.0019445168271517
13,EG,phi11,200,200,-0.002393708050297627,-0.005984270125744068,0.925,0.0218866670912485,0.02132410000995476,5.62567081293739e-4,0,0,1.0019445168271517
13,EG,phi12,200,200,0.0011404763635430688,0.01140476363543069,0.94,0.021905991245869366,0.021534290544579178,3.7170070129018823e-4,0,0,1.0019445168271517
13,EG,phi21,200,200,0.0029472276340228635,0.029472276340228636,0.93,0.02202970237872446,0.02289392888153737,-8.642265028129086e-4,0,0,1.0019445168271517
13,EG,phi22,200,200,-0.0031399520202117083,-0.007849880050529272,0.945,0.022493569444114053,0.02406913799609628,-0.0015755685519822267,0,0,1.0019445168271517
13,EG,rho,200,200,-0.02547456743983348,-0.05094913487966696,0.96,0.07451308579764294,0.07235034547217345,0.002162740325469495,0,0,1.0019445168271517
13,NG,mu[1],200,200,-0.00360532769724438,-0.00360532769724438,0.95,0.10288407445184633,0.10153869549167736,0.0013453789601689664,0,0,1.0010418499817528
13,NG,mu[2],200,200,0.002494553505844793,0.002494553505844793,0.91,0.10286324335101767,0.10900179891235198,-0.006138555561334316,0,0,1.0010418499817528
13,NG,phi11,200,200,-0.04070639232314886,-0.10176598080787215,0.91,0.10477057294810932,0.10655246328059162,-0.0017818903324822999,0,0,1.0010418499817528
13,NG,phi12,200,200,0.00889623817373292,0.08896238173732919,0.94,0.10628688254038526,0.12173831302451574,-0.015451430484130474,0,0,1.0010418499817528
13,NG,phi21,200,200,-0.010063787950463315,-0.10063787950463315,0.985,0.10616978750207157,0.09641425945355521,0.009755528048516357,0,0,1.0010418499817528
13,NG,phi22,200,200,-0.028776630882648778,-0.07194157720662195,0.975,0.10501633282913767,0.0926079404567362,0.012408392372401461,0,0,1.0010418499817528
13,NG,rho,200,200,-0.06328298260834894,-0.12656596521669788,0.805,0.08006173843931626,0.10145534592256024,-0.02139360748324398,0,0,1.0010418499817528
13,NG,sigma[1],200,200,0.004725890061192573,0.004725890061192573,0.675,0.07250655584339635,0.1415575907766948,-0.06905103493329845,0,0,1.0010418499817528
13,NG,sigma[2],200,200,0.0046280691693854,0.0046280691693854,0.725,0.07248416519712118,0.13923328734788784,-0.06674912215076666,0,0,1.0010418499817528
14,EG,mu[1],200,200,-0.015921910828666792,-0.015921910828666792,0.955,0.09932276312820706,0.09310568988958465,0.006217073238622417,0.005,0.005,1.0018790375845532
14,EG,mu[2],200,200,-0.009780363289278235,-0.009780363289278235,0.965,0.0986376480076156,0.08807682168610474,0.010560826321510855,0.005,0.005,1.0018790375845532
14,EG,phi11,200,200,-0.002862514578870913,-0.007156286447177283,0.94,0.02355333945429436,0.024617007942976547,-0.0010636684886821887,0.005,0.005,1.0018790375845532
14,EG,phi12,200,200,-1.1596866450891572e-4,-0.0011596866450891547,0.945,0.023273566713790914,0.02612791810256444,-0.0028543513887735253,0.005,0.005,1.0018790375845532
14,EG,phi21,200,200,4.8124272314342117e-4,0.004812427231434212,0.96,0.023503149834640923,0.023849216699677277,-3.460668650363541e-4,0.005,0.005,1.0018790375845532
14,EG,phi22,200,200,-0.002792361121521003,-0.006980902803802507,0.945,0.02356980196126113,0.02361003004424216,-4.022808298102809e-5,0.005,0.005,1.0018790375845532
14,EG,rho,200,200,-0.032402212265353426,-0.06480442453070685,0.95,0.07571179309702059,0.07567719187785951,3.460121916107339e-5,0.005,0.005,1.0018790375845532
14,NG,mu[1],200,200,-0.008442791235186067,-0.008442791235186067,0.94,0.10171191725642371,0.10684908229135875,-0.00513716503493504,0,0,1.0010303361539188
14,NG,mu[2],200,200,-0.0037314054666213797,-0.0037314054666213797,0.96,0.1021553461061806,0.09718073115927159,0.004974614946909012,0,0,1.0010303361539188
14,NG,phi11,200,200,-0.04314978020491653,-0.1078744505122913,0.95,0.10486534371065985,0.09709225257656037,0.007773091134099477,0,0,1.0010303361539188
14,NG,phi12,200,200,0.006623768855242925,0.06623768855242924,0.95,0.10531622060017526,0.10283645885081244,0.002479761749362819,0,0,1.0010303361539188
14,NG,phi21,200,200,0.0015763060071256887,0.015763060071256895,0.96,0.10635797998867957,0.10800678338045248,-0.00164880339177291,0,0,1.0010303361539188
14,NG,phi22,200,200,-0.037732676459357316,-0.09433169114839329,0.935,0.10482875139938885,0.09893377995024942,0.005894971449139433,0,0,1.0010303361539188
14,NG,rho,200,200,-0.07115985780026222,-0.14231971560052445,0.76,0.08060645211331581,0.10884624615399825,-0.028239794040682442,0,0,1.0010303361539188
14,NG,sigma[1],200,200,-0.005009162219371055,-0.005009162219371055,0.71,0.07167284977940398,0.12962205226483794,-0.05794920248543396,0,0,1.0010303361539188
14,NG,sigma[2],200,200,-0.0017642142725192234,-0.0017642142725192234,0.74,0.07206259527241692,0.11900417991470963,-0.046941584642292714,0,0,1.0010303361539188
15,EG,mu[1],200,200,0.007556717852494542,0.007556717852494542,0.96,0.09870024392002535,0.09389826654714772,0.0048019773728776305,0,0,1.0019137728755472
15,EG,mu[2],200,200,-0.0038591593187632368,-0.0038591593187632368,0.97,0.098383140721728,0.08724404015886801,0.011139100562859994,0,0,1.0019137728755472
15,EG,phi11,200,200,0.002820441450002595,0.007051103625006488,0.94,0.02111492143013635,0.02207877259309161,-9.638511629552621e-4,0,0,1.0019137728755472
15,EG,phi12,200,200,0.0029712013070232915,0.02971201307023292,0.955,0.021496748487909167,0.023130971389186766,-0.0016342229012775988,0,0,1.0019137728755472
15,EG,phi21,200,200,-0.0031678280518958653,-0.03167828051895865,0.935,0.020875182847962272,0.020622363705772417,2.52819142189855e-4,0,0,1.0019137728755472
15,EG,phi22,200,200,-0.005426196288843387,-0.013565490722108466,0.965,0.02249793123544567,0.021101748650139057,0.0013961825853066115,0,0,1.0019137728755472
15,EG,rho,200,200,-0.9742029733096527,-1.9484059466193053,0,0.07453191282151289,0.07945272375761059,-0.004920810936097697,0,0,1.0019137728755472
15,NG,mu[1],200,200,2.672386296122116e-4,2.672386296122116e-4,0.95,0.10281426220221214,0.10443310000462583,-0.001618837802413689,0,0,1.0009810979359153
15,NG,mu[2],200,200,0.0037661824926159887,0.0037661824926159887,0.96,0.1003724752466869,0.09865820338359735,0.0017142718630895476,0,0,1.0009810979359153
15,NG,phi11,200,200,-0.026161585478867756,-0.06540396369716939,0.975,0.10047880962497692,0.0932313598893289,0.007247449735648018,0,0,1.0009810979359153
15,NG,phi12,200,200,-0.006949192412765653,-0.06949192412765652,0.955,0.10387314947728053,0.10926845717965408,-0.00539530770237355,0,0,1.0009810979359153
15,NG,phi21,200,200,0.0029269912489876637,0.029269912489876638,0.945,0.09904132618881033,0.10068226395929823,-0.0016409377704879047,0,0,1.0009810979359153
15,NG,phi22,200,200,-0.03095659022558127,-0.07739147556395318,0.925,0.10059949932073584,0.10348564381725567,-0.0028861444965198324,0,0,1.0009810979359153
15,NG,rho,200,200,-0.9301257122591295,-1.860251424518259,0,0.0805371104336783,0.09895962750255621,-0.018422517068877917,0,0,1.0009810979359153
15,NG,sigma[1],200,200,0.006247616536431646,0.006247616536431646,0.68,0.07263557324408397,0.13694453411635463,-0.06430896087227066,0,0,1.0009810979359153
15,NG,sigma[2],200,200,-0.018781809925789435,-0.018781809925789435,0.715,0.070805467393603,0.12500353321430438,-0.054198065820701385,0,0,1.0009810979359153
16,EG,mu[1],200,200,0.0034854678320027912,0.0034854678320027912,0.94,0.07000645809850532,0.06862602102637685,0.0013804370721284681,0,0,1.0019287935926644
16,EG,mu[2],200,200,-0.0025502184787050165,-0.0025502184787050165,0.96,0.06960531707370589,0.06855304997509588,0.0010522670986100047,0,0,1.0019287935926644
16,EG,phi11,200,200,1.8393813093290772e-4,4.598453273322693e-4,0.955,0.010732298785401688,0.010541280491737191,1.9101829366449663e-4,0,0,1.0019287935926644
16,EG,phi12,200,200,-0.0011930194751158232,-0.011930194751158231,0.97,0.01075082658430612,0.009901686027220061,8.491405570860595e-4,0,0,1.0019287935926644
16,EG,phi21,200,200,0.001817454198270409,0.01817454198270409,0.945,0.011190725640176785,0.013522707573519333,-0.0023319819333425477,0,0,1.0019287935926644
16,EG,phi22,200,200,-0.0016998754364130552,-0.004249688591032638,0.965,0.011635304991816366,0.01204654685014012,-4.112418583237538e-4,0,0,1.0019287935926644
16,EG,rho,200,200,-0.012495697665315313,-0.024991395330630627,0.945,0.05113003772371116,0.05177521027023997,-6.451725465288147e-4,0,0,1.0019287935926644
16,NG,mu[1],200,200,-5.952087895911422e-4,-5.952087895911422e-4,0.93,0.07143664660160007,0.07447408968729827,-0.0030374430856981993,0,0,1.0009794864437145
16,NG,mu[2],200,200,-0.0059476324766569565,-0.0059476324766569565,0.925,0.07108783668010492,0.07229270871883853,-0.0012048720387336093,0,0,1.0009794864437145
16,NG,phi11,200,200,-0.014575489507985411,-0.03643872376996352,0.95,0.07388096385640566,0.07502069220091806,-0.0011397283445123974,0,0,1.0009794864437145
16,NG,phi12,200,200,-0.007530126944827859,-0.07530126944827858,0.94,0.07475988391239821,0.07389620162535962,8.636822870385918e-4,0,0,1.0009794864437145
16,NG,phi21,200,200,0.001899335094396906,0.01899335094396906,0.925,0.07412677621521649,0.07257303923302,0.0015537369821964908,0,0,1.0009794864437145
16,NG,phi22,200,200,-0.019085397903916824,-0.04771349475979206,0.935,0.07399478280652913,0.07768281071653275,-0.0036880279100036245,0,0,1.0009794864437145
16,NG,rho,200,200,-0.05442027335318754,-0.10884054670637508,0.785,0.05648126601764514,0.06811982152638506,-0.01163855550873992,0,0,1.0009794864437145
16,NG,sigma[1],200,200,-0.003399934407754301,-0.003399934407754301,0.685,0.05035087306141659,0.09375232410573002,-0.04340145104431343,0,0,1.0009794864437145
16,NG,sigma[2],200,200,-0.0077053791808733615,-0.0077053791808733615,0.71,0.050159560480764975,0.09771746756058268,-0.047557907079817704,0,0,1.0009794864437145
17,EG,mu[1],200,200,0.0023810741896496336,0.0023810741896496336,0.95,0.06958736290777197,0.06809827802067696,0.0014890848870950102,0,0,1.0020159725615299
17,EG,mu[2],200,200,0.004315680581457824,0.004315680581457824,0.95,0.0693781718071636,0.07330665267915253,-0.003928480871988924,0,0,1.0020159725615299
17,EG,phi11,200,200,-0.002433321758357629,-0.006083304395894072,0.97,0.011715428212392156,0.01076407774259505,9.513504697971058e-4,0,0,1.0020159725615299
17,EG,phi12,200,200,2.1315227726847623e-4,0.0021315227726847624,0.955,0.011569653214934294,0.01208901733746496,-5.193641225306658e-4,0,0,1.0020159725615299
17,EG,phi21,200,200,-0.0017485353133150064,-0.017485353133150063,0.97,0.011512476509655636,0.010212371803515965,0.0013001047061396709,0,0,1.0020159725615299
17,EG,phi22,200,200,1.9988390405685454e-4,4.997097601421363e-4,0.96,0.011187429810604667,0.01108357914722958,1.0385066337508658e-4,0,0,1.0020159725615299
17,EG,rho,200,200,-0.00833478321511062,-0.01666956643022124,0.925,0.05093061912255073,0.054259764228790364,-0.0033291451062396338,0,0,1.0020159725615299
17,NG,mu[1],200,200,0.00708896874750776,0.00708896874750776,0.94,0.07084658111768338,0.07244750404875669,-0.0016009229310733064,0,0,1.0009970314046976
17,NG,mu[2],200,200,0.008885499140441072,0.008885499140441072,0.935,0.07147946889900646,0.07645740813054866,-0.004977939231542203,0,0,1.0009970314046976
17,NG,phi11,200,200,-0.023030219655333847,-0.05757554913833461,0.94,0.07395382471809975,0.07342252444182065,5.313002762790953e-4,0,0,1.0009970314046976
17,NG,phi12,200,200,0.006492049524003118,0.06492049524003118,0.95,0.07407735378720236,0.0753248615581959,-0.0012475077709935417,0,0,1.0009970314046976
17,NG,phi21,200,200,-0.002131606862769395,-0.021316068627693942,0.945,0.07498913921871812,0.07673350468491576,-0.0017443654661976338,0,0,1.0009970314046976
17,NG,phi22,200,200,-0.018779333178245407,-0.04694833294561351,0.95,0.07419866740677887,0.07255860952665694,0.001640057880121934,0,0,1.0009970314046976
17,NG,rho,200,200,-0.05541587871786864,-0.11083175743573728,0.75,0.056347980905661094,0.07780617033026653,-0.021458189424605437,0,0,1.0009970314046976
17,NG,sigma[1],200,200,-0.011969925934514921,-0.011969925934514921,0.71,0.04998402672715639,0.09688923635037222,-0.04690520962321583,0,0,1.0009970314046976
17,NG,sigma[2],200,200,-0.00413409605779564,-0.00413409605779564,0.66,0.05021827942694678,0.09867292354324488,-0.048454644116298094,0,0,1.0009970314046976
18,EG,mu[1],200,200,0.008554956660397952,0.008554956660397952,0.95,0.0702930569215154,0.06772665899349717,0.0025663979280182297,0.01,0.01,1.0019145676893104
18,EG,mu[2],200,200,8.590166833942804e-4,8.590166833942804e-4,0.945,0.06974549778702266,0.07303764377378108,-0.0032921459867584213,0.01,0.01,1.0019145676893104
18,EG,phi11,200,200,-0.002675880498001896,-0.00668970124500474,0.94,0.01067007396733636,0.011611718426455298,-9.416444591189375e-4,0.01,0.01,1.0019145676893104
18,EG,phi12,200,200,-0.0013399099178573535,-0.013399099178573536,0.935,0.010669638462476013,0.01269953190612052,-0.002029893443644508,0.01,0.01,1.0019145676893104
18,EG,phi21,200,200,-4.173012801916947e-4,-0.004173012801916946,0.95,0.010448936172432099,0.009595704273323354,8.532318991087452e-4,0.01,0.01,1.0019145676893104
18,EG,phi22,200,200,1.7282455753645372e-4,4.3206139384113426e-4,0.955,0.01059941609819497,0.011409450535401633,-8.100344372066626e-4,0.01,0.01,1.0019145676893104
18,EG,rho,200,200,-0.9882142870619393,-1.9764285741238785,0,0.051121530173754634,0.049413489424579314,0.00170804074917532,0.01,0.01,1.0019145676893104
18,NG,mu[1],200,200,0.004967483157032046,0.004967483157032046,0.94,0.07176319672433545,0.07096768829093793,7.955084333975265e-4,0,0,1.0009532512300678
18,NG,mu[2],200,200,0.005299764982483261,0.005299764982483261,0.93,0.07147701097641943,0.07759754892016825,-0.006120537943748824,0,0,1.0009532512300678
18,NG,phi11,200,200,-0.016759115123579093,-0.04189778780894773,0.94,0.07137435214558376,0.0711989183840849,1.754337614988527e-4,0,0,1.0009532512300678
18,NG,phi12,200,200,6.581727722626409e-4,0.006581727722626408,0.935,0.07212445181420465,0.07698749731032588,-0.004863045496121224,0,0,1.0009532512300678
18,NG,phi21,200,200,-0.009354947568863344,-0.09354947568863345,0.925,0.07130042140687143,0.07680269883975728,-0.005502277432885852,0,0,1.0009532512300678
18,NG,phi22,200,200,-0.025163014981005077,-0.06290753745251268,0.92,0.0714262388096682,0.07645729994211893,-0.005031061132450734,0,0,1.0009532512300678
18,NG,rho,200,200,-0.9458673898420289,-1.8917347796840578,0,0.056441572527829866,0.07072968745451792,-0.014288114926688057,0,0,1.0009532512300678
18,NG,sigma[1],200,200,0.0028850713646832475,0.0028850713646832475,0.735,0.05065080850542648,0.09723396376947956,-0.04658315526405308,0,0,1.0009532512300678
18,NG,sigma[2],200,200,-0.0012852017968589962,-0.0012852017968589962,0.645,0.05038619044728057,0.10922346356517149,-0.058837273117890915,0,0,1.0009532512300678
19,EG,mu[1],200,200,0.03724782191544658,0.03724782191544658,0.95,0.14349354359624872,0.13931541522922597,0.004178128367022749,0,0,1.0019473274740158
19,EG,mu[2],200,200,0.02168935070095015,0.02168935070095015,0.95,0.14194289279903874,0.13811770242869623,0.0038251903703425127,0,0,1.0019473274740158
19,EG,phi11,200,200,-0.010026366677028348,-0.018229757594596996,0.965,0.04217923475227263,0.039931395008994584,0.0022478397432780448,0,0,1.0019473274740158
19,EG,phi12,200,200,9.361446407218759e-4,0.009361446407218761,0.97,0.04917626281076335,0.0496031107531552,-4.2684794239184615e-4,0,0,1.0019473274740158
19,EG,phi21,200,200,0.0011629523170820848,0.011629523170820852,0.95,0.04199755327111026,0.040405753561357595,0.0015917997097526643,0,0,1.0019473274740158
19,EG,phi22,200,200,-0.006868710072400373,-0.027474840289601492,0.94,0.05018396565906568,0.05012905454833454,5.491111073114424e-5,0,0,1.0019473274740158
19,EG,rho,200,200,-0.04998197667092379,-0.1666065889030793,0.945,0.12757829055053574,0.12246012076233516,0.00511816978820058,0,0,1.0019473274740158
19,NG,mu[1],200,200,0.023662205417902316,0.023662205417902316,0.895,0.15196066417450518,0.1769631655428821,-0.025002501368376923,0,0,1.0010408671984552
19,NG,mu[2],200,200,0.004218912726582385,0.004218912726582385,0.95,0.15059676062707558,0.15804918977660248,-0.007452429149526901,0,0,1.0010408671984552
19,NG,phi11,200,200,-0.07703693012659088,-0.14006714568471068,0.945,0.12687361278952614,0.11285188259652505,0.014021730193001083,0,0,1.0010408671984552
19,NG,phi12,200,200,0.004596072119613858,0.04596072119613859,0.945,0.14790399038143642,0.1365077376801918,0.011396252701244614,0,0,1.0010408671984552
19,NG,phi21,200,200,-0.0019120676336265951,-0.019120676336265956,0.98,0.12824482439335752,0.12696244813923058,0.0012823762541269434,0,0,1.0010408671984552
19,NG,phi22,200,200,-0.045014341318559616,-0.18005736527423846,0.98,0.14383500446445902,0.11900809953735932,0.0248269049270997,0,0,1.0010408671984552
19,NG,rho,200,200,-0.08007233961864164,-0.2669077987288055,0.925,0.12943803992509564,0.1292487646556563,1.8927526943934847e-4,0,0,1.0010408671984552
19,NG,sigma[1],200,200,0.015954652190310198,0.015954652190310198,0.685,0.10663203733032563,0.19604611936598212,-0.0894140820356565,0,0,1.0010408671984552
19,NG,sigma[2],200,200,0.004234690674597491,0.004234690674597491,0.74,0.105513184463755,0.1902307196313934,-0.0847175351676384,0,0,1.0010408671984552
20,EG,mu[1],200,200,-0.007201237909918316,-0.007201237909918316,0.955,0.1389163733363095,0.13771702455515153,0.0011993487811579606,0,0,1.0019547103149191
20,EG,mu[2],200,200,-0.018983955033635862,-0.018983955033635862,0.965,0.14116850708712336,0.12528112536990918,0.015887381717214183,0,0,1.0019547103149191
20,EG,phi11,200,200,-0.013610885631929226,-0.024747064785325863,0.945,0.043326240095438284,0.04375373266902281,-4.2749257358452863e-4,0,0,1.0019547103149191
20,EG,phi12,200,200,0.0014494711874866503,0.014494711874866508,0.955,0.047541422719188,0.04808239729630876,-5.409745771207605e-4,0,0,1.0019547103149191
20,EG,phi21,200,200,8.361491971055181e-4,0.008361491971055185,0.94,0.042797859762036046,0.04302584332498755,-2.279835629515059e-4,0,0,1.0019547103149191
20,EG,phi22,200,200,-0.009835817617806332,-0.03934327047122533,0.925,0.05087625840830161,0.051157786222829973,-2.8152781452836506e-4,0,0,1.0019547103149191
20,EG,rho,200,200,-0.04242337825338497,-0.14141126084461658,0.93,0.12621441298232813,0.13091498624647357,-0.004700573264145441,0,0,1.0019547103149191
20,NG,mu[1],200,200,0.019123078556618957,0.019123078556618957,0.92,0.14988500255916332,0.17399231082808242,-0.024107308268919103,0,0,1.0010567321000805
20,NG,mu[2],200,200,0.007580393543087178,0.007580393543087178,0.93,0.1490458747587712,0.14932274693367817,-2.7687217490696137e-4,0,0,1.0010567321000805
20,NG,phi11,200,200,-0.08194320850983292,-0.14898765183605983,0.93,0.12759202728704616,0.12286572512709514,0.004726302159951026,0,0,1.0010567321000805
20,NG,phi12,200,200,0.002594204946493304,0.02594204946493303,0.95,0.1483090359298249,0.14709744359224536,0.0012115923375795312,0,0,1.0010567321000805
20,NG,phi21,200,200,-0.014448228273297179,-0.14448228273297176,0.935,0.13012210651143077,0.1457843794655834,-0.015662272954152623,0,0,1.0010567321000805
20,NG,phi22,200,200,-0.05456966267688349,-0.21827865070753397,0.92,0.14421161005863198,0.14050389131875318,0.003707718739878796,0,0,1.0010567321000805
20,NG,rho,200,200,-0.06888477796673485,-0.22961592655578283,0.895,0.12862335033659655,0.14314305528300733,-0.014519704946410777,0,0,1.0010567321000805
20,NG,sigma[1],200,200,0.0025786311371364407,0.0025786311371364407,0.68,0.10524874569108886,0.20559335145603871,-0.10034460576494986,0,0,1.0010567321000805
20,NG,sigma[2],200,200,-0.002704981955753648,-0.002704981955753648,0.72,0.10472272081093487,0.20588715926667678,-0.10116443845574191,0,0,1.0010567321000805
21,EG,mu[1],200,200,0.022746004617127405,0.022746004617127405,0.935,0.1407337762486022,0.14005125812811162,6.825181204905828e-4,0,0,1.0018693365989177
21,EG,mu[2],200,200,-0.008675539237134156,-0.008675539237134156,0.96,0.13962897782845493,0.12493740644932344,0.01469157137913149,0,0,1.0018693365989177
21,EG,phi11,200,200,-0.009989944176587684,-0.018163534866523064,0.955,0.041432267792496154,0.039926470141162865,0.001505797651333289,0,0,1.0018693365989177
21,EG,phi12,200,200,0.0057344281143687365,0.057344281143687365,0.945,0.047534333312981736,0.0460067342967814,0.0015275990162003372,0,0,1.0018693365989177
21,EG,phi21,200,200,-0.002070594017635192,-0.020705940176351918,0.965,0.03796302729801911,0.038477910474856034,-5.148831768369208e-4,0,0,1.0018693365989177
21,EG,phi22,200,200,-0.010469334324195141,-0.041877337296780566,0.955,0.04905817876766581,0.045395326522945305,0.003662852244720502,0,0,1.0018693365989177
21,EG,rho,200,200,-0.5581542476265245,-1.860514158755082,0.005,0.12749663905585634,0.1196661202977275,0.007830518758128846,0,0,1.0018693365989177
21,NG,mu[1],200,200,0.005725039449235678,0.005725039449235678,0.905,0.14946166324946794,0.17676890576484233,-0.02730724251537439,0,0,1.0010297856019073
21,NG,mu[2],200,200,0.011132775071296872,0.011132775071296872,0.925,0.14610851983724352,0.14820117280879905,-0.002092652971555531,0,0,1.0010297856019073
21,NG,phi11,200,200,-0.0791268855390759,-0.14386706461650162,0.945,0.1268922119735231,0.11661108876250877,0.010281123211014334,0,0,1.0010297856019073
21,NG,phi12,200,200,-0.008542064561276248,-0.08542064561276247,0.96,0.1474384024418649,0.13182543061791174,0.015612971823953159,0,0,1.0010297856019073
21,NG,phi21,200,200,0.008397633992442357,0.08397633992442358,0.97,0.12700518933461222,0.1219408051769708,0.005064384157641419,0,0,1.0010297856019073
21,NG,phi22,200,200,-0.04125139950615163,-0.16500559802460651,0.975,0.14147584627952353,0.13312628695008963,0.008349559329433903,0,0,1.0010297856019073
21,NG,rho,200,200,-0.5317757525267822,-1.7725858417559406,0.01,0.12879026113335632,0.14077850424891314,-0.011988243115556824,0,0,1.0010297856019073
21,NG,sigma[1],200,200,-5.688920265276176e-5,-5.688920265276176e-5,0.71,0.10484995983548537,0.1901357999157358,-0.08528584008025042,0,0,1.0010297856019073
21,NG,sigma[2],200,200,-0.02497551312466883,-0.02497551312466883,0.73,0.10235724157659117,0.17647520494665697,-0.0741179633700658,0,0,1.0010297856019073
22,EG,mu[1],200,200,0.004258030611356022,0.004258030611356022,0.945,0.09922953350173187,0.09598294459967341,0.0032465889020584643,0,0,1.0018003376556106
22,EG,mu[2],200,200,0.0012767360805236402,0.0012767360805236402,0.955,0.0987775994449194,0.09062255070477668,0.008155048740142723,0,0,1.0018003376556106
22,EG,phi11,200,200,-0.004626937486627849,-0.008412613612050633,0.945,0.020145561955230783,0.021693363527916874,-0.001547801572686091,0,0,1.0018003376556106
22,EG,phi12,200,200,2.1123437841964559e-4,0.0021123437841964574,0.945,0.023856784530627114,0.025327105855477254,-0.00147032132485014,0,0,1.0018003376556106
22,EG,phi21,200,200,-6.990693975410628e-4,-0.0069906939754106265,0.97,0.01891700799716711,0.01947663730089123,-5.596293037241212e-4,0,0,1.0018003376556106
22,EG,phi22,200,200,-0.003311204646442007,-0.013244818585768028,0.965,0.023778039733224027,0.02150345783893314,0.002274581894290889,0,0,1.0018003376556106
22,EG,rho,200,200,-0.015461914200197938,-0.05153971400065979,0.95,0.08964725296894967,0.09026088823587375,-6.136352669240813e-4,0,0,1.0018003376556106
22,NG,mu[1],200,200,-0.005525790582728225,-0.005525790582728225,0.93,0.10180447149987526,0.10929270009796573,-0.007488228598090466,0,0,1.0009188291070863
22,NG,mu[2],200,200,-0.006107914642839702,-0.006107914642839702,0.92,0.10225398242792108,0.10383913269467043,-0.0015851502667493522,0,0,1.0009188291070863
22,NG,phi11,200,200,-0.03737061756314051,-0.06794657738752818,0.95,0.0879659153176231,0.08088816805560824,0.0070777472620148635,0,0,1.0009188291070863
22,NG,phi12,200,200,0.007703116489629048,0.07703116489629047,0.955,0.10332221240209226,0.1003889955578412,0.0029332168442510603,0,0,1.0009188291070863
22,NG,phi21,200,200,-0.0089651235814504,-0.089651235814504,0.97,0.08961695507403954,0.08748843884667852,0.002128516227361016,0,0,1.0009188291070863
22,NG,phi22,200,200,-0.03517006162708486,-0.14068024650833943,0.95,0.1024836369485222,0.09169656805691322,0.010787068891608978,0,0,1.0009188291070863
22,NG,rho,200,200,-0.04539893406154382,-0.1513297802051461,0.88,0.09164232819809523,0.10713769062512557,-0.01549536242703034,0,0,1.0009188291070863
22,NG,sigma[1],200,200,-0.011042685131190137,-0.011042685131190137,0.75,0.07172999174918548,0.1329152322714521,-0.06118524052226662,0,0,1.0009188291070863
22,NG,sigma[2],200,200,-0.005464491785009239,-0.005464491785009239,0.73,0.07213194817070936,0.13702258161774053,-0.06489063344703117,0,0,1.0009188291070863
23,EG,mu[1],200,200,-0.011353078377075288,-0.011353078377075288,0.955,0.09976930968240962,0.09754592686671391,0.0022233828156957014,0,0,1.0017892379614672
23,EG,mu[2],200,200,-0.013746489014534019,-0.013746489014534019,0.965,0.09997042763939686,0.10056130290333246,-5.908752639356002e-4,0,0,1.0017892379614672
23,EG,phi11,200,200,-0.002910233844560882,-0.0052913342628379675,0.965,0.01964331222287513,0.01903599285902775,6.073193638473813e-4,0,0,1.0017892379614672
23,EG,phi12,200,200,0.0010624699099163802,0.010624699099163804,0.935,0.023465360828161926,0.02582553970827677,-0.002360178880114843,0,0,1.0017892379614672
23,EG,phi21,200,200,3.2330867794206275e-4,0.0032330867794206283,0.965,0.019444697930912226,0.019277893227920027,1.6680470299219874e-4,0,0,1.0017892379614672
23,EG,phi22,200,200,-0.0017281344361837292,-0.006912537744734917,0.935,0.022600987891181486,0.02414770033504103,-0.001546712443859545,0,0,1.0017892379614672
23,EG,rho,200,200,-0.022154677665282476,-0.0738489255509416,0.935,0.08998482032763634,0.09371560680979348,-0.0037307864821571335,0,0,1.0017892379614672
23,NG,mu[1],200,200,-0.0033949124903528754,-0.0033949124903528754,0.93,0.10263112746550149,0.11210772708616619,-0.009476599620664702,0,0,1.0008633920507903
23,NG,mu[2],200,200,-0.006067182698440389,-0.006067182698440389,0.92,0.10344558696733153,0.11073398130436157,-0.007288394337030046,0,0,1.0008633920507903
23,NG,phi11,200,200,-0.04137827997397316,-0.07523323631631484,0.96,0.08891431080407358,0.07965238574858903,0.009261925055484552,0,0,1.0008633920507903
23,NG,phi12,200,200,3.861364583982088e-4,0.003861364583982087,0.96,0.10281876843409138,0.09201102240586122,0.010807746028230161,0,0,1.0008633920507903
23,NG,phi21,200,200,-0.002206205231511246,-0.02206205231511246,0.945,0.09043006021735954,0.08422704906795825,0.006203011149401291,0,0,1.0008633920507903
23,NG,phi22,200,200,-0.02732811424292479,-0.10931245697169915,0.965,0.10205887310964525,0.09283807781194821,0.009220795297697038,0,0,1.0008633920507903
23,NG,rho,200,200,-0.050791431337855554,-0.1693047711261852,0.86,0.09204221059299789,0.11212601831098563,-0.020083807717987748,0,0,1.0008633920507903
23,NG,sigma[1],200,200,-0.0038033031934444407,-0.0038033031934444407,0.72,0.07233260828429156,0.13758197862387764,-0.06524937033958608,0,0,1.0008633920507903
23,NG,sigma[2],200,200,0.002673824384522956,0.002673824384522956,0.675,0.072762335200843,0.14425491650842512,-0.07149258130758211,0,0,1.0008633920507903
24,EG,mu[1],200,200,0.0066046796240204755,0.0066046796240204755,0.93,0.0994838385021696,0.10162053767003354,-0.002136699167863937,0,0,1.001789127729617
24,EG,mu[2],200,200,-0.01537767410873487,-0.01537767410873487,0.95,0.09995258303394051,0.10188668452656738,-0.0019341014926268635,0,0,1.001789127729617
24,EG,phi11,200,200,-0.005093498616050358,-0.009260906574637014,0.945,0.019104959334559912,0.0190664816513946,3.847768316531108e-5,0,0,1.001789127729617
24,EG,phi12,200,200,-0.00495439282642319,-0.049543928264231894,0.96,0.0219570055795349,0.02113954987184642,8.174557076884824e-4,0,0,1.001789127729617
24,EG,phi21,200,200,-3.5019246330862317e-4,-0.00350192463308623,0.92,0.019088306902314854,0.02067169792358724,-0.0015833910212723866,0,0,1.001789127729617
24,EG,phi22,200,200,6.009233734424549e-4,0.0024036934937698195,0.925,0.0229863145083894,0.024599303938990683,-0.0016129894306012825,0,0,1.001789127729617
24,EG,rho,200,200,-0.5799472058041789,-1.9331573526805965,0,0.0895796864157574,0.08712299365797306,0.0024566927577843456,0,0,1.001789127729617
24,NG,mu[1],200,200,-0.003693580772056953,-0.003693580772056953,0.9,0.1031462376388904,0.11780074664064386,-0.014654509001753455,0,0,1.0008602309578587
24,NG,mu[2],200,200,-0.006924565988181736,-0.006924565988181736,0.95,0.10375557498648663,0.11046426377280434,-0.00670868878631771,0,0,1.0008602309578587
24,NG,phi11,200,200,-0.05501687177343037,-0.10003067595169157,0.92,0.08873654118328139,0.08448544647323344,0.004251094710047948,0,0,1.0008602309578587
24,NG,phi12,200,200,-0.026966180430645484,-0.2696618043064548,0.95,0.09999425680758334,0.10100416928818158,-0.0010099124805982435,0,0,1.0008602309578587
24,NG,phi21,200,200,0.0077894803730508885,0.07789480373050889,0.97,0.09060684910517477,0.08807458231611534,0.002532266789059434,0,0,1.0008602309578587
24,NG,phi22,200,200,-0.024768827361706092,-0.09907530944682437,0.97,0.09924428832699109,0.0886286213937653,0.010615666933225784,0,0,1.0008602309578587
24,NG,rho,200,200,-0.5502389091108774,-1.834129697036258,0,0.0918425518924714,0.11027201303537582,-0.01842946114290442,0,0,1.0008602309578587
24,NG,sigma[1],200,200,-0.0021022867069312393,-0.0021022867069312393,0.68,0.07237921105659605,0.14157135313222208,-0.06919214207562603,0,0,1.0008602309578587
24,NG,sigma[2],200,200,0.002310793671154811,0.002310793671154811,0.705,0.07257072882925174,0.14003519343757645,-0.06746446460832471,0,0,1.0008602309578587
25,EG,mu[1],200,200,0.005975181217141471,0.005975181217141471,0.955,0.07046816785715453,0.067119476950758,0.0033486909063965287,0,0,1.0017872074998202
25,EG,mu[2],200,200,0.007219685597315023,0.007219685597315023,0.97,0.07059656923303163,0.062481792959404155,0.008114776273627479,0,0,1.0017872074998202
25,EG,phi11,200,200,-1.0273915962389413e-4,-1.8679847204344387e-4,0.96,0.009670346355969655,0.009819434563765505,-1.4908820779585032e-4,0,0,1.0017872074998202
25,EG,phi12,200,200,1.1217783970283047e-4,0.0011217783970283047,0.94,0.011127453259589007,0.011924009476832226,-7.965562172432186e-4,0,0,1.0017872074998202
25,EG,phi21,200,200,-6.306413066731141e-4,-0.006306413066731141,0.925,0.0100699109477448,0.010877699795816423,-8.077888480716219e-4,0,0,1.0017872074998202
25,EG,phi22,200,200,1.7770911798650326e-4,7.10836471946013e-4,0.955,0.011677751856433497,0.011067950885579367,6.098009708541303e-4,0,0,1.0017872074998202
25,EG,rho,200,200,-0.010540660989694153,-0.03513553663231385,0.945,0.06292559590752608,0.06619207064443351,-0.0032664747369074293,0,0,1.0017872074998202
25,NG,mu[1],200,200,0.0018698878825103545,0.0018698878825103545,0.935,0.07187383401261074,0.07412142284717337,-0.002247588834562622,0,0,1.000801157840706
25,NG,mu[2],200,200,0.002858846670977916,0.002858846670977916,0.955,0.07222871999328946,0.06540521148787896,0.006823508505410497,0,0,1.000801157840706
25,NG,phi11,200,200,-0.025044482920457654,-0.04553542349174119,0.93,0.06208804913488936,0.06561740536623954,-0.0035293562313501795,0,0,1.000801157840706
25,NG,phi12,200,200,-0.0020808686297468,-0.020808686297467995,0.945,0.07230487790675288,0.07442749252379366,-0.0021226146170407745,0,0,1.000801157840706
25,NG,phi21,200,200,0.002935892638169514,0.02935892638169514,0.955,0.06258119438839525,0.06129176011638305,0.0012894342720122035,0,0,1.000801157840706
25,NG,phi22,200,200,-0.02021875406183898,-0.08087501624735592,0.96,0.07188888725031145,0.06956508920121168,0.002323798049099768,0,0,1.000801157840706
25,NG,rho,200,200,-0.04670044922380686,-0.1556681640793562,0.815,0.065661798149088485,0.08237527661197455,-0.016713478462886067,0,0,1.000801157840706
25,NG,sigma[1],200,200,0.0061663216484247494,0.0061663216484247494,0.68,0.05107960261250191,0.09964485838504522,-0.04856525577254331,0,0,1.000801157840706
25,NG,sigma[2],200,200,0.009067565955194413,0.009067565955194413,0.7,0.051155145666889036,0.09952120782839245,-0.048366062161503416,0,0,1.000801157840706
26,EG,mu[1],200,200,-0.009231093751259658,-0.009231093751259658,0.955,0.07066907262916369,0.06622181258561541,0.0044472600435482845,0,0,1.0017299540322098
26,EG,mu[2],200,200,-0.003589615877404271,-0.003589615877404271,0.955,0.07036865457180749,0.06673418921765566,0.0036344653541518362,0,0,1.0017299540322098
26,EG,phi11,200,200,-0.0011678803871639303,-0.0021234188857526004,0.95,0.009326636274609985,0.009530016932845631,-2.0338065823564608e-4,0,0,1.0017299540322098
26,EG,phi12,200,200,5.819718383331601e-4,0.0058197183833316015,0.935,0.011120078202022987,0.012559721622756655,-0.0014396434207336675,0,0,1.0017299540322098
26,EG,phi21,200,200,-1.4170395548270752e-4,-0.0014170395548270748,0.92,0.009114098584506793,0.010474301551927547,-0.0013602029674207542,0,0,1.0017299540322098
26,EG,phi22,200,200,0.001026807328629254,0.004107229314517016,0.915,0.011123568123924538,0.012657612645883925,-0.0015340445219593872,0,0,1.0017299540322098
26,EG,rho,200,200,-0.008684807920784462,-0.028949359735948206,0.96,0.06278052638811625,0.05555652708265705,0.007223999305459201,0,0,1.0017299540322098
26,NG,mu[1],200,200,-0.002977250106368947,-0.002977250106368947,0.955,0.07185308944172161,0.06975411528148887,0.002098974160232747,0,0,1.000821341625331
26,NG,mu[2],200,200,0.0031767252763108176,0.0031767252763108176,0.94,0.07168012803736627,0.07047389338966129,0.0012062346477049873,0,0,1.000821341625331
26,NG,phi11,200,200,-0.021983080813585666,-0.039969237842883025,0.945,0.0614627697760017,0.060721934943759874,7.408348322418268e-4,0,0,1.000821341625331
26,NG,phi12,200,200,0.003912984337038053,0.039129843370380536,0.935,0.07222748708982459,0.07651397950488965,-0.0042864924150650685,0,0,1.000821341625331
26,NG,phi21,200,200,-0.012934464449362122,-0.1293446444936212,0.935,0.06177726044026568,0.06627330780349669,-0.004496047363231011,0,0,1.000821341625331
26,NG,phi22,200,200,-0.010698043037605177,-0.04279217215042071,0.955,0.07149906939057275,0.06702335657293022,0.00447571281764253,0,0,1.000821341625331
26,NG,rho,200,200,-0.05007071379375898,-0.16690237931252994,0.885,0.06587612015706577,0.06540244698593518,4.736731711305897e-4,0,0,1.000821341625331
26,NG,sigma[1],200,200,0.0040197222952316316,0.0040197222952316316,0.71,0.05088402929224338,0.10045870787486195,-0.049574678582618575,0,0,1.000821341625331
26,NG,sigma[2],200,200,0.0018233636668583647,0.0018233636668583647,0.72,0.05076220427660192,0.09827080158725139,-0.04750859731064947,0,0,1.000821341625331
27,EG,mu[1],200,200,0.00791399092023655,0.00791399092023655,0.95,0.0705923938995221,0.06850383572636398,0.002088558173158117,0,0,1.0017403944337142
27,EG,mu[2],200,200,-0.012915842418591688,-0.012915842418591688,0.955,0.07099563239600974,0.07179203104916905,-7.963986531593081e-4,0,0,1.0017403944337142
27,EG,phi11,200,200,1.5569786357981453e-4,2.830870246905718e-4,0.93,0.009583607291614936,0.010918907348444033,-0.0013353000568290963,0,0,1.0017403944337142
27,EG,phi12,200,200,-0.0020174275583667318,-0.020174275583667318,0.905,0.01094899391951443,0.013129932348633553,-0.0021809384291191225,0,0,1.0017403944337142
27,EG,phi21,200,200,-5.950828843212832e-4,-0.005950828843212832,0.965,0.009196940465580727,0.009537405687519658,-3.4046522193893064e-4,0,0,1.0017403944337142
27,EG,phi22,200,200,-9.509467031165437e-4,-0.0038037868124661746,0.965,0.010986398528254613,0.010412645226205783,5.737533020488302e-4,0,0,1.0017403944337142
27,EG,rho,200,200,-0.58789421483694,-1.9596473827898002,0,0.06339217943814245,0.05847004383166688,0.004922135606475565,0,0,1.0017403944337142
27,NG,mu[1],200,200,0.002381306449327129,0.002381306449327129,0.935,0.07159122777089982,0.07406429212452327,-0.002473064353623447,0,0,1.0007980012695183
27,NG,mu[2],200,200,-0.007393062103927493,-0.007393062103927493,0.945,0.07191814229340285,0.07597799598349059,-0.004059853690087739,0,0,1.0007980012695183
27,NG,phi11,200,200,-0.014208936385201395,-0.025834429791275263,0.925,0.06067138433082002,0.0631020591350352,-0.0024306748042151743,0,0,1.0007980012695183
27,NG,phi12,200,200,-0.0012819485728398571,-0.012819485728398566,0.98,0.06984412711135499,0.06037063941660533,0.009473487694749656,0,0,1.0007980012695183
27,NG,phi21,200,200,-0.0020789337058249088,-0.02078933705824908,0.935,0.06151203442784577,0.06649548394311189,-0.004983449515266115,0,0,1.0007980012695183
27,NG,phi22,200,200,-0.019934197843832595,-0.07973679137533038,0.955,0.06960570591725286,0.06321491712877647,0.00639078878847639,0,0,1.0007980012695183
27,NG,rho,200,200,-0.5514017468383509,-1.8380058227945029,0,0.06581502739617175,0.07700046104763632,-0.011185433651464571,0,0,1.0007980012695183
27,NG,sigma[1],200,200,-0.0025641368687897206,-0.0025641368687897206,0.675,0.05050083521792055,0.10239341212022479,-0.05189257690230424,0,0,1.0007980012695183
27,NG,sigma[2],200,200,0.003007267955596774,0.003007267955596774,0.715,0.05073964753213081,0.1013728668124016,-0.050633219280270786,0,0,1.0007980012695183
28,EG,mu[1],200,200,-1.9777873365578062e-4,-1.9777873365578062e-4,0.97,0.13676289185219212,0.1247874098629182,0.011975481989273923,0,0,1.0019544274054444
28,EG,mu[2],200,200,0.015540568719045668,0.015540568719045668,0.95,0.13907635342521282,0.1340058327874105,0.005070520637802334,0,0,1.0019544274054444
28,EG,phi11,200,200,-0.006043760678368847,-0.010988655778852448,0.96,0.04344498298661929,0.044955212974935106,-0.001510229988315813,0,0,1.0019544274054444
28,EG,phi12,200,200,0.003761385599201849,0.03761385599201849,0.98,0.04895996855613792,0.04632867751320073,0.0026312910429371894,0,0,1.0019544274054444
28,EG,phi21,200,200,0.005082973486259634,0.05082973486259635,0.955,0.0438769258949887,0.04919461525398611,-0.005317689358997409,0,0,1.0019544274054444
28,EG,phi22,200,200,-0.008677239610860282,-0.03470895844344113,0.955,0.051585661844410685,0.04680735065196411,0.004778311192446573,0,0,1.0019544274054444
28,EG,rho,200,200,-0.06153107931423035,-0.1230621586284607,0.94,0.1112571852106109,0.10717888142045447,0.004078303790156432,0,0,1.0019544274054444
28,NG,mu[1],200,200,-0.01692991465874543,-0.01692991465874543,0.905,0.1456197732742745,0.1722540019744032,-0.026634228700128687,0,0,1.001217681048247
28,NG,mu[2],200,200,7.891311132083844e-4,7.891311132083844e-4,0.915,0.15040871790284166,0.16822275530181963,-0.017814037398977967,0,0,1.001217681048247
28,NG,phi11,200,200,-0.09475077191295596,-0.172274130750829,0.925,0.13447666819641946,0.1192764849961622,0.015200183200257261,0,0,1.001217681048247
28,NG,phi12,200,200,0.001107668464446161,0.011076684644461616,0.96,0.1508895604034088,0.14103747299329936,0.009852087410109456,0,0,1.001217681048247
28,NG,phi21,200,200,-0.02961958511264575,-0.29619585112645747,0.975,0.1412384807073148,0.13699035601046577,0.004248124696849015,0,0,1.001217681048247
28,NG,phi22,200,200,-0.045428065496061126,-0.1817122619842445,0.955,0.15268959317441744,0.1386034926788884,0.014086100495529025,0,0,1.001217681048247
28,NG,rho,200,200,-0.10170498446026566,-0.20340996892053131,0.835,0.11632776835416592,0.13502988079420836,-0.01870211244004244,0,0,1.001217681048247
28,NG,sigma[1],200,200,-0.02340852819181052,-0.02340852819181052,0.715,0.10169491840927528,0.18387465090271718,-0.0821797324934419,0,0,1.001217681048247
28,NG,sigma[2],200,200,0.0087757960655729,0.0087757960655729,0.715,0.10486710803693915,0.19285976273665983,-0.08799265469972069,0,0,1.001217681048247
29,EG,mu[1],200,200,-0.009757542005429054,-0.009757542005429054,0.94,0.1391796964120236,0.13979314022782338,-6.134438157997801e-4,0,0,1.0020024874151738
29,EG,mu[2],200,200,-0.003062036601404613,-0.003062036601404613,0.94,0.13737229631839998,0.14139441881276002,-0.004022122494360042,0,0,1.0020024874151738
29,EG,phi11,200,200,-0.005215057113388722,-0.009481922024343132,0.98,0.04311143580419723,0.04363047329978119,-5.190374955839558e-4,0,0,1.0020024874151738
29,EG,phi12,200,200,7.641684805454268e-4,0.007641684805454269,0.975,0.049424183529160275,0.044404047276212395,0.005020136252947879,0,0,1.0020024874151738
29,EG,phi21,200,200,-0.0010417870254230144,-0.010417870254230141,0.93,0.04280143821067449,0.04514457009545973,-0.0023431318847852434,0,0,1.0020024874151738
29,EG,phi22,200,200,-0.013417413294925063,-0.05366965317970025,0.945,0.05145610410514003,0.05150038928371719,-4.428517857715808e-5,0,0,1.0020024874151738
29,EG,rho,200,200,-0.03929121282819701,-0.07858242565639402,0.965,0.10892052757441474,0.09728303811137366,0.011637489463041079,0,0,1.0020024874151738
29,NG,mu[1],200,200,0.004470066226786525,0.004470066226786525,0.86,0.14901150655275724,0.18155329537725548,-0.032541788824498236,0,0,1.0011104126772665
29,NG,mu[2],200,200,0.011668219453180338,0.011668219453180338,0.925,0.14819016831064472,0.16686434751505605,-0.018674179204411334,0,0,1.0011104126772665
29,NG,phi11,200,200,-0.08466853433914541,-0.15394278970753708,0.94,0.1345897486657421,0.12239958210282058,0.012190166562921531,0,0,1.0011104126772665
29,NG,phi12,200,200,-6.700624599765498e-4,-0.006700624599765491,0.95,0.15692160529296129,0.14193617785924864,0.014985427433712645,0,0,1.0011104126772665
29,NG,phi21,200,200,-0.025878558917820184,-0.2587855891782018,0.965,0.1360339154071702,0.12325552029933744,0.012778395107832755,0,0,1.0011104126772665
29,NG,phi22,200,200,-0.052351316211078316,-0.20940526484431327,0.965,0.15314397546449962,0.13942030212946493,0.013723673335034686,0,0,1.0011104126772665
29,NG,rho,200,200,-0.08363565049310909,-0.16727130098621817,0.855,0.11478933561287785,0.12691480201905797,-0.012125466406180119,0,0,1.0011104126772665
29,NG,sigma[1],200,200,-0.010698062775402502,-0.010698062775402502,0.725,0.10279459331479973,0.1897630651348155,-0.08696847182001577,0,0,1.0011104126772665
29,NG,sigma[2],200,200,-0.019446097004970315,-0.019446097004970315,0.695,0.10203120234292463,0.18404923196265846,-0.08201802961973383,0,0,1.0011104126772665
30,EG,mu[1],200,200,0.02673986082444713,0.02673986082444713,0.97,0.14024565508575296,0.12740557361402435,0.012840081471728604,0,0,1.002015006807145
30,EG,mu[2],200,200,-0.006377170388250603,-0.006377170388250603,0.97,0.1384784468740829,0.1319451518872562,0.006533294986826699,0,0,1.002015006807145
30,EG,phi11,200,200,-0.0024261182530248646,-0.004411124096408845,0.94,0.04194581250785793,0.045307773964330854,-0.0033619614564729255,0,0,1.002015006807145
30,EG,phi12,200,200,9.839040034062706e-4,0.009839040034062706,0.935,0.0480992560005241,0.05426861790792049,-0.006169361907396385,0,0,1.002015006807145
30,EG,phi21,200,200,-0.004678230711329286,-0.04678230711329285,0.93,0.03872649035724514,0.0387875829421743,-6.109258492915937e-5,0,0,1.002015006807145
30,EG,phi22,200,200,-0.007751078223752699,-0.031004312895010797,0.95,0.04730173161189777,0.042992284052089685,0.004309447559808083,0,0,1.002015006807145
30,EG,rho,200,200,-0.9494870070493918,-1.8989740140987836,0,0.11117156414432912,0.10252266353913399,0.008648900605195131,0,0,1.002015006807145
30,NG,mu[1],200,200,0.02195234636189182,0.02195234636189182,0.925,0.149640189205034,0.16603221137587684,-0.016392022170842846,0,0,1.0011128743637185
30,NG,mu[2],200,200,0.0024681943719887397,0.0024681943719887397,0.915,0.14852003105123757,0.15931041321268424,-0.010790382161446677,0,0,1.0011128743637185
30,NG,phi11,200,200,-0.08436198501037287,-0.15338542729158702,0.92,0.13221682755018777,0.1242475227240215,0.00796930482616627,0,0,1.0011128743637185
30,NG,phi12,200,200,-0.029922440429231284,-0.29922440429231284,0.96,0.15113095642085875,0.14112953204313605,0.010001424377722695,0,0,1.0011128743637185
30,NG,phi21,200,200,2.1734028093583365e-4,0.002173402809358338,0.975,0.13418328656169914,0.12555084537182296,0.008632441189876189,0,0,1.0011128743637185
30,NG,phi22,200,200,-0.0605738636226473,-0.2422954544905892,0.955,0.14650251331582667,0.1289042785384286,0.01759823477739808,0,0,1.0011128743637185
30,NG,rho,200,200,-0.9085523285032842,-1.8171046570065683,0,0.11527851382435342,0.13063927341509754,-0.015360759590744122,0,0,1.0011128743637185
30,NG,sigma[1],200,200,0.002714234498433317,0.002714234498433317,0.695,0.10415600219825237,0.20100366471502795,-0.09684766251677558,0,0,1.0011128743637185
30,NG,sigma[2],200,200,-0.005782353648497953,-0.005782353648497953,0.645,0.10320195448240627,0.20077385207615564,-0.09757189759374937,0,0,1.0011128743637185
31,EG,mu[1],200,200,-1.3549916567649257e-4,-1.3549916567649257e-4,0.975,0.09809303732934543,0.08915859647612237,0.008934440853223063,0,0,1.0018684115320284
31,EG,mu[2],200,200,0.01657440187113315,0.01657440187113315,0.965,0.09976211234775476,0.09137780125425332,0.008384311093501434,0,0,1.0018684115320284
31,EG,phi11,200,200,-0.0029477596589571903,-0.0053595630162858,0.93,0.02006515243935671,0.021140603547239907,-0.001075451107883197,0,0,1.0018684115320284
31,EG,phi12,200,200,0.0021700872282662785,0.02170087228266278,0.935,0.024016310917501987,0.02578602533177544,-0.0017697144142734544,0,0,1.0018684115320284
31,EG,phi21,200,200,1.5862545203232533e-4,0.0015862545203232546,0.96,0.02039287629587234,0.021912271035142608,-0.0015193947392702668,0,0,1.0018684115320284
31,EG,phi22,200,200,-1.8759089904452992e-4,-7.503635961781197e-4,0.955,0.0243440445267525,0.025521656539534254,-0.0011776120127817528,0,0,1.0018684115320284
31,EG,rho,200,200,-0.030092969682600494,-0.06018593936520099,0.955,0.07550236831717286,0.06872219097401566,0.0067801773431571954,0,0,1.0018684115320284
31,NG,mu[1],200,200,-0.00853561415379729,-0.00853561415379729,0.92,0.10194469967476866,0.10711765554254304,-0.005172955867774387,0,0,1.001069283309243
31,NG,mu[2],200,200,0.008466709614725013,0.008466709614725013,0.97,0.10332896602159529,0.09982409697905206,0.0035048690425432266,0,0,1.001069283309243
31,NG,phi11,200,200,-0.04800827585546087,-0.08728777428265613,0.935,0.09406383383112991,0.09068744803110965,0.003376385800020268,0,0,1.001069283309243
31,NG,phi12,200,200,0.011232332509617901,0.11232332509617901,0.945,0.10862178038130356,0.10887790053258026,-2.5612015127669807e-4,0,0,1.001069283309243
31,NG,phi21,200,200,-0.019348655859320215,-0.19348655859320216,0.96,0.09604163594026814,0.08684003928872683,0.009201596651541313,0,0,1.001069283309243
31,NG,phi22,200,200,-0.02107179782406623,-0.08428719129626493,0.94,0.10883438437843924,0.10320426344781966,0.005630120930619584,0,0,1.001069283309243
31,NG,rho,200,200,-0.07187777927521044,-0.14375555855042088,0.795,0.08083693685171078,0.0986575778849635,-0.017820641033252718,0,0,1.001069283309243
31,NG,sigma[1],200,200,-0.006141221004483318,-0.006141221004483318,0.725,0.07178691594095485,0.13004834358565603,-0.058261427644701186,0,0,1.001069283309243
31,NG,sigma[2],200,200,0.005675056511688548,0.005675056511688548,0.765,0.07254633173950817,0.1288973499650897,-0.05635101822558153,0,0,1.001069283309243
32,EG,mu[1],200,200,-0.006547677662801269,-0.006547677662801269,0.97,0.09862845281640688,0.0905941975595431,0.008034255256863784,0,0,1.0020045166642075
32,EG,mu[2],200,200,9.969929016931315e-4,9.969929016931315e-4,0.97,0.09794590483788837,0.09559976002306521,0.0023461448148231617,0,0,1.0020045166642075
32,EG,phi11,200,200,-0.001836270211975361,-0.0033386731126824744,0.945,0.020416561577345987,0.021908723232987228,-0.0014921616556412415,0,0,1.0020045166642075
32,EG,phi12,200,200,4.863798629359032e-4,0.0048637986293590335,0.97,0.025217994167363585,0.025136529912903594,8.146425445999111e-5,0,0,1.0020045166642075
32,EG,phi21,200,200,-4.458893589801843e-4,-0.004458893589801842,0.935,0.02001858056639257,0.021730414326042915,-0.0017118337596503455,0,0,1.0020045166642075
32,EG,phi22,200,200,8.614843042701761e-4,0.0034459372170807046,0.95,0.02471299037624827,0.02819793317194013,-0.003484942795691861,0,0,1.0020045166642075
32,EG,rho,200,200,-0.01719574769900187,-0.03439149539800374,0.94,0.07421688284068037,0.0743512361507934,-1.343533101130362e-4,0,0,1.0020045166642075
32,NG,mu[1],200,200,3.765632355821298e-4,3.765632355821298e-4,0.95,0.10239761372427264,0.10564161514611388,-0.003244001421841239,0,0,1.0010465283715255
32,NG,mu[2],200,200,0.007109398511821823,0.007109398511821823,0.945,0.10020968611568286,0.10482917191596884,-0.004619485800285983,0,0,1.0010465283715255
32,NG,phi11,200,200,-0.038019606344347055,-0.06912655698972191,0.935,0.0943933052738274,0.0943381094140661,5.5195859761297816e-5,0,0,1.0010465283715255
32,NG,phi12,200,200,-2.126369793615933e-4,-0.002126369793615928,0.94,0.11289031910360454,0.11007636876714944,0.0028139503364551094,0,0,1.0010465283715255
32,NG,phi21,200,200,-0.013843429695050796,-0.13843429695050796,0.955,0.0932234823099686,0.08668283186872015,0.0065406504412484495,0,0,1.0010465283715255
32,NG,phi22,200,200,-0.02451045549034205,-0.0980418219613682,0.975,0.10946474628213484,0.09682776987681298,0.012636976405321868,0,0,1.0010465283715255
32,NG,rho,200,200,-0.06126861698931817,-0.12253723397863633,0.82,0.07992233010961482,0.10153760816057368,-0.021615278050958864,0,0,1.0010465283715255
32,NG,sigma[1],200,200,-0.004480801932865257,-0.004480801932865257,0.685,0.07183403090237028,0.13073361971188993,-0.05889958880951965,0,0,1.0010465283715255
32,NG,sigma[2],200,200,-0.0252204531407663,-0.0252204531407663,0.68,0.07033468163266898,0.1289187711662362,-0.058584089533567224,0,0,1.0010465283715255
33,EG,mu[1],200,200,0.0011257712021952783,0.0011257712021952783,0.96,0.09803492097211704,0.09042845498645478,0.007606465985662253,0,0,1.001944164729114
33,EG,mu[2],200,200,-0.014100196713469937,-0.014100196713469937,0.985,0.09947353785725474,0.09057135086483267,0.008902186992422068,0,0,1.001944164729114
33,EG,phi11,200,200,-6.404034575962905e-4,-0.001164369922902346,0.955,0.0199382924143902,0.021946936253465724,-0.0020086438390755253,0,0,1.001944164729114
33,EG,phi12,200,200,-7.764694120253168e-4,-0.007764694120253165,0.94,0.021985664420479795,0.024727128879700536,-0.0027414644592207403,0,0,1.001944164729114
33,EG,phi21,200,200,-0.0021954596835372245,-0.02195459683537224,0.95,0.019389220249058894,0.019708158901570814,-3.1893865251192074e-4,0,0,1.001944164729114
33,EG,phi22,200,200,-0.002519567274038485,-0.01007826909615394,0.97,0.022388206329163947,0.022758960858851467,-3.7075452968752046e-4,0,0,1.001944164729114
33,EG,rho,200,200,-0.9633306004275232,-1.9266612008550463,0,0.07573074581548468,0.07266648082401621,0.003064264991468474,0,0,1.001944164729114
33,NG,mu[1],200,200,-0.008006137689376334,-0.008006137689376334,0.935,0.10191704418648616,0.10649380475991485,-0.004576760573428693,0,0,1.0010394413419432
33,NG,mu[2],200,200,-0.008158055997824072,-0.008158055997824072,0.97,0.10245798954233797,0.10418173435760535,-0.0017237448152673807,0,0,1.0010394413419432
33,NG,phi11,200,200,-0.05387595857141792,-0.09795628831166894,0.93,0.09293838258256643,0.0943574169721598,-0.001419034389593371,0,0,1.0010394413419432
33,NG,phi12,200,200,-0.011348627682439261,-0.1134862768243926,0.95,0.10373687073536804,0.10122255344968903,0.0025143172856790102,0,0,1.0010394413419432
33,NG,phi21,200,200,-0.004220489887672839,-0.042204898876728375,0.94,0.0946800040785831,0.10039434627724048,-0.0057143421986573795,0,0,1.0010394413419432
33,NG,phi22,200,200,-0.02961831373341246,-0.11847325493364984,0.94,0.10319158413597747,0.10528414563706925,-0.002092561501091786,0,0,1.0010394413419432
33,NG,rho,200,200,-0.909643937860461,-1.819287875720922,0,0.08227713161405317,0.09608803707438575,-0.013810905460332576,0,0,1.0010394413419432
33,NG,sigma[1],200,200,-0.007930055393870976,-0.007930055393870976,0.705,0.07158829992516265,0.12842069600487035,-0.056832396079707706,0,0,1.0010394413419432
33,NG,sigma[2],200,200,-0.001241147888330964,-0.001241147888330964,0.715,0.07200691914361508,0.1355784700641621,-0.06357155092054702,0,0,1.0010394413419432
34,EG,mu[1],200,200,-0.005077002773713795,-0.005077002773713795,0.975,0.06939696549692934,0.06504633191463073,0.004350633582298605,0,0,1.0018957266646802
34,EG,mu[2],200,200,0.0049002824898871,0.0049002824898871,0.945,0.07006365091114551,0.06908401057795667,9.796403331888415e-4,0,0,1.0018957266646802
34,EG,phi11,200,200,4.894420695633394e-4,8.898946719333444e-4,0.95,0.010282653202854842,0.0107787327599795,-4.960795571246589e-4,0,0,1.0018957266646802
34,EG,phi12,200,200,-1.6328979154424134e-4,-0.0016328979154424125,0.925,0.011763174125656521,0.01345707304158103,-0.001693898915924509,0,0,1.0018957266646802
34,EG,phi21,200,200,-8.448413646478866e-4,-0.008448413646478865,0.925,0.010091255185553136,0.01036969729757077,-2.78442112017635e-4,0,0,1.0018957266646802
34,EG,phi22,200,200,0.001226538690634283,0.004906154762537132,0.975,0.01199388488831652,0.01234442552560884,-3.505406372923195e-4,0,0,1.0018957266646802
34,EG,rho,200,200,-0.004880182794471936,-0.009760365588943873,0.95,0.05067046443769882,0.05118481617313283,-5.143517354340085e-4,0,0,1.0018957266646802
34,NG,mu[1],200,200,-0.01076375131525607,-0.01076375131525607,0.96,0.07062601142817478,0.07075089911938162,-1.2488769120684584e-4,0,0,1.0010387936744836
34,NG,mu[2],200,200,0.0016967798471749038,0.0016967798471749038,0.94,0.07183094686112511,0.07302918413504315,-0.0011982372739180458,0,0,1.0010387936744836
34,NG,phi11,200,200,-0.013023711105758062,-0.02367947473774193,0.95,0.06579817341463771,0.0636022114131479,0.002195962001489818,0,0,1.0010387936744836
34,NG,phi12,200,200,0.0017640295862054991,0.017640295862054997,0.95,0.07669061849359295,0.07417101004936744,0.00251960844422551,0,0,1.0010387936744836
34,NG,phi21,200,200,-0.007767789949716342,-0.07767789949716342,0.975,0.06736207907311799,0.06315186769119313,0.004210211381924858,0,0,1.0010387936744836
34,NG,phi22,200,200,-0.004369044740040667,-0.017476178960162667,0.97,0.07729917706591091,0.06970746479757638,0.007591712268334536,0,0,1.0010387936744836
34,NG,rho,200,200,-0.05464298899954876,-0.10928597799909752,0.81,0.05635581675962462,0.0702435974237087,-0.013887780664084075,0,0,1.0010387936744836
34,NG,sigma[1],200,200,-0.014906682761013389,-0.014906682761013389,0.65,0.049843344922652105,0.09746383924379262,-0.047620494321140516,0,0,1.0010387936744836
34,NG,sigma[2],200,200,0.0014905546756740801,0.0014905546756740801,0.69,0.05064479228882627,0.10023516873030718,-0.049590376441480906,0,0,1.0010387936744836
35,EG,mu[1],200,200,-0.007392234085529614,-0.007392234085529614,0.935,0.07033691491074151,0.06844257151460423,0.0018943433961372824,0,0,1.0018624106445635
35,EG,mu[2],200,200,-0.0038683362528941266,-0.0038683362528941266,0.96,0.06989225027892523,0.0712580821512342,-0.001365831872308973,0,0,1.0018624106445635
35,EG,phi11,200,200,6.254913822730945e-4,0.0011372570586783537,0.98,0.009863302147900283,0.008231567470756967,0.0016317346771433164,0,0,1.0018624106445635
35,EG,phi12,200,200,-3.267097592847761e-4,-0.003267097592847761,0.94,0.011522724098228875,0.01216693683606944,-6.442127378405663e-4,0,0,1.0018624106445635
35,EG,phi21,200,200,-5.824113103583196e-4,-0.0058241131035831955,0.925,0.009222868414677099,0.010190399893290444,-9.675314786133458e-4,0,0,1.0018624106445635
35,EG,phi22,200,200,7.590929741586323e-4,0.003036371896634529,0.955,0.0115093994111801,0.012926396416659772,-0.001416997005479672,0,0,1.0018624106445635
35,EG,rho,200,200,-0.011865077290399394,-0.023730154580798787,0.95,0.05122617023445781,0.05005711540489365,0.0011690548295641562,0,0,1.0018624106445635
35,NG,mu[1],200,200,-0.004470002143802728,-0.004470002143802728,0.96,0.07196571128811383,0.07544405925671899,-0.003478347968605161,0,0,1.0010087237798337
35,NG,mu[2],200,200,-3.264033861129253e-5,-3.264033861129253e-5,0.945,0.07136405855733362,0.07536416449745768,-0.004000105940124066,0,0,1.0010087237798337
35,NG,phi11,200,200,-0.02322285981943746,-0.04222338148988629,0.945,0.06655662421149759,0.06508653224793018,0.0014700919635674131,0,0,1.0010087237798337
35,NG,phi12,200,200,-0.0029028292562097205,-0.0290282925620972,0.955,0.07864014133802891,0.06839006117180828,0.01025008016622063,0,0,1.0010087237798337
35,NG,phi21,200,200,-0.0028540029215302297,-0.028540029215302295,0.965,0.06634181116443953,0.06667173772866596,-3.2992656422642375e-4,0,0,1.0010087237798337
35,NG,phi22,200,200,-0.013523021906093497,-0.05409208762437399,0.94,0.07742472729137846,0.07797529820116943,-5.50570909790965e-4,0,0,1.0010087237798337
35,NG,rho,200,200,-0.05514513861740466,-0.11029027723480932,0.765,0.056392333897751765,0.07433771968072292,-0.017945385782971154,0,0,1.0010087237798337
35,NG,sigma[1],200,200,0.002746007437529634,0.002746007437529634,0.7,0.05061675910690763,0.09175291138015797,-0.041136152273250334,0,0,1.0010087237798337
35,NG,sigma[2],200,200,-0.006000597229074967,-0.006000597229074967,0.69,0.05015852340485791,0.10776622425573099,-0.05760770085087308,0,0,1.0010087237798337
36,EG,mu[1],200,200,0.003036026258914871,0.003036026258914871,0.96,0.0700274771462547,0.06952198387673056,5.054932695241349e-4,0,0,1.0019004272000727
36,EG,mu[2],200,200,4.202518803748393e-4,4.202518803748393e-4,0.96,0.06983185862815135,0.07090011976254686,-0.0010682611343955095,0,0,1.0019004272000727
36,EG,phi11,200,200,-7.224511153950968e-4,-0.0013135474825365396,0.95,0.009874682477794838,0.009974351677144555,-9.966919934971744e-5,0,0,1.0019004272000727
36,EG,phi12,200,200,3.0565153679209313e-4,0.0030565153679209312,0.94,0.011044480879618304,0.010770983078526702,2.7349780109160206e-4,0,0,1.0019004272000727
36,EG,phi21,200,200,-3.676134950731341e-4,-0.003676134950731341,0.96,0.0097837048228402,0.009483754225073915,2.999505977662846e-4,0,0,1.0019004272000727
36,EG,phi22,200,200,-5.671970368226961e-4,-0.0022687881472907845,0.945,0.01126922330263145,0.011970585802311352,-7.013624996799021e-4,0,0,1.0019004272000727
36,EG,rho,200,200,-0.9858741499283783,-1.9717482998567566,0,0.05163452507752122,0.052454328013196654,-8.198029356754344e-4,0,0,1.0019004272000727
36,NG,mu[1],200,200,-0.0010019051473716502,-0.0010019051473716502,0.945,0.07144533499125647,0.07618594197084391,-0.004740606979587447,0,0,1.0009463865640404
36,NG,mu[2],200,200,0.00238072982757879,0.00238072982757879,0.945,0.07099627605547906,0.07432233623473172,-0.00332606017925266,0,0,1.0009463865640404
36,NG,phi11,200,200,-0.023656633637351123,-0.04301206115882022,0.94,0.06457099155984723,0.05948516005022525,0.0050858315096219825,0,0,1.0009463865640404
36,NG,phi12,200,200,-0.010801801247318396,-0.10801801247318396,0.955,0.07431714528937476,0.07607072265281171,-0.0017535773634369534,0,0,1.0009463865640404
36,NG,phi21,200,200,4.4823024161561736e-4,0.0044823024161561795,0.965,0.06472437009110461,0.05920443542566401,0.005519934665440603,0,0,1.0009463865640404
36,NG,phi22,200,200,-0.014346390881870591,-0.057385563527482364,0.965,0.07328210809528798,0.064361482808636,0.008920625286651981,0,0,1.0009463865640404
36,NG,rho,200,200,-0.9375700118468386,-1.8751400236936773,0,0.05678826322139868,0.07246514680604618,-0.0156768835846475,0,0,1.0009463865640404
36,NG,sigma[1],200,200,-0.0031614015136805424,-0.0031614015136805424,0.62,0.050437379620166804,0.10403612505137384,-0.05359874543120704,0,0,1.0009463865640404
36,NG,sigma[2],200,200,-0.010116518217207607,-0.010116518217207607,0.64,0.049959847786748626,0.10460718083203441,-0.05464733304528578,0,0,1.0009463865640404
