condition_id,Model,param,mcmc_status,dgp_level,direction,T,rho,VARset,N_valid,mean_rel_bias,coverage_95,RMSE,mean_post_sd,emp_sd,sd_bias
1,Normal (NG),sigma[1],Clean,Exponential,++,50,0.3,A,200,-0.006449133699837541,0.695,0.19250543183641802,0.10423463302369174,0.19239737514074198,-0.08816274211705025
1,Normal (NG),sigma[2],Clean,Exponential,++,50,0.3,A,200,0.01133494540182135,0.69,0.21849423052670827,0.1059171461367178,0.21820001784187842,-0.11228287170516063
1,Normal (NG),mu[1],Clean,Exponential,++,50,0.3,A,200,0.011141970772188798,0.95,0.15843468532083332,0.1480932885475595,0.15804241835666516,-0.009949129809105672
1,Normal (NG),mu[2],Clean,Exponential,++,50,0.3,A,200,0.010477751648149685,0.905,0.1706422279557667,0.150525546674074,0.17032024742263482,-0.019794700748560823
1,Normal (NG),phi11,Clean,Exponential,++,50,0.3,A,200,-0.1715966522021138,0.965,0.1378942258206141,0.13889323912415116,0.1195974571098851,0.019295782014266058
1,Normal (NG),phi12,Clean,Exponential,++,50,0.3,A,200,-0.1230410963127204,0.985,0.12383812841490166,0.14046745572601352,0.12322536644493012,0.017242089281083395
1,Normal (NG),phi21,Clean,Exponential,++,50,0.3,A,200,0.017363813106343568,0.985,0.12611484036184922,0.14403668388701063,0.12610288632477368,0.017933797562236953
1,Normal (NG),phi22,Clean,Exponential,++,50,0.3,A,200,-0.18250381777091004,0.94,0.14312138152124013,0.13859323142497676,0.12310364287215536,0.015489588552821398
1,Normal (NG),rho,Clean,Exponential,++,50,0.3,A,200,-0.24601158729221845,0.9,0.15593367182557138,0.12905462164872553,0.13736213783871332,-0.00830751618998779
1,Exponential (EG),mu[1],Clean,Exponential,++,50,0.3,A,200,0.02619568918653655,0.975,0.13351860964625636,0.1413126008860344,0.1309236609246463,0.010388939961388094
1,Exponential (EG),mu[2],Clean,Exponential,++,50,0.3,A,200,0.026102924316269593,0.955,0.14169770050283576,0.14182605631904396,0.13927266662892054,0.00255338969012342
1,Exponential (EG),phi11,Clean,Exponential,++,50,0.3,A,200,-0.024849209615011535,0.935,0.05441020267124371,0.048338844002181504,0.05349460570718594,-0.0051557617050044385
1,Exponential (EG),phi12,Clean,Exponential,++,50,0.3,A,200,-0.02423966811460479,0.945,0.051231941424171756,0.045043749711346226,0.051174566016593676,-0.00613081630524745
1,Exponential (EG),phi21,Clean,Exponential,++,50,0.3,A,200,-0.02907217815777063,0.93,0.051499411680285274,0.047770056843178026,0.05141728783188716,-0.0036472309887091367
1,Exponential (EG),phi22,Clean,Exponential,++,50,0.3,A,200,-0.021221819610300518,0.94,0.05188446154767258,0.048194787523638816,0.051185338229617794,-0.002990550705978978
1,Exponential (EG),rho,Clean,Exponential,++,50,0.3,A,200,-0.1173515528165677,0.965,0.1202947010878412,0.12669178835598063,0.1150277804899829,0.011664007865997736
2,Normal (NG),sigma[1],Clean,Exponential,--,50,0.3,A,200,0.014905492623576136,0.725,0.18493203249357182,0.10639109083562256,0.18433036356458482,-0.07793927272896226
2,Normal (NG),sigma[2],Clean,Exponential,--,50,0.3,A,200,0.002516130061958635,0.65,0.21358750434597587,0.10526823416477436,0.21357268341773852,-0.10830444925296416
2,Normal (NG),mu[1],Clean,Exponential,--,50,0.3,A,200,0.001980244148750801,0.93,0.16552304075520285,0.15196386150037555,0.16551119495055278,-0.013547333450177224
2,Normal (NG),mu[2],Clean,Exponential,--,50,0.3,A,200,0.013838826648295841,0.905,0.17343258101252051,0.1498031683845593,0.17287957378956864,-0.023076405405009354
2,Normal (NG),phi11,Clean,Exponential,--,50,0.3,A,200,-0.15668234148118076,0.975,0.1290249878391353,0.1395601083876139,0.11278098468166058,0.026779123705953325
2,Normal (NG),phi12,Clean,Exponential,--,50,0.3,A,200,-0.1442346745265819,0.99,0.13369424226997717,0.14561797223042608,0.13291393456965098,0.012704037660775103
2,Normal (NG),phi21,Clean,Exponential,--,50,0.3,A,200,0.1676959895044969,0.95,0.13118112290249645,0.1404890674723562,0.13010483295020578,0.010384234522150426
2,Normal (NG),phi22,Clean,Exponential,--,50,0.3,A,200,-0.2107055548195583,0.96,0.14358579064158583,0.13948730346321062,0.11624709175320669,0.023240211710003927
2,Normal (NG),rho,Clean,Exponential,--,50,0.3,A,200,-0.20841430146631804,0.89,0.1542372334746472,0.12812808440501003,0.14099587687198673,-0.012867792466976696
2,Exponential (EG),mu[1],Clean,Exponential,--,50,0.3,A,200,-0.016797936084739205,0.98,0.13312897982390723,0.1414991424714756,0.1320649636059743,0.009434178865501297
2,Exponential (EG),mu[2],Clean,Exponential,--,50,0.3,A,200,-0.00517075286685181,0.955,0.140725130341477,0.13916557161829168,0.1406301021275873,-0.0014645305092956251
2,Exponential (EG),phi11,Clean,Exponential,--,50,0.3,A,200,-0.020456383855694097,0.97,0.040743872502585494,0.04473142282852374,0.03991376910333954,0.0048176537251842025
2,Exponential (EG),phi12,Clean,Exponential,--,50,0.3,A,200,-0.0439792645250096,0.97,0.04496364168720786,0.046399058187218484,0.044748042601816765,0.0016510155854017189
2,Exponential (EG),phi21,Clean,Exponential,--,50,0.3,A,200,0.03292823072883357,0.96,0.044313182377882475,0.04433882876799584,0.044190671511826575,1.4815725616926234e-4
2,Exponential (EG),phi22,Clean,Exponential,--,50,0.3,A,200,-0.02813351251505693,0.955,0.04873871458794868,0.04655903151132056,0.04742175846018305,-8.627269488624897e-4
2,Exponential (EG),rho,Clean,Exponential,--,50,0.3,A,200,-0.09693695903851182,0.97,0.12193163816971521,0.12606327918006377,0.11841289931533337,0.007650379864730397
3,Normal (NG),sigma[1],Clean,Exponential,+-,50,0.3,A,200,0.015213825734201903,0.715,0.21457095786314187,0.10632865992231137,0.2140309217492546,-0.10770226182694322
3,Normal (NG),sigma[2],Clean,Exponential,+-,50,0.3,A,200,-0.002664504197534035,0.72,0.18687861496128574,0.1048276798555216,0.1868596188244796,-0.082031938968958
3,Normal (NG),mu[1],Clean,Exponential,+-,50,0.3,A,200,0.00965335782495844,0.91,0.18654210487167894,0.1515088313257463,0.18629216186587075,-0.034783330540124446
3,Normal (NG),mu[2],Clean,Exponential,+-,50,0.3,A,200,-0.019248517234200686,0.935,0.17375836932590705,0.14925818437101612,0.17268892696140942,-0.023430742590393294
3,Normal (NG),phi11,Clean,Exponential,+-,50,0.3,A,200,-0.15759909919490003,0.975,0.13294024570936758,0.13550950353812552,0.11704320893815238,0.018466294599973135
3,Normal (NG),phi12,Clean,Exponential,+-,50,0.3,A,200,-0.07449914528416661,0.975,0.13721885803765718,0.1416996983418499,0.137016472639891,0.004683225701958893
3,Normal (NG),phi21,Clean,Exponential,+-,50,0.3,A,200,-0.2898993260239946,0.945,0.14725250160132128,0.13723471477027166,0.1443706446461865,-0.007135929875914854
3,Normal (NG),phi22,Clean,Exponential,+-,50,0.3,A,200,-0.23247014098294114,0.9,0.16178931048493814,0.13665718273740288,0.13239713877350653,0.004260043963896343
3,Normal (NG),rho,Clean,Exponential,+-,50,0.3,A,200,-1.7366000685741185,0.02,0.5397672407847383,0.1291790458074937,0.1411683122691584,-0.011989266461664705
3,Exponential (EG),mu[1],Clean,Exponential,+-,50,0.3,A,200,0.025738681620071625,0.935,0.15423915501481733,0.14175193736092695,0.15207641897462418,-0.010324481613697228
3,Exponential (EG),mu[2],Clean,Exponential,+-,50,0.3,A,200,-0.03339811872680443,0.975,0.14275717306640825,0.14311983422903582,0.13879544707022168,0.004324387158814141
3,Exponential (EG),phi11,Clean,Exponential,+-,50,0.3,A,200,-0.02713298539305181,0.95,0.04629933192889463,0.0442834751576746,0.04500929141463606,-7.258162569614632e-4
3,Exponential (EG),phi12,Clean,Exponential,+-,50,0.3,A,200,-0.01954144925574683,0.945,0.05093280541671449,0.04455924201606122,0.050895304156933295,-0.006336062140872074
3,Exponential (EG),phi21,Clean,Exponential,+-,50,0.3,A,200,0.0033953977750537548,0.94,0.04475128451950576,0.044144756686856496,0.04474999641212553,-6.052397252690328e-4
3,Exponential (EG),phi22,Clean,Exponential,+-,50,0.3,A,200,-0.03616821249893119,0.955,0.044607109111142705,0.04525571075766901,0.04219587477460961,0.0030598359830594016
3,Exponential (EG),rho,Clean,Exponential,+-,50,0.3,A,200,-1.8687028217060857,0.005,0.5732265738965425,0.12648608216954088,0.11960009947513674,0.006885982694404144
4,Normal (NG),sigma[1],Clean,Exponential,++,100,0.3,A,200,-0.00673944316521804,0.675,0.13936179138270852,0.0720193965194057,0.13919873851159847,-0.06717934199219278
4,Normal (NG),sigma[2],Clean,Exponential,++,100,0.3,A,200,-5.36655472641377e-4,0.685,0.13002894616865715,0.07253162086058762,0.13002783872169538,-0.05749621786110776
4,Normal (NG),mu[1],Clean,Exponential,++,100,0.3,A,200,0.008955867358089628,0.92,0.10892022365041948,0.1021387365494593,0.10855140514945766,-0.006412668599998353
4,Normal (NG),mu[2],Clean,Exponential,++,100,0.3,A,200,-9.2374757064587e-4,0.925,0.1130376596890471,0.10276020274614782,0.11303388517786402,-0.010273682431716197
4,Normal (NG),phi11,Clean,Exponential,++,100,0.3,A,200,-0.07790493128944272,0.965,0.10301505342362045,0.0966413400943519,0.09818876056248663,-0.001547420468134733
4,Normal (NG),phi12,Clean,Exponential,++,100,0.3,A,200,0.0035499488520054872,0.95,0.10200625521442537,0.09812179007675069,0.10200563749863026,-0.0038838474218795688
4,Normal (NG),phi21,Clean,Exponential,++,100,0.3,A,200,-0.002725128863052568,0.925,0.1074857727723432,0.09842482419854386,0.10748542731549515,-0.009060603116951296
4,Normal (NG),phi22,Clean,Exponential,++,100,0.3,A,200,-0.10307813164205694,0.92,0.11003420974663766,0.097385161999721,0.10201720991536818,-0.004632047915647183
4,Normal (NG),rho,Clean,Exponential,++,100,0.3,A,200,-0.1717971034279618,0.915,0.11000042207202954,0.09219986549285356,0.0971792716008061,-0.0049794061079525415
4,Exponential (EG),mu[1],Clean,Exponential,++,100,0.3,A,200,0.02077753589063428,0.96,0.09850840558430574,0.10065256519914771,0.09629226330851032,0.004360301890637394
4,Exponential (EG),mu[2],Clean,Exponential,++,100,0.3,A,200,0.00728929398917485,0.95,0.09722071196275293,0.09928259070230479,0.09694706301731863,0.002335527684986155
4,Exponential (EG),phi11,Clean,Exponential,++,100,0.3,A,200,-0.010056870174552266,0.95,0.024944800622347503,0.023099173056518034,0.024618297586458338,-0.0015191245299403036
4,Exponential (EG),phi12,Clean,Exponential,++,100,0.3,A,200,0.006308972401671105,0.94,0.026577192001439837,0.02241047827940305,0.0265697027336353,-0.004159224454232249
4,Exponential (EG),phi21,Clean,Exponential,++,100,0.3,A,200,0.005352289349589872,0.955,0.02342134011243599,0.021443874825145624,0.023415223736910688,-0.001971348911765064
4,Exponential (EG),phi22,Clean,Exponential,++,100,0.3,A,200,-0.005975031462582078,0.96,0.023775985506254045,0.02174339592445204,0.023655555935910427,-0.0019121600114583859
4,Exponential (EG),rho,Clean,Exponential,++,100,0.3,A,200,-0.04868571578652923,0.95,0.08803911648067818,0.08933259669145888,0.08681911729423547,0.002513479397223406
5,Normal (NG),sigma[1],Clean,Exponential,--,100,0.3,A,200,-8.363513255256423e-4,0.655,0.14299294468199877,0.0725594645945335,0.1429904987937641,-0.07043103419923061
5,Normal (NG),sigma[2],Clean,Exponential,--,100,0.3,A,200,0.0016859677830849296,0.7,0.13783351921036702,0.07268216286364745,0.13782320751799754,-0.06514104465435008
5,Normal (NG),mu[1],Clean,Exponential,--,100,0.3,A,200,0.006377009263261415,0.945,0.11058873322832412,0.10280543692501316,0.11040471760709193,-0.007599280682078768
5,Normal (NG),mu[2],Clean,Exponential,--,100,0.3,A,200,0.0010000931433177876,0.94,0.1075796025920941,0.10283969406729834,0.1075749539046036,-0.0047352598373052585
5,Normal (NG),phi11,Clean,Exponential,--,100,0.3,A,200,-0.07831467939848903,0.975,0.09132489927043061,0.09605971120366572,0.0857841884339311,0.010275522769734619
5,Normal (NG),phi12,Clean,Exponential,--,100,0.3,A,200,-0.035186483875947513,0.95,0.10618809523581908,0.0980691092132645,0.10612978226367875,-0.008060673050414247
5,Normal (NG),phi21,Clean,Exponential,--,100,0.3,A,200,-0.08436044123899536,0.955,0.09874108917292113,0.09766263796696449,0.09838005819572573,-7.174202287612425e-4
5,Normal (NG),phi22,Clean,Exponential,--,100,0.3,A,200,-0.1102358411921211,0.965,0.09735224786960134,0.09693067964673183,0.0867937189889382,0.010136960657793626
5,Normal (NG),rho,Clean,Exponential,--,100,0.3,A,200,-0.22558229733410198,0.89,0.11701320543250272,0.09318912337812114,0.09545798388422666,-0.002268860506105516
5,Exponential (EG),mu[1],Clean,Exponential,--,100,0.3,A,200,-0.005745736924833171,0.935,0.09794359978826107,0.09913054893296067,0.09777492135856548,0.0013556275743951823
5,Exponential (EG),mu[2],Clean,Exponential,--,100,0.3,A,200,-0.010276793161644286,0.965,0.09387045443075845,0.09962666521013555,0.09330621489134515,0.006320450318790402
5,Exponential (EG),phi11,Clean,Exponential,--,100,0.3,A,200,-0.0025379874082968935,0.955,0.02365602913595125,0.021546891985525708,0.023634235626891483,-0.002087343641365775
5,Exponential (EG),phi12,Clean,Exponential,--,100,0.3,A,200,0.013321159051691522,0.945,0.022219651070048297,0.022100141907646503,0.022179683516450225,-7.954160880372166e-5
5,Exponential (EG),phi21,Clean,Exponential,--,100,0.3,A,200,0.01081888800930908,0.95,0.025025700906734612,0.022212055698852186,0.02500230434371516,-0.002790248644862974
5,Exponential (EG),phi22,Clean,Exponential,--,100,0.3,A,200,-0.006796728756924973,0.92,0.021583955490267794,0.022772822151254445,0.021412049204095986,0.001360772947158459
5,Exponential (EG),rho,Clean,Exponential,--,100,0.3,A,200,-0.07983537055895375,0.935,0.09266222183795877,0.08972971501116274,0.08951343798917229,2.1627702199045196e-4
6,Normal (NG),sigma[1],Clean,Exponential,+-,100,0.3,A,200,-0.013467117815964857,0.69,0.14601591094147767,0.0715977950367268,0.14539354519991754,-0.07379575016319075
6,Normal (NG),sigma[2],Clean,Exponential,+-,100,0.3,A,200,0.014064193731342635,0.755,0.1289457996882025,0.07353202228254886,0.12817650998493174,-0.05464448770238288
6,Normal (NG),mu[1],Clean,Exponential,+-,100,0.3,A,200,-0.0034512633365599817,0.945,0.09925381909693212,0.10098979263119383,0.09919379711810737,0.0017959955130864569
6,Normal (NG),mu[2],Clean,Exponential,+-,100,0.3,A,200,-0.010336458906078134,0.945,0.10845541003078943,0.10390439128637628,0.10796172276427243,-0.0040573314778961506
6,Normal (NG),phi11,Clean,Exponential,+-,100,0.3,A,200,-0.09795303903088795,0.955,0.0986630681844607,0.09481308707460821,0.09054961825822169,0.00426346881638652
6,Normal (NG),phi12,Clean,Exponential,+-,100,0.3,A,200,-0.08781767654645099,0.96,0.08859661921575049,0.09361176523583715,0.08816031699875243,0.0054514482370847245
6,Normal (NG),phi21,Clean,Exponential,+-,100,0.3,A,200,0.07099038180474306,0.95,0.10352019815243324,0.09876200722048806,0.1032764982095695,-0.004514490989081438
6,Normal (NG),phi22,Clean,Exponential,+-,100,0.3,A,200,-0.09315251332125231,0.955,0.09442874283384683,0.09484843278331229,0.08676638147975405,0.00808205130355824
6,Normal (NG),rho,Clean,Exponential,+-,100,0.3,A,200,-1.781800097453451,0,0.5447444370824313,0.09260196611844729,0.10494502787933065,-0.012343061760883359
6,Exponential (EG),mu[1],Clean,Exponential,+-,100,0.3,A,200,0.005761049155871658,0.985,0.08736223257482806,0.09947417254947054,0.08717207117581857,0.012302101373651966
6,Exponential (EG),mu[2],Clean,Exponential,+-,100,0.3,A,200,-0.019836283139738307,0.94,0.10005633260321724,0.10078768165025524,0.0980703398852363,0.002717341765018949
6,Exponential (EG),phi11,Clean,Exponential,+-,100,0.3,A,200,-0.00905556302370523,0.945,0.020660182123956605,0.022013235343663812,0.02034017231802249,0.0016730630256413213
6,Exponential (EG),phi12,Clean,Exponential,+-,100,0.3,A,200,-0.009051972637420943,0.955,0.02265435655857661,0.020462604221712945,0.022636264908258093,-0.002173660686545148
6,Exponential (EG),phi21,Clean,Exponential,+-,100,0.3,A,200,0.01901966072497041,0.965,0.02127540846443011,0.021285919447923667,0.021190222518591317,9.569692933234994e-5
6,Exponential (EG),phi22,Clean,Exponential,+-,100,0.3,A,200,-0.006858046051962583,0.98,0.0211917928419113,0.021353245211141327,0.02101349177434223,3.397534367990951e-4
6,Exponential (EG),rho,Clean,Exponential,+-,100,0.3,A,200,-1.880283772911656,0,0.5708511596347365,0.09126019609036441,0.08762996322938463,0.0036302328609797846
7,Normal (NG),sigma[1],Clean,Exponential,++,200,0.3,A,200,0.0021384455536297116,0.635,0.1024335301271024,0.05079436974907538,0.10241120614910341,-0.05161683640002804
7,Normal (NG),sigma[2],Clean,Exponential,++,200,0.3,A,200,-0.0036002012011643893,0.71,0.09305502162484568,0.050514261267721586,0.09298535153943135,-0.04247109027170977
7,Normal (NG),mu[1],Clean,Exponential,++,200,0.3,A,200,0.005736586607088014,0.925,0.078633252097619,0.07175501532237841,0.07842372032457451,-0.006668705002196101
7,Normal (NG),mu[2],Clean,Exponential,++,200,0.3,A,200,-1.9051343310716025e-4,0.96,0.06762921522738341,0.0715032718093397,0.0676289468859567,0.0038743249233829935
7,Normal (NG),phi11,Clean,Exponential,++,200,0.3,A,200,-0.024565930052948954,0.97,0.06492090820033619,0.06780576132197859,0.06417294394414096,0.0036328173778376327
7,Normal (NG),phi12,Clean,Exponential,++,200,0.3,A,200,-0.0753085895521632,0.965,0.06936824329439073,0.06895511320804266,0.06895824346041901,-3.13025237634601e-6
7,Normal (NG),phi21,Clean,Exponential,++,200,0.3,A,200,0.012767372999056927,0.94,0.06919392840096351,0.06808770859647499,0.06918214848806514,-0.0010944398915901515
7,Normal (NG),phi22,Clean,Exponential,++,200,0.3,A,200,-0.052843276945992425,0.93,0.06941286207552416,0.06803807716147692,0.0661162575662991,0.001921819595177815
7,Normal (NG),rho,Clean,Exponential,++,200,0.3,A,200,-0.15979241902242042,0.88,0.08698080852454533,0.06576504074803166,0.07257847825388947,-0.006813437505857806
7,Exponential (EG),mu[1],Clean,Exponential,++,200,0.3,A,200,0.01050301994692312,0.92,0.07447826104764999,0.07089060245660014,0.07373396734664718,-0.002843364890047037
7,Exponential (EG),mu[2],Clean,Exponential,++,200,0.3,A,200,0.004895407225042851,0.98,0.0631434881989058,0.07039235737997955,0.06295343588737913,0.00743892149260042
7,Exponential (EG),phi11,Clean,Exponential,++,200,0.3,A,200,-3.2419288002606515e-4,0.975,0.010065772118272174,0.010281862448215372,0.010064936769460202,2.1692567875516988e-4
7,Exponential (EG),phi12,Clean,Exponential,++,200,0.3,A,200,-0.010826053253767958,0.975,0.009823086794363575,0.010725809671930863,0.009763247404376571,9.625622675542914e-4
7,Exponential (EG),phi21,Clean,Exponential,++,200,0.3,A,200,0.023758290750785484,0.945,0.012406678873018795,0.010980917876775683,0.01217707341130135,-0.0011961555345256676
7,Exponential (EG),phi22,Clean,Exponential,++,200,0.3,A,200,-0.005076807490537279,0.965,0.010045563460981158,0.010371913240633471,0.0098381659551587,5.337472854747716e-4
7,Exponential (EG),rho,Clean,Exponential,++,200,0.3,A,200,-0.04378067561951149,0.975,0.06186302760887364,0.06337500672928928,0.06045268318894689,0.0029223235403423864
8,Normal (NG),sigma[1],Clean,Exponential,--,200,0.3,A,200,-0.004914058605119563,0.705,0.09806850594605487,0.050390816029997676,0.09794531069181847,-0.047554494661820795
8,Normal (NG),sigma[2],Clean,Exponential,--,200,0.3,A,200,-0.007395330639989485,0.67,0.09578985458704926,0.050238310713119363,0.09550395450730444,-0.04526564379418507
8,Normal (NG),mu[1],Clean,Exponential,--,200,0.3,A,200,0.006672575025305648,0.92,0.07610334628451364,0.07131373133757327,0.07581026354150382,-0.0044965322039305505
8,Normal (NG),mu[2],Clean,Exponential,--,200,0.3,A,200,0.008275259227843614,0.93,0.07308802049954935,0.07109943087298749,0.0726180337468217,-0.0015186028738342072
8,Normal (NG),phi11,Clean,Exponential,--,200,0.3,A,200,-0.05255979809649159,0.955,0.06886524115334727,0.06814803436389562,0.06557755911100718,0.002570475252888435
8,Normal (NG),phi12,Clean,Exponential,--,200,0.3,A,200,0.012623569963390084,0.945,0.07207845554853863,0.06879660743821858,0.07206740046010023,-0.0032707930218816433
8,Normal (NG),phi21,Clean,Exponential,--,200,0.3,A,200,-0.11037600095403004,0.955,0.06926232647355558,0.06850672263700203,0.06837719833879828,1.2952429820374534e-4
8,Normal (NG),phi22,Clean,Exponential,--,200,0.3,A,200,-0.030364920449136502,0.955,0.06756954669617266,0.06801417797452093,0.06646893332757098,0.0015452446469499531
8,Normal (NG),rho,Clean,Exponential,--,200,0.3,A,200,-0.15291080395478077,0.825,0.09177935753463867,0.0656770991069326,0.07949274314377552,-0.01381564403684292
8,Exponential (EG),mu[1],Clean,Exponential,--,200,0.3,A,200,3.79674172034094e-4,0.93,0.07217825274310834,0.07019676554614519,0.07217725414956651,-0.0019804886034213154
8,Exponential (EG),mu[2],Clean,Exponential,--,200,0.3,A,200,0.0022105948266030856,0.94,0.06963790969828375,0.0700495138067505,0.06960281415042725,4.466996563232406e-4
8,Exponential (EG),phi11,Clean,Exponential,--,200,0.3,A,200,-3.2799218238218063e-4,0.94,0.01209631684279578,0.01056465340906852,0.012095605340032895,-0.0015309519309643742
8,Exponential (EG),phi12,Clean,Exponential,--,200,0.3,A,200,-0.0010413529089588053,0.95,0.01119294593636985,0.010666875854263885,0.011192461506553793,-5.255856522899081e-4
8,Exponential (EG),phi21,Clean,Exponential,--,200,0.3,A,200,2.1814076203147957e-6,0.955,0.010755990214263806,0.010516941763370449,0.010755990212051765,-2.3904844868131644e-4
8,Exponential (EG),phi22,Clean,Exponential,--,200,0.3,A,200,-0.002666054970583555,0.935,0.01159146948875248,0.010143724704214332,0.011542309519835791,-0.0013985848156214589
8,Exponential (EG),rho,Clean,Exponential,--,200,0.3,A,200,-0.0391706286851973,0.925,0.06729882855498392,0.06292411610933363,0.06626493711782798,-0.003340821008494352
9,Normal (NG),sigma[1],Clean,Exponential,+-,200,0.3,A,200,-0.003654369974203499,0.695,0.10250016395560455,0.05044805001601911,0.1024349998341263,-0.051986949818107184
9,Normal (NG),sigma[2],Clean,Exponential,+-,200,0.3,A,200,-0.008803208230159615,0.655,0.09435708799454302,0.05021938596050047,0.09394553517685865,-0.04372614921635818
9,Normal (NG),mu[1],Clean,Exponential,+-,200,0.3,A,200,-6.462425593387503e-4,0.93,0.07981009877120138,0.07136954805468272,0.07980748233357207,-0.00843793427888935
9,Normal (NG),mu[2],Clean,Exponential,+-,200,0.3,A,200,-0.0014967085690534181,0.94,0.07605138406990515,0.0710497450119978,0.07603665486071534,-0.004986909848717538
9,Normal (NG),phi11,Clean,Exponential,+-,200,0.3,A,200,-0.04371954682558864,0.94,0.06716616420247126,0.06672261168255741,0.06484959375147818,0.0018730179310792322
9,Normal (NG),phi12,Clean,Exponential,+-,200,0.3,A,200,-0.012047985500670433,0.945,0.065955280007024,0.0677272365623821,0.06594427512118618,0.0017829614411959127
9,Normal (NG),phi21,Clean,Exponential,+-,200,0.3,A,200,-0.045286589805162536,0.955,0.06668547303823036,0.06688851098239566,0.06653152307117835,3.56987911217313e-4
9,Normal (NG),phi22,Clean,Exponential,+-,200,0.3,A,200,-0.058514598037456116,0.95,0.07428125935472514,0.06686185428877875,0.07049732038855329,-0.0036354660997745397
9,Normal (NG),rho,Clean,Exponential,+-,200,0.3,A,200,-1.8596373204871417,0,0.5637082021306097,0.06557139338349917,0.08077345115785735,-0.01520205777435818
9,Exponential (EG),mu[1],Clean,Exponential,+-,200,0.3,A,200,0.003576355823219541,0.94,0.07354486524974854,0.07028990507337708,0.07345785787531103,-0.0031679528019339515
9,Exponential (EG),mu[2],Clean,Exponential,+-,200,0.3,A,200,-0.0042198811206088345,0.955,0.06923375811719336,0.07044597171524308,0.06910503502899022,0.001340936686252861
9,Exponential (EG),phi11,Clean,Exponential,+-,200,0.3,A,200,-0.0015053361464255595,0.95,0.009826610856254915,0.010292441152772827,0.009808145340178709,4.842958125941179e-4
9,Exponential (EG),phi12,Clean,Exponential,+-,200,0.3,A,200,-0.010753309588810975,0.945,0.010956785099654419,0.009907059683141343,0.010903889354211228,-9.968296710698848e-4
9,Exponential (EG),phi21,Clean,Exponential,+-,200,0.3,A,200,0.02213108248528527,0.93,0.011832267301817035,0.010407233499331767,0.011623454795453183,-0.0012162212961214156
9,Exponential (EG),phi22,Clean,Exponential,+-,200,0.3,A,200,0.001528774672592383,0.95,0.011863472590004314,0.010035290463320874,0.011847701784475084,-0.0018124113211542107
9,Exponential (EG),rho,Clean,Exponential,+-,200,0.3,A,200,-1.961466770881019,0,0.5918931067362785,0.06318002422441504,0.06384183117350613,-6.618069490910844e-4
10,Normal (NG),sigma[1],Clean,Exponential,++,50,0.5,A,200,-0.01938327488631571,0.69,0.18945577595647137,0.10190890729047322,0.18846161332735692,-0.0865527060368837
10,Normal (NG),sigma[2],Clean,Exponential,++,50,0.5,A,200,-0.028095532392724602,0.71,0.188602033860914,0.10096407201028822,0.18649763600657976,-0.08553356399629154
10,Normal (NG),mu[1],Clean,Exponential,++,50,0.5,A,200,-0.008349669062707373,0.925,0.1583644406518685,0.14592805216473856,0.15814417184810337,-0.012216119683364807
10,Normal (NG),mu[2],Clean,Exponential,++,50,0.5,A,200,-0.010094299995786902,0.915,0.1677806481544176,0.14479569180069793,0.16747671779298617,-0.022681025992288245
10,Normal (NG),phi11,Clean,Exponential,++,50,0.5,A,200,-0.20321650006233616,0.945,0.15877792577498373,0.14717028970673193,0.13639251581297476,0.01077777389375717
10,Normal (NG),phi12,Clean,Exponential,++,50,0.5,A,200,-0.09207529804901983,0.96,0.15453070849911046,0.15164468363504768,0.15425615470420911,-0.0026114710691614307
10,Normal (NG),phi21,Clean,Exponential,++,50,0.5,A,200,0.008754529331897255,0.975,0.14164983675900578,0.14862039630930265,0.14164713140764534,0.006973264901657311
10,Normal (NG),phi22,Clean,Exponential,++,50,0.5,A,200,-0.21587819592084076,0.945,0.16561247334847481,0.1478751951014245,0.14131860476509586,0.006556590336328633
10,Normal (NG),rho,Clean,Exponential,++,50,0.5,A,200,-0.19525206972477305,0.81,0.1684707969381093,0.11581765927558074,0.1373010077822073,-0.02148334850662656
10,Exponential (EG),mu[1],Clean,Exponential,++,50,0.5,A,199,0.006634679532479025,0.964824120603015,0.12699365126183354,0.13690374412399814,0.12682022113335673,0.010083522990641414
10,Exponential (EG),mu[1],Problematic,Exponential,++,50,0.5,A,1,-0.09361264729478666,1,0.09361264729478666,0.1273228561873127,0,0.1273228561873127
10,Exponential (EG),mu[2],Clean,Exponential,++,50,0.5,A,199,0.008544243535844155,0.949748743718593,0.13536728183886973,0.13844644704712708,0.13509736079895926,0.0033490862481678207
10,Exponential (EG),mu[2],Problematic,Exponential,++,50,0.5,A,1,-0.00544758576523566,1,0.00544758576523566,0.14010371786720174,0,0.14010371786720174
10,Exponential (EG),phi11,Clean,Exponential,++,50,0.5,A,199,-0.02479485685199594,0.9246231155778895,0.05660416355860237,0.04945393054540473,0.05572850028449764,-0.0062745697390929125
10,Exponential (EG),phi11,Problematic,Exponential,++,50,0.5,A,1,-0.00630999811907909,1,0.00252399924763163,0.02760508928874143,0,0.02760508928874143
10,Exponential (EG),phi12,Clean,Exponential,++,50,0.5,A,199,0.022881127863836618,0.9447236180904522,0.050277038682054874,0.04729758753505786,0.050224945579996697,-0.0029273580449388353
10,Exponential (EG),phi12,Problematic,Exponential,++,50,0.5,A,1,-0.17535376978472378,1,0.01753537697847237,0.03100900075385297,0,0.03100900075385297
10,Exponential (EG),phi21,Clean,Exponential,++,50,0.5,A,199,0.047601019150547826,0.9346733668341709,0.055275390039853864,0.04926734107742133,0.05507004788282163,-0.0058027068054003
10,Exponential (EG),phi21,Problematic,Exponential,++,50,0.5,A,1,-0.4308051998242804,1,0.04308051998242804,0.04652312522226923,0,0.04652312522226923
10,Exponential (EG),phi22,Clean,Exponential,++,50,0.5,A,199,-0.03428495005953151,0.9346733668341709,0.05596656412883878,0.04943703323281507,0.05426032668804983,-0.004823293455234759
10,Exponential (EG),phi22,Problematic,Exponential,++,50,0.5,A,1,0.06804082022111524,1,0.02721632808844609,0.05785512786614,0,0.05785512786614
10,Exponential (EG),rho,Clean,Exponential,++,50,0.5,A,199,-0.11353703299048652,0.9346733668341709,0.127052773831906,0.11183435082126936,0.11366504684075378,-0.0018306960194844207
10,Exponential (EG),rho,Problematic,Exponential,++,50,0.5,A,1,0.06124619167174305,1,0.03062309583587152,0.09910763944494776,0,0.09910763944494776
11,Normal (NG),sigma[1],Clean,Exponential,--,50,0.5,A,200,-0.007887061113921803,0.77,0.170456304703027,0.10291330478183232,0.17027373866805312,-0.0673604338862208
11,Normal (NG),sigma[2],Clean,Exponential,--,50,0.5,A,200,-0.005786634068977361,0.715,0.19829613625694645,0.10319901385405371,0.19821168613526605,-0.09501267228121234
11,Normal (NG),mu[1],Clean,Exponential,--,50,0.5,A,200,-0.009741454097069965,0.965,0.14657022210010265,0.14717323944674368,0.14624614209799894,9.270973487447431e-4
11,Normal (NG),mu[2],Clean,Exponential,--,50,0.5,A,200,-0.0018413106267819081,0.895,0.17782171385275833,0.14761596060300197,0.17781218038342583,-0.03019621978042386
11,Normal (NG),phi11,Clean,Exponential,--,50,0.5,A,200,-0.21262134432527985,0.94,0.15732852799625704,0.14762135596470113,0.13235940446919048,0.015261951495510656
11,Normal (NG),phi12,Clean,Exponential,--,50,0.5,A,200,0.3755094084450995,0.925,0.1603488859813745,0.15197899747387575,0.15588999992674307,-0.003911002452867324
11,Normal (NG),phi21,Clean,Exponential,--,50,0.5,A,200,-0.04306687570861558,0.925,0.14842089447818324,0.149984543682399,0.14835839834627157,0.001626145336127427
11,Normal (NG),phi22,Clean,Exponential,--,50,0.5,A,200,-0.17905476016057767,0.94,0.1552340524444518,0.14886319650308383,0.13772404981171912,0.011139146691364704
11,Normal (NG),rho,Clean,Exponential,--,50,0.5,A,200,-0.16438099809963358,0.87,0.1548809141119914,0.11445810823210921,0.1312738337297579,-0.01681572549764869
11,Exponential (EG),mu[1],Clean,Exponential,--,50,0.5,A,200,-0.02247967855447391,0.975,0.11938992139090579,0.13974644447698334,0.11725449834362087,0.022491946133362473
11,Exponential (EG),mu[2],Clean,Exponential,--,50,0.5,A,200,-0.01641502619742377,0.935,0.13955777561791974,0.13894281793979865,0.1385890314936919,3.5378644610675747e-4
11,Exponential (EG),phi11,Clean,Exponential,--,50,0.5,A,200,-0.039878725755541536,0.96,0.048914027962586065,0.05138510270954208,0.046239940405053956,0.005145162304488124
11,Exponential (EG),phi12,Clean,Exponential,--,50,0.5,A,200,0.09854653163135944,0.96,0.05437931206053918,0.05225157501543119,0.0534789247387398,-0.00122734972330861
11,Exponential (EG),phi21,Clean,Exponential,--,50,0.5,A,200,-0.025281592183386138,0.975,0.04959677315928932,0.05080356968081827,0.049532295714823586,0.0012712739659946834
11,Exponential (EG),phi22,Clean,Exponential,--,50,0.5,A,200,-0.028868755656241172,0.95,0.0539452306248507,0.05078325638203377,0.052694810927319674,-0.0019115545452859026
11,Exponential (EG),rho,Clean,Exponential,--,50,0.5,A,200,-0.08551917835192324,0.97,0.1106094986734782,0.10995195968105957,0.10201018934548235,0.00794177033557722
12,Normal (NG),sigma[1],Clean,Exponential,+-,50,0.5,A,200,-0.01593518893133783,0.69,0.18734726193423065,0.1022047274826861,0.1866683323651224,-0.0844636048824363
12,Normal (NG),sigma[2],Clean,Exponential,+-,50,0.5,A,200,-0.01765735090833477,0.735,0.17835501672855014,0.1020421235083537,0.17747881549960076,-0.07543669199124706
12,Normal (NG),mu[1],Clean,Exponential,+-,50,0.5,A,200,-0.006481804974426632,0.935,0.15490227397270587,0.14597356723273813,0.15476660068047216,-0.008793033447734022
12,Normal (NG),mu[2],Clean,Exponential,+-,50,0.5,A,200,0.0032070342554749855,0.925,0.15880119222158304,0.14568968798591236,0.15876880544452168,-0.013079117458609318
12,Normal (NG),phi11,Clean,Exponential,+-,50,0.5,A,200,-0.19757584077846155,0.95,0.15748516843432417,0.14455410156342705,0.13621961760075857,0.008334483962668476
12,Normal (NG),phi12,Clean,Exponential,+-,50,0.5,A,200,-0.13183707609722004,0.925,0.15228165665838636,0.14764828119600829,0.15170989686992745,-0.004061615673919161
12,Normal (NG),phi21,Clean,Exponential,+-,50,0.5,A,200,-0.1184508718218508,0.96,0.13954717570290998,0.14716613358054365,0.1390435476974939,0.008122585883049732
12,Normal (NG),phi22,Clean,Exponential,+-,50,0.5,A,200,-0.19235594998559516,0.97,0.15688367617797952,0.14459356793745864,0.13671999858081996,0.007873569356638688
12,Normal (NG),rho,Clean,Exponential,+-,50,0.5,A,200,-1.8331647954767782,0,0.9272470656249465,0.11426261719313335,0.1402277749456905,-0.025965157752557144
12,Exponential (EG),mu[1],Clean,Exponential,+-,50,0.5,A,200,0.010472514396995801,0.955,0.12780801029596414,0.13849111477061019,0.12737823180598007,0.011112882964630116
12,Exponential (EG),mu[2],Clean,Exponential,+-,50,0.5,A,200,-0.010739693688543233,0.96,0.13093075778999377,0.13796967173048486,0.13048954868087437,0.007480123049610488
12,Exponential (EG),phi11,Clean,Exponential,+-,50,0.5,A,200,-0.026602953590333815,0.945,0.05383705233144094,0.047861369103684395,0.05277493213052573,-0.0049135630268413374
12,Exponential (EG),phi12,Clean,Exponential,+-,50,0.5,A,200,0.014291299559368581,0.94,0.04972431823301359,0.046485713587862444,0.0497037766302225,-0.003218063042360053
12,Exponential (EG),phi21,Clean,Exponential,+-,50,0.5,A,200,0.018067165433156337,0.945,0.04937373574288799,0.04601044739599937,0.04934066838360263,-0.003330220987603265
12,Exponential (EG),phi22,Clean,Exponential,+-,50,0.5,A,200,-0.013713524156659673,0.91,0.05308413934899912,0.04679469416603151,0.05279996336416068,-0.006005269198129166
12,Exponential (EG),rho,Clean,Exponential,+-,50,0.5,A,200,-1.908015568845977,0,0.9599349209344362,0.11070258746998904,0.10650915307964375,0.004193434390345294
13,Normal (NG),sigma[1],Clean,Exponential,++,100,0.5,A,200,0.004725890061192573,0.675,0.141636455559198,0.07250655584339635,0.1415575907766948,-0.06905103493329845
13,Normal (NG),sigma[2],Clean,Exponential,++,100,0.5,A,200,0.004628069169385399,0.725,0.139310183870154,0.07248416519712118,0.13923328734788784,-0.06674912215076666
13,Normal (NG),mu[1],Clean,Exponential,++,100,0.5,A,200,-0.003605327697244379,0.95,0.10160268239547664,0.10288407445184633,0.10153869549167736,0.0013453789601689664
13,Normal (NG),mu[2],Clean,Exponential,++,100,0.5,A,200,0.0024945535058447928,0.91,0.10903033964600102,0.10286324335101767,0.10900179891235198,-0.006138555561334316
13,Normal (NG),phi11,Clean,Exponential,++,100,0.5,A,200,-0.10176598080787215,0.91,0.11406330613798611,0.10477057294810932,0.10655246328059162,-0.0017818903324822999
13,Normal (NG),phi12,Clean,Exponential,++,100,0.5,A,200,0.08896238173732919,0.94,0.12206293422533623,0.10628688254038526,0.12173831302451574,-0.015451430484130474
13,Normal (NG),phi21,Clean,Exponential,++,100,0.5,A,200,-0.10063787950463315,0.985,0.09693806916732638,0.10616978750207157,0.09641425945355521,0.009755528048516357
13,Normal (NG),phi22,Clean,Exponential,++,100,0.5,A,200,-0.07194157720662195,0.975,0.09697589968953428,0.10501633282913767,0.0926079404567362,0.012408392372401461
13,Normal (NG),rho,Clean,Exponential,++,100,0.5,A,200,-0.12656596521669788,0.805,0.1195739231775681,0.08006173843931626,0.10145534592256024,-0.02139360748324398
13,Exponential (EG),mu[1],Clean,Exponential,++,100,0.5,A,200,0.003922483106911251,0.955,0.0892738072199982,0.09843488205338793,0.08918759320572228,0.009247288847665652
13,Exponential (EG),mu[2],Clean,Exponential,++,100,0.5,A,200,0.010461773184792156,0.95,0.09861250174050423,0.09900888919182435,0.09805598809532702,9.5290109649733e-4
13,Exponential (EG),phi11,Clean,Exponential,++,100,0.5,A,200,-0.005984270125744068,0.925,0.021458030652056873,0.021886667091248497,0.02132410000995476,5.625670812937356e-4
13,Exponential (EG),phi12,Clean,Exponential,++,100,0.5,A,200,0.011404763635430689,0.94,0.021564469749895374,0.021905991245869363,0.021534290544579178,3.7170070129018476e-4
13,Exponential (EG),phi21,Clean,Exponential,++,100,0.5,A,200,0.029472276340228636,0.93,0.023082853600879565,0.022029702378724456,0.02289392888153737,-8.64226502812912e-4
13,Exponential (EG),phi22,Clean,Exponential,++,100,0.5,A,200,-0.00784988005052927,0.945,0.024273085971181274,0.02249356944411405,0.02406913799609628,-0.0015755685519822302
13,Exponential (EG),rho,Clean,Exponential,++,100,0.5,A,200,-0.05094913487966695,0.96,0.0767041464080624,0.07451308579764294,0.07235034547217345,0.002162740325469495
14,Normal (NG),sigma[1],Clean,Exponential,--,100,0.5,A,200,-0.005009162219371056,0.71,0.12971880410907416,0.07167284977940398,0.12962205226483794,-0.05794920248543396
14,Normal (NG),sigma[2],Clean,Exponential,--,100,0.5,A,200,-0.0017642142725192245,0.74,0.11901725626635802,0.07206259527241692,0.11900417991470962,-0.0469415846422927
14,Normal (NG),mu[1],Clean,Exponential,--,100,0.5,A,200,-0.008442791235186067,0.94,0.10718212122526075,0.10171191725642371,0.10684908229135875,-0.00513716503493504
14,Normal (NG),mu[2],Clean,Exponential,--,100,0.5,A,200,-0.00373140546662138,0.96,0.09725234133637582,0.1021553461061806,0.09718073115927159,0.004974614946909012
14,Normal (NG),phi11,Clean,Exponential,--,100,0.5,A,200,-0.1078744505122913,0.95,0.10624880725035551,0.10486534371065985,0.09709225257656037,0.007773091134099477
14,Normal (NG),phi12,Clean,Exponential,--,100,0.5,A,200,0.06623768855242926,0.95,0.10304955886767554,0.10531622060017526,0.10283645885081244,0.002479761749362819
14,Normal (NG),phi21,Clean,Exponential,--,100,0.5,A,200,0.015763060071256895,0.96,0.10801828547435888,0.10635797998867956,0.10800678338045248,-0.001648803391772924
14,Normal (NG),phi22,Clean,Exponential,--,100,0.5,A,200,-0.09433169114839329,0.935,0.10588506829591655,0.10482875139938885,0.09893377995024942,0.005894971449139433
14,Normal (NG),rho,Clean,Exponential,--,100,0.5,A,200,-0.14231971560052445,0.76,0.13004318768766904,0.08060645211331581,0.10884624615399825,-0.028239794040682442
14,Exponential (EG),mu[1],Clean,Exponential,--,100,0.5,A,199,-0.015710055914991146,0.9547738693467337,0.09460567989795507,0.09931682834417571,0.09329216908241653,0.006024659261759185
14,Exponential (EG),mu[1],Problematic,Exponential,--,100,0.5,A,1,-0.05808103865012011,1,0.05808103865012011,0.10050378515044785,0,0.10050378515044785
14,Exponential (EG),mu[2],Clean,Exponential,--,100,0.5,A,199,-0.00983424049752568,0.964824120603015,0.08884162734079828,0.09864999108190631,0.08829565370049708,0.010354337381409229
14,Exponential (EG),mu[2],Problematic,Exponential,--,100,0.5,A,1,9.412011519630576e-4,1,9.412011519630576e-4,0.09618137622376598,0,0.09618137622376598
14,Exponential (EG),phi11,Clean,Exponential,--,100,0.5,A,199,-0.007530982219592851,0.9396984924623115,0.024771289638962878,0.02353049893248629,0.024587441498998993,-0.001056942566512703
14,Exponential (EG),phi11,Problematic,Exponential,--,100,0.5,A,1,0.067408172263521,1,0.0269632689054084,0.02809860329409926,0,0.02809860329409926
14,Exponential (EG),phi12,Clean,Exponential,--,100,0.5,A,199,0.002491069856199975,0.9447236180904522,0.025678537824706475,0.023156100555017864,0.025677329505316482,-0.002521228950298618
14,Exponential (EG),phi12,Problematic,Exponential,--,100,0.5,A,1,-0.7276602304016259,1,0.0727660230401626,0.04664933230962729,0,0.04664933230962729
14,Exponential (EG),phi21,Clean,Exponential,--,100,0.5,A,199,0.004870029438027941,0.9597989949748744,0.023914185993250014,0.0235134706906536,0.0239092266678051,-3.957559771515032e-4
14,Exponential (EG),phi21,Problematic,Exponential,--,100,0.5,A,1,-0.00665041188071757,1,6.650411880717577e-4,0.02144929948811797,0,0.02144929948811797
14,Exponential (EG),phi22,Clean,Exponential,--,100,0.5,A,199,-0.0067791772060321505,0.9447236180904522,0.023796916582764237,0.023571206896570832,0.02364191362543468,-7.070672886384799e-5
14,Exponential (EG),phi22,Problematic,Exponential,--,100,0.5,A,1,-0.04712429676010335,1,0.01884971870404134,0.02329021983462986,0,0.02329021983462986
14,Exponential (EG),rho,Clean,Exponential,--,100,0.5,A,199,-0.06575801213992791,0.949748743718593,0.08240931225771776,0.07576742068418013,0.07556630007246157,2.0112061171856377e-4
14,Exponential (EG),rho,Problematic,Exponential,--,100,0.5,A,1,0.12495950970428482,1,0.06247975485214241,0.06464190325227205,0,0.06464190325227205
15,Normal (NG),sigma[1],Clean,Exponential,+-,100,0.5,A,200,0.006247616536431646,0.68,0.13708697289214503,0.07263557324408397,0.1369445341163546,-0.06430896087227063
15,Normal (NG),sigma[2],Clean,Exponential,+-,100,0.5,A,200,-0.018781809925789435,0.715,0.12640664420887132,0.070805467393603,0.12500353321430438,-0.054198065820701385
15,Normal (NG),mu[1],Clean,Exponential,+-,100,0.5,A,200,2.672386296122118e-4,0.95,0.10443344192863384,0.10281426220221214,0.10443310000462583,-0.001618837802413689
15,Normal (NG),mu[2],Clean,Exponential,+-,100,0.5,A,200,0.0037661824926159887,0.96,0.0987300624199486,0.1003724752466869,0.09865820338359735,0.0017142718630895476
15,Normal (NG),phi11,Clean,Exponential,+-,100,0.5,A,200,-0.06540396369716937,0.975,0.09683240687694214,0.10047880962497692,0.0932313598893289,0.007247449735648018
15,Normal (NG),phi12,Clean,Exponential,+-,100,0.5,A,200,-0.06949192412765652,0.955,0.10948920955788993,0.10387314947728053,0.10926845717965408,-0.00539530770237355
15,Normal (NG),phi21,Clean,Exponential,+-,100,0.5,A,200,0.029269912489876634,0.945,0.10072480108563855,0.09904132618881033,0.10068226395929823,-0.0016409377704879047
15,Normal (NG),phi22,Clean,Exponential,+-,100,0.5,A,200,-0.07739147556395318,0.925,0.10801661425293083,0.10059949932073584,0.10348564381725567,-0.0028861444965198324
15,Normal (NG),rho,Clean,Exponential,+-,100,0.5,A,200,-1.860251424518259,0,0.9353752447445879,0.0805371104336783,0.09895962750255621,-0.018422517068877917
15,Exponential (EG),mu[1],Clean,Exponential,+-,100,0.5,A,200,0.007556717852494543,0.96,0.09420184947898534,0.09870024392002535,0.09389826654714772,0.0048019773728776305
15,Exponential (EG),mu[2],Clean,Exponential,+-,100,0.5,A,200,-0.0038591593187632368,0.97,0.08732935161725279,0.098383140721728,0.08724404015886801,0.011139100562859994
15,Exponential (EG),phi11,Clean,Exponential,+-,100,0.5,A,200,0.007051103625006488,0.94,0.02225819150763031,0.021114921430136345,0.02207877259309161,-9.638511629552655e-4
15,Exponential (EG),phi12,Clean,Exponential,+-,100,0.5,A,200,0.02971201307023292,0.955,0.023321017872602254,0.021496748487909164,0.023130971389186766,-0.0016342229012776023
15,Exponential (EG),phi21,Clean,Exponential,+-,100,0.5,A,200,-0.03167828051895865,0.935,0.020864252188361264,0.02087518284796227,0.020622363705772417,2.528191421898515e-4
15,Exponential (EG),phi22,Clean,Exponential,+-,100,0.5,A,200,-0.013565490722108466,0.965,0.02178823999910739,0.022497931235445665,0.021101748650139057,0.001396182585306608
15,Exponential (EG),rho,Clean,Exponential,+-,100,0.5,A,200,-1.9484059466193053,0,0.9774375522343466,0.07453191282151289,0.07945272375761059,-0.004920810936097697
16,Normal (NG),sigma[1],Clean,Exponential,++,200,0.5,A,200,-0.003399934407754301,0.685,0.0938139532756342,0.05035087306141659,0.09375232410573002,-0.04340145104431343
16,Normal (NG),sigma[2],Clean,Exponential,++,200,0.5,A,200,-0.0077053791808733615,0.71,0.09802079542002588,0.050159560480764975,0.09771746756058268,-0.047557907079817704
16,Normal (NG),mu[1],Clean,Exponential,++,200,0.5,A,200,-5.952087895911419e-4,0.93,0.07447646815105394,0.07143664660160007,0.07447408968729827,-0.0030374430856981993
16,Normal (NG),mu[2],Clean,Exponential,++,200,0.5,A,200,-0.005947632476656957,0.925,0.07253695655308552,0.07108783668010492,0.07229270871883853,-0.0012048720387336093
16,Normal (NG),phi11,Clean,Exponential,++,200,0.5,A,200,-0.03643872376996352,0.95,0.07642348560947924,0.07388096385640566,0.07502069220091806,-0.0011397283445123974
16,Normal (NG),phi12,Clean,Exponential,++,200,0.5,A,200,-0.07530126944827857,0.94,0.07427887604468059,0.07475988391239821,0.07389620162535962,8.636822870385918e-4
16,Normal (NG),phi21,Clean,Exponential,++,200,0.5,A,200,0.01899335094396906,0.925,0.07259788906929916,0.07412677621521649,0.07257303923302,0.0015537369821964908
16,Normal (NG),phi22,Clean,Exponential,++,200,0.5,A,200,-0.04771349475979206,0.935,0.079992946526375,0.07399478280652913,0.07768281071653275,-0.0036880279100036245
16,Normal (NG),rho,Clean,Exponential,++,200,0.5,A,200,-0.10884054670637508,0.785,0.08718873916178745,0.05648126601764513,0.06811982152638506,-0.011638555508739927
16,Exponential (EG),mu[1],Clean,Exponential,++,200,0.5,A,200,0.0034854678320027917,0.94,0.06871447626170664,0.07000645809850532,0.06862602102637685,0.0013804370721284681
16,Exponential (EG),mu[2],Clean,Exponential,++,200,0.5,A,200,-0.0025502184787050165,0.96,0.06860046847636773,0.06960531707370589,0.06855304997509588,0.0010522670986100047
16,Exponential (EG),phi11,Clean,Exponential,++,200,0.5,A,200,4.598453273322699e-4,0.955,0.010542885166854952,0.010732298785401684,0.010541280491737191,1.9101829366449316e-4
16,Exponential (EG),phi12,Clean,Exponential,++,200,0.5,A,200,-0.011930194751158231,0.97,0.009973298433800657,0.010750826584306115,0.009901686027220061,8.491405570860543e-4
16,Exponential (EG),phi21,Clean,Exponential,++,200,0.5,A,200,0.01817454198270409,0.945,0.01364429404116343,0.011190725640176782,0.013522707573519333,-0.002331981933342551
16,Exponential (EG),phi22,Clean,Exponential,++,200,0.5,A,200,-0.0042496885910326375,0.965,0.012165889507633271,0.011635304991816363,0.01204654685014012,-4.1124185832375725e-4
16,Exponential (EG),rho,Clean,Exponential,++,200,0.5,A,200,-0.024991395330630627,0.945,0.05326175793822927,0.05113003772371115,0.05177521027023997,-6.451725465288216e-4
17,Normal (NG),sigma[1],Clean,Exponential,--,200,0.5,A,200,-0.011969925934514921,0.71,0.09762583288984562,0.04998402672715639,0.09688923635037222,-0.04690520962321583
17,Normal (NG),sigma[2],Clean,Exponential,--,200,0.5,A,200,-0.004134096057795638,0.66,0.09875948861140448,0.05021827942694678,0.09867292354324488,-0.048454644116298094
17,Normal (NG),mu[1],Clean,Exponential,--,200,0.5,A,200,0.00708896874750776,0.94,0.07279350466077147,0.07084658111768338,0.07244750404875669,-0.0016009229310733064
17,Normal (NG),mu[2],Clean,Exponential,--,200,0.5,A,200,0.008885499140441072,0.935,0.07697199070451581,0.07147946889900646,0.07645740813054866,-0.004977939231542203
17,Normal (NG),phi11,Clean,Exponential,--,200,0.5,A,200,-0.05757554913833461,0.94,0.07694971158349248,0.07395382471809975,0.07342252444182065,5.313002762790953e-4
17,Normal (NG),phi12,Clean,Exponential,--,200,0.5,A,200,0.06492049524003118,0.95,0.07560411017784342,0.07407735378720236,0.0753248615581959,-0.0012475077709935417
17,Normal (NG),phi21,Clean,Exponential,--,200,0.5,A,200,-0.021316068627693942,0.945,0.07676310630144792,0.07498913921871812,0.07673350468491576,-0.0017443654661976338
17,Normal (NG),phi22,Clean,Exponential,--,200,0.5,A,200,-0.04694833294561351,0.95,0.07494941741642439,0.07419866740677887,0.07255860952665694,0.001640057880121934
17,Normal (NG),rho,Clean,Exponential,--,200,0.5,A,200,-0.11083175743573728,0.75,0.09552339899488488,0.056347980905661094,0.07780617033026653,-0.021458189424605437
17,Exponential (EG),mu[1],Clean,Exponential,--,200,0.5,A,200,0.002381074189649634,0.95,0.06813989274777317,0.06958736290777197,0.06809827802067696,0.0014890848870950102
17,Exponential (EG),mu[2],Clean,Exponential,--,200,0.5,A,200,0.004315680581457824,0.95,0.07343357832696887,0.0693781718071636,0.07330665267915253,-0.003928480871988924
17,Exponential (EG),phi11,Clean,Exponential,--,200,0.5,A,200,-0.006083304395894071,0.97,0.011035688670324425,0.011715428212392152,0.010764077742595052,9.513504697971006e-4
17,Exponential (EG),phi12,Clean,Exponential,--,200,0.5,A,200,0.0021315227726847624,0.955,0.012090896330662715,0.011569653214934288,0.01208901733746496,-5.19364122530671e-4
17,Exponential (EG),phi21,Clean,Exponential,--,200,0.5,A,200,-0.017485353133150063,0.97,0.010360980339483206,0.011512476509655633,0.010212371803515965,0.0013001047061396674
17,Exponential (EG),phi22,Clean,Exponential,--,200,0.5,A,200,4.997097601421366e-4,0.96,0.011085381377652435,0.011187429810604664,0.01108357914722958,1.0385066337508311e-4
17,Exponential (EG),rho,Clean,Exponential,--,200,0.5,A,200,-0.01666956643022124,0.925,0.0548961804263904,0.05093061912255073,0.054259764228790364,-0.0033291451062396338
18,Normal (NG),sigma[1],Clean,Exponential,+-,200,0.5,A,200,0.002885071364683248,0.735,0.09727675645858973,0.05065080850542648,0.09723396376947956,-0.04658315526405308
18,Normal (NG),sigma[2],Clean,Exponential,+-,200,0.5,A,200,-0.001285201796858996,0.645,0.10923102460762234,0.050386190447280564,0.1092234635651715,-0.058837273117890936
18,Normal (NG),mu[1],Clean,Exponential,+-,200,0.5,A,200,0.004967483157032046,0.94,0.07114132884811139,0.07176319672433545,0.07096768829093793,7.955084333975265e-4
18,Normal (NG),mu[2],Clean,Exponential,+-,200,0.5,A,200,0.005299764982483261,0.93,0.07777832029098765,0.07147701097641943,0.07759754892016825,-0.006120537943748824
18,Normal (NG),phi11,Clean,Exponential,+-,200,0.5,A,200,-0.04189778780894773,0.94,0.07314474635125177,0.07137435214558376,0.0711989183840849,1.754337614988527e-4
18,Normal (NG),phi12,Clean,Exponential,+-,200,0.5,A,200,0.006581727722626403,0.935,0.07699031064689622,0.07212445181420465,0.07698749731032588,-0.004863045496121224
18,Normal (NG),phi21,Clean,Exponential,+-,200,0.5,A,200,-0.09354947568863345,0.925,0.0773703405258542,0.07130042140687143,0.07680269883975728,-0.005502277432885852
18,Normal (NG),phi22,Clean,Exponential,+-,200,0.5,A,200,-0.06290753745251268,0.92,0.08049158985492474,0.0714262388096682,0.07645729994211893,-0.005031061132450734
18,Normal (NG),rho,Clean,Exponential,+-,200,0.5,A,200,-1.8917347796840578,0,0.948508201258158,0.05644157252782986,0.07072968745451792,-0.014288114926688064
18,Exponential (EG),mu[1],Clean,Exponential,+-,200,0.5,A,198,0.008385321519903689,0.9494949494949495,0.06856230466266311,0.0702836723788876,0.0680476010132883,0.002236071365599293
18,Exponential (EG),mu[1],Problematic,Exponential,+-,200,0.5,A,2,0.025348835569330035,1,0.02573308545848177,0.07122212664166871,0.004430374983293675,0.06679175165837505
18,Exponential (EG),mu[2],Clean,Exponential,+-,200,0.5,A,198,0.0013663897452099716,0.9444444444444444,0.07307794319939208,0.0697019418587038,0.07306516790727138,-0.0033632260485675775
18,Exponential (EG),mu[2],Problematic,Exponential,+-,200,0.5,A,2,-0.049370916436359144,1,0.08495417950246177,0.07405753469058972,0.06913555688045434,0.004921977810135383
18,Exponential (EG),phi11,Clean,Exponential,+-,200,0.5,A,198,-0.006937915661291837,0.9393939393939394,0.011916980278222331,0.010698039016295806,0.011589342999317444,-8.913039830216376e-4
18,Exponential (EG),phi11,Problematic,Exponential,+-,200,0.5,A,2,0.01788352596741788,1,0.015097115113323494,0.00790153412035093,0.013294796146634633,-0.005393262026283702
18,Exponential (EG),phi12,Clean,Exponential,+-,200,0.5,A,198,-0.013808927195480965,0.9343434343434344,0.012827721767604406,0.010691681204219405,0.012753179252412747,-0.002061498048193342
18,Exponential (EG),phi12,Problematic,Exponential,+-,200,0.5,A,2,0.02717387449526196,1,0.005261830712560117,0.00848740702987976,0.004505848188387892,0.003981558841491869
18,Exponential (EG),phi21,Clean,Exponential,+-,200,0.5,A,198,-0.004319814066993252,0.9494949494949495,0.00965134095839959,0.010472707456767795,0.0096416686501636,8.310388066041941e-4
18,Exponential (EG),phi21,Problematic,Exponential,+-,200,0.5,A,2,0.01036031244063734,1,0.0026014131850208215,0.008095579023197776,0.00238620825170896,0.005709370771488816
18,Exponential (EG),phi22,Clean,Exponential,+-,200,0.5,A,198,3.6281287639551075e-4,0.9545454545454546,0.011451785878893412,0.010587795256224712,0.011450866277565992,-8.630710213412794e-4
18,Exponential (EG),phi22,Problematic,Exponential,+-,200,0.5,A,2,0.00728766462095784,1,0.008194020625242287,0.01174987945325,0.007657960897424739,0.004091918555825261
18,Exponential (EG),rho,Clean,Exponential,+-,200,0.5,A,198,-1.9762055127124472,0,0.9893481921583489,0.05114113613645078,0.04962648696237479,0.0015146491740759896
18,Exponential (EG),rho,Problematic,Exponential,+-,200,0.5,A,2,-1.9985116538555772,0,0.9994966387973859,0.0491805398668366,0.021939081980188836,0.027241457886647762
19,Normal (NG),sigma[1],Clean,Exponential,++,50,0.3,B,200,0.015954652190310198,0.685,0.19669425981704367,0.10663203733032563,0.19604611936598212,-0.0894140820356565
19,Normal (NG),sigma[2],Clean,Exponential,++,50,0.3,B,200,0.004234690674597492,0.74,0.190277847624434,0.105513184463755,0.1902307196313934,-0.0847175351676384
19,Normal (NG),mu[1],Clean,Exponential,++,50,0.3,B,200,0.023662205417902316,0.895,0.17853812456782586,0.15196066417450518,0.1769631655428821,-0.025002501368376923
19,Normal (NG),mu[2],Clean,Exponential,++,50,0.3,B,200,0.004218912726582385,0.95,0.158105488878897,0.15059676062707558,0.15804918977660248,-0.007452429149526901
19,Normal (NG),phi11,Clean,Exponential,++,50,0.3,B,200,-0.14006714568471068,0.945,0.13663907204350123,0.12687361278952614,0.11285188259652505,0.014021730193001083
19,Normal (NG),phi12,Clean,Exponential,++,50,0.3,B,200,0.04596072119613859,0.945,0.13658508822522591,0.14790399038143642,0.1365077376801918,0.011396252701244614
19,Normal (NG),phi21,Clean,Exponential,++,50,0.3,B,200,-0.019120676336265952,0.98,0.12697684529134584,0.12824482439335752,0.12696244813923058,0.0012823762541269434
19,Normal (NG),phi22,Clean,Exponential,++,50,0.3,B,200,-0.18005736527423846,0.98,0.1272368605390663,0.14383500446445902,0.11900809953735932,0.0248269049270997
19,Normal (NG),rho,Clean,Exponential,++,50,0.3,B,200,-0.2669077987288055,0.925,0.15204217420510768,0.12943803992509564,0.1292487646556563,1.8927526943934847e-4
19,Exponential (EG),mu[1],Clean,Exponential,++,50,0.3,B,200,0.03724782191544658,0.95,0.14420882482683392,0.14349354359624872,0.13931541522922597,0.004178128367022749
19,Exponential (EG),mu[2],Clean,Exponential,++,50,0.3,B,200,0.02168935070095015,0.95,0.13981032743689104,0.14194289279903874,0.13811770242869623,0.0038251903703425127
19,Exponential (EG),phi11,Clean,Exponential,++,50,0.3,B,200,-0.018229757594596996,0.965,0.04117091614363933,0.04217923475227263,0.039931395008994584,0.0022478397432780448
19,Exponential (EG),phi12,Clean,Exponential,++,50,0.3,B,200,0.009361446407218765,0.97,0.04961194375529075,0.04917626281076335,0.0496031107531552,-4.2684794239184615e-4
19,Exponential (EG),phi21,Clean,Exponential,++,50,0.3,B,200,0.011629523170820852,0.95,0.040422486056067464,0.04199755327111026,0.040405753561357595,0.0015917997097526643
19,Exponential (EG),phi22,Clean,Exponential,++,50,0.3,B,200,-0.027474840289601492,0.94,0.05059744349241959,0.050183965659065674,0.05012905454833454,5.49111107311373e-5
19,Exponential (EG),rho,Clean,Exponential,++,50,0.3,B,200,-0.1666065889030793,0.945,0.1322674531737059,0.12757829055053574,0.12246012076233516,0.00511816978820058
20,Normal (NG),sigma[1],Clean,Exponential,--,50,0.3,B,200,0.0025786311371364403,0.68,0.20560952191342616,0.10524874569108886,0.20559335145603871,-0.10034460576494986
20,Normal (NG),sigma[2],Clean,Exponential,--,50,0.3,B,200,-0.002704981955753647,0.72,0.2059049277659058,0.10472272081093487,0.20588715926667678,-0.10116443845574191
20,Normal (NG),mu[1],Clean,Exponential,--,50,0.3,B,200,0.019123078556618954,0.92,0.17504004216401076,0.14988500255916332,0.17399231082808242,-0.024107308268919103
20,Normal (NG),mu[2],Clean,Exponential,--,50,0.3,B,200,0.007580393543087177,0.93,0.1495150330839256,0.1490458747587712,0.14932274693367817,-2.7687217490696137e-4
20,Normal (NG),phi11,Clean,Exponential,--,50,0.3,B,200,-0.14898765183605986,0.93,0.14768437910589208,0.12759202728704616,0.12286572512709514,0.004726302159951026
20,Normal (NG),phi12,Clean,Exponential,--,50,0.3,B,200,0.025942049464933038,0.95,0.14712031746389828,0.1483090359298249,0.14709744359224536,0.0012115923375795312
20,Normal (NG),phi21,Clean,Exponential,--,50,0.3,B,200,-0.14448228273297176,0.935,0.1464985890594258,0.13012210651143077,0.1457843794655834,-0.015662272954152623
20,Normal (NG),phi22,Clean,Exponential,--,50,0.3,B,200,-0.21827865070753394,0.92,0.15072886770748614,0.14421161005863198,0.14050389131875318,0.003707718739878796
20,Normal (NG),rho,Clean,Exponential,--,50,0.3,B,200,-0.22961592655578283,0.895,0.15885542770481736,0.12862335033659655,0.14314305528300733,-0.014519704946410777
20,Exponential (EG),mu[1],Clean,Exponential,--,50,0.3,B,200,-0.007201237909918317,0.955,0.13790517278100722,0.1389163733363095,0.13771702455515153,0.0011993487811579606
20,Exponential (EG),mu[2],Clean,Exponential,--,50,0.3,B,200,-0.018983955033635862,0.965,0.12671128964172848,0.14116850708712336,0.12528112536990918,0.015887381717214183
20,Exponential (EG),phi11,Clean,Exponential,--,50,0.3,B,200,-0.024747064785325863,0.945,0.04582188702091798,0.04332624009543828,0.04375373266902281,-4.274925735845356e-4
20,Exponential (EG),phi12,Clean,Exponential,--,50,0.3,B,200,0.014494711874866508,0.955,0.048104239901316743,0.047541422719188,0.04808239729630876,-5.409745771207605e-4
20,Exponential (EG),phi21,Clean,Exponential,--,50,0.3,B,200,0.008361491971055185,0.94,0.043033967273610696,0.042797859762036046,0.04302584332498755,-2.279835629515059e-4
20,Exponential (EG),phi22,Clean,Exponential,--,50,0.3,B,200,-0.03934327047122533,0.925,0.052094744451158616,0.0508762584083016,0.051157786222829973,-2.81527814528372e-4
20,Exponential (EG),rho,Clean,Exponential,--,50,0.3,B,200,-0.14141126084461658,0.93,0.13761713790928853,0.12621441298232813,0.13091498624647357,-0.004700573264145441
21,Normal (NG),sigma[1],Clean,Exponential,+-,50,0.3,B,200,-5.6889202652760706e-5,0.71,0.19013580842644576,0.10484995983548537,0.19013579991573576,-0.08528584008025039
21,Normal (NG),sigma[2],Clean,Exponential,+-,50,0.3,B,200,-0.02497551312466883,0.73,0.17823376284196293,0.10235724157659117,0.17647520494665697,-0.0741179633700658
21,Normal (NG),mu[1],Clean,Exponential,+-,50,0.3,B,200,0.005725039449235678,0.905,0.17686159029590065,0.14946166324946794,0.17676890576484233,-0.02730724251537439
21,Normal (NG),mu[2],Clean,Exponential,+-,50,0.3,B,200,0.011132775071296874,0.925,0.14861872796754658,0.14610851983724352,0.14820117280879905,-0.002092652971555531
21,Normal (NG),phi11,Clean,Exponential,+-,50,0.3,B,200,-0.14386706461650162,0.945,0.14092270944560964,0.1268922119735231,0.11661108876250877,0.010281123211014334
21,Normal (NG),phi12,Clean,Exponential,+-,50,0.3,B,200,-0.08542064561276247,0.96,0.13210189637006303,0.1474384024418649,0.13182543061791174,0.015612971823953159
21,Normal (NG),phi21,Clean,Exponential,+-,50,0.3,B,200,0.08397633992442358,0.97,0.12222962089395095,0.12700518933461222,0.1219408051769708,0.005064384157641419
21,Normal (NG),phi22,Clean,Exponential,+-,50,0.3,B,200,-0.16500559802460651,0.975,0.13937103801842665,0.14147584627952353,0.13312628695008963,0.008349559329433903
21,Normal (NG),rho,Clean,Exponential,+-,50,0.3,B,200,-1.7725858417559406,0.01,0.5500945720819164,0.12879026113335632,0.14077850424891314,-0.011988243115556824
21,Exponential (EG),mu[1],Clean,Exponential,+-,50,0.3,B,200,0.022746004617127405,0.935,0.14188634757900187,0.1407337762486022,0.14005125812811162,6.825181204905828e-4
21,Exponential (EG),mu[2],Clean,Exponential,+-,50,0.3,B,200,-0.008675539237134157,0.96,0.12523825498360514,0.13962897782845493,0.12493740644932344,0.01469157137913149
21,Exponential (EG),phi11,Clean,Exponential,+-,50,0.3,B,200,-0.01816353486652306,0.955,0.04115728371241849,0.04143226779249615,0.039926470141162865,0.0015057976513332821
21,Exponential (EG),phi12,Clean,Exponential,+-,50,0.3,B,200,0.057344281143687365,0.945,0.04636273575247156,0.047534333312981736,0.0460067342967814,0.0015275990162003372
21,Exponential (EG),phi21,Clean,Exponential,+-,50,0.3,B,200,-0.020705940176351918,0.965,0.038533582160200246,0.03796302729801911,0.038477910474856034,-5.148831768369208e-4
21,Exponential (EG),phi22,Clean,Exponential,+-,50,0.3,B,200,-0.041877337296780566,0.955,0.0465869362731291,0.04905817876766581,0.045395326522945305,0.003662852244720502
21,Exponential (EG),rho,Clean,Exponential,+-,50,0.3,B,200,-1.860514158755082,0.005,0.5708381070764651,0.12749663905585634,0.1196661202977275,0.007830518758128846
22,Normal (NG),sigma[1],Clean,Exponential,++,100,0.3,B,200,-0.011042685131190137,0.75,0.13337316021104348,0.07172999174918548,0.1329152322714521,-0.06118524052226662
22,Normal (NG),sigma[2],Clean,Exponential,++,100,0.3,B,200,-0.005464491785009238,0.73,0.13713150091667048,0.07213194817070936,0.13702258161774053,-0.06489063344703117
22,Normal (NG),mu[1],Clean,Exponential,++,100,0.3,B,200,-0.005525790582728225,0.93,0.10943230170414969,0.10180447149987526,0.10929270009796573,-0.007488228598090466
22,Normal (NG),mu[2],Clean,Exponential,++,100,0.3,B,200,-0.006107914642839702,0.92,0.10401861419989016,0.10225398242792108,0.10383913269467043,-0.0015851502667493522
22,Normal (NG),phi11,Clean,Exponential,++,100,0.3,B,200,-0.06794657738752818,0.95,0.08910364071373754,0.0879659153176231,0.08088816805560824,0.0070777472620148635
22,Normal (NG),phi12,Clean,Exponential,++,100,0.3,B,200,0.07703116489629047,0.955,0.10068410218482883,0.10332221240209226,0.1003889955578412,0.0029332168442510603
22,Normal (NG),phi21,Clean,Exponential,++,100,0.3,B,200,-0.089651235814504,0.97,0.08794657681035507,0.08961695507403954,0.08748843884667852,0.002128516227361016
22,Normal (NG),phi22,Clean,Exponential,++,100,0.3,B,200,-0.14068024650833943,0.95,0.09820994770525572,0.1024836369485222,0.09169656805691322,0.010787068891608978
22,Normal (NG),rho,Clean,Exponential,++,100,0.3,B,200,-0.1513297802051461,0.88,0.11635956327869884,0.09164232819809523,0.10713769062512556,-0.015495362427030326
22,Exponential (EG),mu[1],Clean,Exponential,++,100,0.3,B,200,0.004258030611356022,0.945,0.09607734633466529,0.09922953350173187,0.09598294459967341,0.0032465889020584643
22,Exponential (EG),mu[2],Clean,Exponential,++,100,0.3,B,200,0.0012767360805236397,0.955,0.09063154390861457,0.0987775994449194,0.09062255070477668,0.008155048740142723
22,Exponential (EG),phi11,Clean,Exponential,++,100,0.3,B,200,-0.008412613612050633,0.945,0.022181311315148076,0.02014556195523078,0.021693363527916874,-0.0015478015726860944
22,Exponential (EG),phi12,Clean,Exponential,++,100,0.3,B,200,0.0021123437841964587,0.945,0.025327986713854233,0.02385678453062711,0.025327105855477254,-0.0014703213248501434
22,Exponential (EG),phi21,Clean,Exponential,++,100,0.3,B,200,-0.006990693975410626,0.97,0.019489179012289002,0.018917007997167105,0.019476637300891234,-5.596293037241282e-4
22,Exponential (EG),phi22,Clean,Exponential,++,100,0.3,B,200,-0.013244818585768028,0.965,0.021756901784063698,0.023778039733224027,0.02150345783893314,0.002274581894290889
22,Exponential (EG),rho,Clean,Exponential,++,100,0.3,B,200,-0.05153971400065979,0.95,0.09157564488368714,0.08964725296894967,0.09026088823587375,-6.136352669240813e-4
23,Normal (NG),sigma[1],Clean,Exponential,--,100,0.3,B,200,-0.00380330319344444,0.72,0.13763453766130937,0.07233260828429156,0.13758197862387764,-0.06524937033958608
23,Normal (NG),sigma[2],Clean,Exponential,--,100,0.3,B,200,0.0026738243845229564,0.675,0.14427969459938558,0.072762335200843,0.14425491650842512,-0.07149258130758211
23,Normal (NG),mu[1],Clean,Exponential,--,100,0.3,B,200,-0.003394912490352876,0.93,0.11215911868075405,0.10263112746550149,0.11210772708616619,-0.009476599620664702
23,Normal (NG),mu[2],Clean,Exponential,--,100,0.3,B,200,-0.006067182698440389,0.92,0.11090006907757521,0.10344558696733153,0.11073398130436157,-0.007288394337030046
23,Normal (NG),phi11,Clean,Exponential,--,100,0.3,B,200,-0.07523323631631484,0.96,0.08975892495482851,0.08891431080407358,0.07965238574858903,0.009261925055484552
23,Normal (NG),phi12,Clean,Exponential,--,100,0.3,B,200,0.003861364583982086,0.96,0.09201183263872316,0.10281876843409138,0.09201102240586122,0.010807746028230161
23,Normal (NG),phi21,Clean,Exponential,--,100,0.3,B,200,-0.02206205231511246,0.945,0.08425593828460873,0.09043006021735954,0.08422704906795825,0.006203011149401291
23,Normal (NG),phi22,Clean,Exponential,--,100,0.3,B,200,-0.10931245697169915,0.965,0.09677672509385558,0.10205887310964525,0.09283807781194821,0.009220795297697038
23,Normal (NG),rho,Clean,Exponential,--,100,0.3,B,200,-0.1693047711261852,0.86,0.12309351518103454,0.09204221059299789,0.11212601831098563,-0.020083807717987748
23,Exponential (EG),mu[1],Clean,Exponential,--,100,0.3,B,200,-0.011353078377075288,0.955,0.09820437992738569,0.09976930968240962,0.09754592686671391,0.0022233828156957014
23,Exponential (EG),mu[2],Clean,Exponential,--,100,0.3,B,200,-0.013746489014534019,0.965,0.10149651029391348,0.09997042763939686,0.10056130290333246,-5.908752639356002e-4
23,Exponential (EG),phi11,Clean,Exponential,--,100,0.3,B,200,-0.005291334262837967,0.965,0.019257167111467438,0.019643312222875128,0.01903599285902775,6.073193638473778e-4
23,Exponential (EG),phi12,Clean,Exponential,--,100,0.3,B,200,0.010624699099163804,0.935,0.0258473856227909,0.023465360828161922,0.02582553970827677,-0.0023601788801148466
23,Exponential (EG),phi21,Clean,Exponential,--,100,0.3,B,200,0.0032330867794206275,0.965,0.01928060413494135,0.019444697930912223,0.019277893227920027,1.6680470299219527e-4
23,Exponential (EG),phi22,Clean,Exponential,--,100,0.3,B,200,-0.006912537744734917,0.935,0.0242094584842467,0.022600987891181482,0.02414770033504103,-0.0015467124438595485
23,Exponential (EG),rho,Clean,Exponential,--,100,0.3,B,200,-0.0738489255509416,0.935,0.09629872637880718,0.08998482032763634,0.09371560680979348,-0.0037307864821571335
24,Normal (NG),sigma[1],Clean,Exponential,+-,100,0.3,B,200,-0.0021022867069312406,0.68,0.14158696139506088,0.07237921105659605,0.14157135313222208,-0.06919214207562603
24,Normal (NG),sigma[2],Clean,Exponential,+-,100,0.3,B,200,0.0023107936711548108,0.705,0.14005425794487686,0.07257072882925174,0.14003519343757645,-0.06746446460832471
24,Normal (NG),mu[1],Clean,Exponential,+-,100,0.3,B,200,-0.0036935807720569524,0.9,0.11785863756217817,0.1031462376388904,0.11780074664064386,-0.014654509001753455
24,Normal (NG),mu[2],Clean,Exponential,+-,100,0.3,B,200,-0.006924565988181736,0.95,0.11068108774760202,0.10375557498648663,0.11046426377280434,-0.00670868878631771
24,Normal (NG),phi11,Clean,Exponential,+-,100,0.3,B,200,-0.10003067595169157,0.92,0.10081987326671102,0.08873654118328139,0.08448544647323344,0.004251094710047948
24,Normal (NG),phi12,Clean,Exponential,+-,100,0.3,B,200,-0.2696618043064548,0.95,0.10454193943396005,0.09999425680758334,0.10100416928818158,-0.0010099124805982435
24,Normal (NG),phi21,Clean,Exponential,+-,100,0.3,B,200,0.07789480373050889,0.97,0.08841836944119882,0.09060684910517477,0.08807458231611534,0.002532266789059434
24,Normal (NG),phi22,Clean,Exponential,+-,100,0.3,B,200,-0.09907530944682437,0.97,0.09202460181404423,0.09924428832699109,0.0886286213937653,0.010615666933225784
24,Normal (NG),rho,Clean,Exponential,+-,100,0.3,B,200,-1.8341296970362582,0,0.5611798053729325,0.0918425518924714,0.11027201303537582,-0.01842946114290442
24,Exponential (EG),mu[1],Clean,Exponential,+-,100,0.3,B,200,0.0066046796240204755,0.93,0.10183494228054857,0.0994838385021696,0.10162053767003354,-0.002136699167863937
24,Exponential (EG),mu[2],Clean,Exponential,+-,100,0.3,B,200,-0.01537767410873487,0.95,0.10304061987784584,0.09995258303394051,0.10188668452656738,-0.0019341014926268635
24,Exponential (EG),phi11,Clean,Exponential,+-,100,0.3,B,200,-0.009260906574637013,0.945,0.019735107061140407,0.01910495933455991,0.0190664816513946,3.8477683165307613e-5
24,Exponential (EG),phi12,Clean,Exponential,+-,100,0.3,B,200,-0.049543928264231894,0.96,0.02171236000675181,0.021957005579534897,0.02113954987184642,8.174557076884789e-4
24,Exponential (EG),phi21,Clean,Exponential,+-,100,0.3,B,200,-0.0035019246330862306,0.92,0.020674663958705573,0.01908830690231485,0.02067169792358724,-0.00158339102127239
24,Exponential (EG),phi22,Clean,Exponential,+-,100,0.3,B,200,0.0024036934937698203,0.925,0.02460664266379288,0.022986314508389397,0.024599303938990683,-0.001612989430601286
24,Exponential (EG),rho,Clean,Exponential,+-,100,0.3,B,200,-1.9331573526805965,0,0.5864547531941419,0.0895796864157574,0.08712299365797305,0.0024566927577843595
25,Normal (NG),sigma[1],Clean,Exponential,++,200,0.3,B,200,0.0061663216484247494,0.68,0.0998354712777355,0.05107960261250191,0.09964485838504522,-0.04856525577254331
25,Normal (NG),sigma[2],Clean,Exponential,++,200,0.3,B,200,0.009067565955194413,0.7,0.09993343564580318,0.051155145666889036,0.09952120782839245,-0.048366062161503416
25,Normal (NG),mu[1],Clean,Exponential,++,200,0.3,B,200,0.0018698878825103543,0.935,0.07414500526389241,0.07187383401261074,0.07412142284717337,-0.002247588834562622
25,Normal (NG),mu[2],Clean,Exponential,++,200,0.3,B,200,0.0028588466709779155,0.955,0.06546766143724958,0.07222871999328946,0.06540521148787896,0.006823508505410497
25,Normal (NG),phi11,Clean,Exponential,++,200,0.3,B,200,-0.04553542349174119,0.93,0.07023439336785431,0.062088049134889356,0.06561740536623954,-0.0035293562313501864
25,Normal (NG),phi12,Clean,Exponential,++,200,0.3,B,200,-0.020808686297467995,0.945,0.074456575650735,0.07230487790675288,0.07442749252379366,-0.0021226146170407745
25,Normal (NG),phi21,Clean,Exponential,++,200,0.3,B,200,0.029358926381695145,0.955,0.06136203487293346,0.06258119438839524,0.06129176011638305,0.0012894342720121896
25,Normal (NG),phi22,Clean,Exponential,++,200,0.3,B,200,-0.08087501624735592,0.96,0.07244376889274652,0.07188888725031145,0.06956508920121168,0.002323798049099768
25,Normal (NG),rho,Clean,Exponential,++,200,0.3,B,200,-0.1556681640793562,0.815,0.09469222858611304,0.065661798149088485,0.08237527661197455,-0.016713478462886067
25,Exponential (EG),mu[1],Clean,Exponential,++,200,0.3,B,200,0.005975181217141471,0.955,0.06738491653716738,0.07046816785715453,0.067119476950758,0.0033486909063965287
25,Exponential (EG),mu[2],Clean,Exponential,++,200,0.3,B,200,0.007219685597315023,0.97,0.06289752230053203,0.07059656923303163,0.062481792959404155,0.008114776273627479
25,Exponential (EG),phi11,Clean,Exponential,++,200,0.3,B,200,-1.8679847204344365e-4,0.96,0.009819972020682792,0.00967034635596965,0.009819434563765505,-1.4908820779585552e-4
25,Exponential (EG),phi12,Clean,Exponential,++,200,0.3,B,200,0.0011217783970283051,0.94,0.01192453713446795,0.011127453259589002,0.011924009476832226,-7.965562172432238e-4
25,Exponential (EG),phi21,Clean,Exponential,++,200,0.3,B,200,-0.006306413066731141,0.925,0.010895965368226308,0.010069910947744795,0.010877699795816424,-8.077888480716288e-4
25,Exponential (EG),phi22,Clean,Exponential,++,200,0.3,B,200,7.108364719460128e-4,0.955,0.011069377459288874,0.011677751856433494,0.011067950885579367,6.098009708541269e-4
25,Exponential (EG),rho,Clean,Exponential,++,200,0.3,B,200,-0.03513553663231385,0.945,0.0670260826119007,0.06292559590752607,0.06619207064443351,-0.003266474736907443
26,Normal (NG),sigma[1],Clean,Exponential,--,200,0.3,B,200,0.004019722295231632,0.71,0.10053909764473537,0.05088402929224338,0.10045870787486195,-0.049574678582618575
26,Normal (NG),sigma[2],Clean,Exponential,--,200,0.3,B,200,0.0018233636668583645,0.72,0.09828771591436312,0.05076220427660191,0.09827080158725139,-0.04750859731064948
26,Normal (NG),mu[1],Clean,Exponential,--,200,0.3,B,200,-0.002977250106368947,0.955,0.06981762397059292,0.07185308944172161,0.06975411528148887,0.002098974160232747
26,Normal (NG),mu[2],Clean,Exponential,--,200,0.3,B,200,0.0031767252763108176,0.94,0.0705454550837862,0.07168012803736627,0.07047389338966129,0.0012062346477049873
26,Normal (NG),phi11,Clean,Exponential,--,200,0.3,B,200,-0.039969237842883025,0.945,0.06457870566503207,0.061462769776001694,0.060721934943759874,7.408348322418198e-4
26,Normal (NG),phi12,Clean,Exponential,--,200,0.3,B,200,0.039129843370380536,0.935,0.0766139706978863,0.07222748708982459,0.07651397950488965,-0.0042864924150650685
26,Normal (NG),phi21,Clean,Exponential,--,200,0.3,B,200,-0.1293446444936212,0.935,0.06752371211514388,0.06177726044026568,0.06627330780349669,-0.004496047363231011
26,Normal (NG),phi22,Clean,Exponential,--,200,0.3,B,200,-0.04279217215042071,0.955,0.06787177948998097,0.07149906939057275,0.06702335657293022,0.00447571281764253
26,Normal (NG),rho,Clean,Exponential,--,200,0.3,B,200,-0.16690237931252994,0.885,0.08236841901824138,0.06587612015706577,0.06540244698593518,4.736731711305897e-4
26,Exponential (EG),mu[1],Clean,Exponential,--,200,0.3,B,200,-0.009231093751259656,0.955,0.06686210850675378,0.07066907262916369,0.06622181258561541,0.0044472600435482845
26,Exponential (EG),mu[2],Clean,Exponential,--,200,0.3,B,200,-0.003589615877404271,0.955,0.06683066177051654,0.07036865457180749,0.06673418921765566,0.0036344653541518362
26,Exponential (EG),phi11,Clean,Exponential,--,200,0.3,B,200,-0.0021234188857526,0.95,0.009601310709431635,0.009326636274609982,0.009530016932845631,-2.0338065823564955e-4
26,Exponential (EG),phi12,Clean,Exponential,--,200,0.3,B,200,0.0058197183833316015,0.935,0.012573197622790867,0.011120078202022984,0.012559721622756655,-0.001439643420733671
26,Exponential (EG),phi21,Clean,Exponential,--,200,0.3,B,200,-0.001417039554827075,0.92,0.010475260045063859,0.00911409858450679,0.010474301551927547,-0.0013602029674207577
26,Exponential (EG),phi22,Clean,Exponential,--,200,0.3,B,200,0.004107229314517015,0.915,0.012699192540605381,0.011123568123924532,0.012657612645883925,-0.0015340445219593924
26,Exponential (EG),rho,Clean,Exponential,--,200,0.3,B,200,-0.028949359735948206,0.96,0.05623125100962032,0.06278052638811625,0.05555652708265705,0.007223999305459201
27,Normal (NG),sigma[1],Clean,Exponential,+-,200,0.3,B,200,-0.00256413686878972,0.675,0.10242551265922023,0.05050083521792055,0.10239341212022479,-0.05189257690230424
27,Normal (NG),sigma[2],Clean,Exponential,+-,200,0.3,B,200,0.0030072679555967737,0.715,0.10141746292587718,0.05073964753213081,0.1013728668124016,-0.050633219280270786
27,Normal (NG),mu[1],Clean,Exponential,+-,200,0.3,B,200,0.0023813064493271286,0.935,0.07410256397934101,0.07159122777089982,0.07406429212452327,-0.002473064353623447
27,Normal (NG),mu[2],Clean,Exponential,+-,200,0.3,B,200,-0.007393062103927493,0.945,0.07633684065338203,0.07191814229340285,0.07597799598349059,-0.004059853690087739
27,Normal (NG),phi11,Clean,Exponential,+-,200,0.3,B,200,-0.025834429791275263,0.925,0.06468202022417187,0.06067138433082002,0.0631020591350352,-0.0024306748042151743
27,Normal (NG),phi12,Clean,Exponential,+-,200,0.3,B,200,-0.012819485728398566,0.98,0.060384248738501234,0.06984412711135499,0.06037063941660533,0.009473487694749656
27,Normal (NG),phi21,Clean,Exponential,+-,200,0.3,B,200,-0.020789337058249077,0.935,0.06652797419267978,0.06151203442784577,0.06649548394311189,-0.004983449515266115
27,Normal (NG),phi22,Clean,Exponential,+-,200,0.3,B,200,-0.07973679137533038,0.955,0.06628346695274122,0.06960570591725286,0.06321491712877647,0.00639078878847639
27,Normal (NG),rho,Clean,Exponential,+-,200,0.3,B,200,-1.838005822794503,0,0.5567521507977614,0.06581502739617175,0.07700046104763632,-0.011185433651464571
27,Exponential (EG),mu[1],Clean,Exponential,+-,200,0.3,B,200,0.00791399092023655,0.95,0.06895945737540463,0.0705923938995221,0.06850383572636398,0.002088558173158117
27,Exponential (EG),mu[2],Clean,Exponential,+-,200,0.3,B,200,-0.012915842418591688,0.955,0.0729446002631226,0.07099563239600974,0.07179203104916905,-7.963986531593081e-4
27,Exponential (EG),phi11,Clean,Exponential,+-,200,0.3,B,200,2.830870246905723e-4,0.93,0.010920017376754874,0.009583607291614931,0.010918907348444033,-0.0013353000568291015
27,Exponential (EG),phi12,Clean,Exponential,+-,200,0.3,B,200,-0.02017427558366732,0.905,0.013284018120770215,0.010948993919514427,0.013129932348633555,-0.0021809384291191277
27,Exponential (EG),phi21,Clean,Exponential,+-,200,0.3,B,200,-0.005950828843212832,0.965,0.009555952641549898,0.009196940465580722,0.009537405687519658,-3.4046522193893584e-4
27,Exponential (EG),phi22,Clean,Exponential,+-,200,0.3,B,200,-0.003803786812466174,0.965,0.010455978205744038,0.010986398528254608,0.010412645226205783,5.73753302048825e-4
27,Exponential (EG),rho,Clean,Exponential,+-,200,0.3,B,200,-1.9596473827898002,0,0.5907946799560904,0.06339217943814245,0.05847004383166688,0.004922135606475565
28,Normal (NG),sigma[1],Clean,Exponential,++,50,0.5,B,200,-0.02340852819181052,0.715,0.18535869668484103,0.10169491840927528,0.18387465090271718,-0.0821797324934419
28,Normal (NG),sigma[2],Clean,Exponential,++,50,0.5,B,200,0.008775796065572902,0.715,0.19305932424885686,0.10486710803693915,0.19285976273665983,-0.08799265469972069
28,Normal (NG),mu[1],Clean,Exponential,++,50,0.5,B,200,-0.01692991465874543,0.905,0.17308397732473707,0.1456197732742745,0.1722540019744032,-0.026634228700128687
28,Normal (NG),mu[2],Clean,Exponential,++,50,0.5,B,200,7.891311132083841e-4,0.915,0.16822460619436658,0.15040871790284166,0.16822275530181963,-0.017814037398977967
28,Normal (NG),phi11,Clean,Exponential,++,50,0.5,B,200,-0.172274130750829,0.925,0.15233052435786043,0.13447666819641946,0.1192764849961622,0.015200183200257261
28,Normal (NG),phi12,Clean,Exponential,++,50,0.5,B,200,0.011076684644461612,0.96,0.14104182258380943,0.1508895604034088,0.14103747299329936,0.009852087410109456
28,Normal (NG),phi21,Clean,Exponential,++,50,0.5,B,200,-0.2961958511264575,0.975,0.14015590412865034,0.1412384807073148,0.13699035601046577,0.004248124696849015
28,Normal (NG),phi22,Clean,Exponential,++,50,0.5,B,200,-0.1817122619842445,0.955,0.14585827819325545,0.15268959317441744,0.1386034926788884,0.014086100495529025
28,Normal (NG),rho,Clean,Exponential,++,50,0.5,B,200,-0.20340996892053131,0.835,0.16904724952320577,0.11632776835416593,0.13502988079420836,-0.018702112440042426
28,Exponential (EG),mu[1],Clean,Exponential,++,50,0.5,B,200,-1.9777873365578078e-4,0.97,0.12478756659508759,0.13676289185219212,0.1247874098629182,0.011975481989273923
28,Exponential (EG),mu[2],Clean,Exponential,++,50,0.5,B,200,0.015540568719045668,0.95,0.1349039380342872,0.13907635342521282,0.1340058327874105,0.005070520637802334
28,Exponential (EG),phi11,Clean,Exponential,++,50,0.5,B,200,-0.010988655778852448,0.96,0.04535965406348654,0.043444982986619286,0.044955212974935106,-0.00151022998831582
28,Exponential (EG),phi12,Clean,Exponential,++,50,0.5,B,200,0.03761385599201849,0.98,0.046481118550956095,0.04895996855613792,0.04632867751320074,0.0026312910429371825
28,Exponential (EG),phi21,Clean,Exponential,++,50,0.5,B,200,0.05082973486259635,0.955,0.04945651412554004,0.0438769258949887,0.04919461525398611,-0.005317689358997409
28,Exponential (EG),phi22,Clean,Exponential,++,50,0.5,B,200,-0.03470895844344113,0.955,0.04760485859993923,0.05158566184441068,0.04680735065196411,0.004778311192446566
28,Exponential (EG),rho,Clean,Exponential,++,50,0.5,B,200,-0.1230621586284607,0.94,0.12358554261771054,0.1112571852106109,0.10717888142045447,0.004078303790156432
29,Normal (NG),sigma[1],Clean,Exponential,--,50,0.5,B,200,-0.0106980627754025,0.725,0.1900643823458427,0.10279459331479973,0.1897630651348155,-0.08696847182001577
29,Normal (NG),sigma[2],Clean,Exponential,--,50,0.5,B,200,-0.019446097004970315,0.695,0.1850736893098832,0.10203120234292463,0.18404923196265846,-0.08201802961973383
29,Normal (NG),mu[1],Clean,Exponential,--,50,0.5,B,200,0.004470066226786526,0.86,0.18160831631401914,0.14901150655275724,0.18155329537725548,-0.032541788824498236
29,Normal (NG),mu[2],Clean,Exponential,--,50,0.5,B,200,0.011668219453180338,0.925,0.1672718081950242,0.14819016831064472,0.16686434751505605,-0.018674179204411334
29,Normal (NG),phi11,Clean,Exponential,--,50,0.5,B,200,-0.15394278970753708,0.94,0.14883016631746457,0.1345897486657421,0.12239958210282058,0.012190166562921531
29,Normal (NG),phi12,Clean,Exponential,--,50,0.5,B,200,-0.00670062459976549,0.95,0.14193775948982898,0.15692160529296129,0.14193617785924864,0.014985427433712645
29,Normal (NG),phi21,Clean,Exponential,--,50,0.5,B,200,-0.2587855891782018,0.965,0.12594293587146313,0.1360339154071702,0.12325552029933744,0.012778395107832755
29,Normal (NG),phi22,Clean,Exponential,--,50,0.5,B,200,-0.20940526484431327,0.965,0.14892508504245883,0.15314397546449962,0.13942030212946493,0.013723673335034686
29,Normal (NG),rho,Clean,Exponential,--,50,0.5,B,200,-0.16727130098621817,0.855,0.15199437162257745,0.11478933561287785,0.12691480201905797,-0.012125466406180119
29,Exponential (EG),mu[1],Clean,Exponential,--,50,0.5,B,200,-0.009757542005429054,0.94,0.1401332640051733,0.1391796964120236,0.13979314022782338,-6.134438157997801e-4
29,Exponential (EG),mu[2],Clean,Exponential,--,50,0.5,B,200,-0.003062036601404613,0.94,0.1414275706485356,0.13737229631839998,0.14139441881276002,-0.004022122494360042
29,Exponential (EG),phi11,Clean,Exponential,--,50,0.5,B,200,-0.009481922024343132,0.98,0.043941040281937176,0.04311143580419723,0.04363047329978119,-5.190374955839558e-4
29,Exponential (EG),phi12,Clean,Exponential,--,50,0.5,B,200,0.00764168480545427,0.975,0.04441062224259828,0.04942418352916027,0.044404047276212395,0.005020136252947872
29,Exponential (EG),phi21,Clean,Exponential,--,50,0.5,B,200,-0.010417870254230141,0.93,0.04515658899108985,0.04280143821067449,0.04514457009545973,-0.0023431318847852434
29,Exponential (EG),phi22,Clean,Exponential,--,50,0.5,B,200,-0.05366965317970025,0.945,0.0532195178097401,0.05145610410514003,0.05150038928371719,-4.428517857715808e-5
29,Exponential (EG),rho,Clean,Exponential,--,50,0.5,B,200,-0.07858242565639402,0.965,0.10491801041618,0.10892052757441474,0.09728303811137366,0.011637489463041079
30,Normal (NG),sigma[1],Clean,Exponential,+-,50,0.5,B,200,0.002714234498433316,0.695,0.2010219895876664,0.10415600219825237,0.20100366471502795,-0.09684766251677558
30,Normal (NG),sigma[2],Clean,Exponential,+-,50,0.5,B,200,-0.005782353648497952,0.645,0.20085710166985463,0.10320195448240627,0.20077385207615564,-0.09757189759374937
30,Normal (NG),mu[1],Clean,Exponential,+-,50,0.5,B,200,0.021952346361891823,0.925,0.16747716478719216,0.149640189205034,0.16603221137587684,-0.016392022170842846
30,Normal (NG),mu[2],Clean,Exponential,+-,50,0.5,B,200,0.0024681943719887392,0.915,0.15932953191876925,0.14852003105123757,0.15931041321268424,-0.010790382161446677
30,Normal (NG),phi11,Clean,Exponential,+-,50,0.5,B,200,-0.15338542729158702,0.92,0.1501811952873815,0.13221682755018777,0.1242475227240215,0.00796930482616627
30,Normal (NG),phi12,Clean,Exponential,+-,50,0.5,B,200,-0.29922440429231284,0.96,0.14426675727954608,0.15113095642085875,0.14112953204313605,0.010001424377722695
30,Normal (NG),phi21,Clean,Exponential,+-,50,0.5,B,200,0.0021734028093583343,0.975,0.1255510334898806,0.13418328656169914,0.12555084537182296,0.008632441189876189
30,Normal (NG),phi22,Clean,Exponential,+-,50,0.5,B,200,-0.2422954544905892,0.955,0.14242719536551948,0.14650251331582667,0.1289042785384286,0.01759823477739808
30,Normal (NG),rho,Clean,Exponential,+-,50,0.5,B,200,-1.8171046570065683,0,0.9178964829364824,0.11527851382435342,0.13063927341509754,-0.015360759590744122
30,Exponential (EG),mu[1],Clean,Exponential,+-,50,0.5,B,200,0.02673986082444713,0.97,0.13018141320798982,0.14024565508575293,0.12740557361402435,0.012840081471728576
30,Exponential (EG),mu[2],Clean,Exponential,+-,50,0.5,B,200,-0.006377170388250603,0.97,0.13209917262690138,0.1384784468740829,0.1319451518872562,0.006533294986826699
30,Exponential (EG),phi11,Clean,Exponential,+-,50,0.5,B,200,-0.004411124096408845,0.94,0.045372683757747424,0.04194581250785792,0.045307773964330854,-0.0033619614564729325
30,Exponential (EG),phi12,Clean,Exponential,+-,50,0.5,B,200,0.009839040034062704,0.935,0.05427753639143718,0.0480992560005241,0.05426861790792049,-0.006169361907396385
30,Exponential (EG),phi21,Clean,Exponential,+-,50,0.5,B,200,-0.04678230711329285,0.93,0.03906868865324859,0.03872649035724514,0.0387875829421743,-6.109258492915937e-5
30,Exponential (EG),phi22,Clean,Exponential,+-,50,0.5,B,200,-0.031004312895010797,0.95,0.04368541749424284,0.04730173161189776,0.042992284052089685,0.004309447559808076
30,Exponential (EG),rho,Clean,Exponential,+-,50,0.5,B,200,-1.8989740140987836,0,0.9550060068370095,0.11117156414432913,0.10252266353913399,0.008648900605195145
31,Normal (NG),sigma[1],Clean,Exponential,++,100,0.5,B,200,-0.006141221004483318,0.725,0.1301932650516099,0.07178691594095485,0.13004834358565603,-0.058261427644701186
31,Normal (NG),sigma[2],Clean,Exponential,++,100,0.5,B,200,0.005675056511688549,0.765,0.12902221938268488,0.07254633173950817,0.1288973499650897,-0.05635101822558153
31,Normal (NG),mu[1],Clean,Exponential,++,100,0.5,B,200,-0.008535614153797288,0.92,0.10745719537524422,0.10194469967476866,0.10711765554254304,-0.005172955867774387
31,Normal (NG),mu[2],Clean,Exponential,++,100,0.5,B,200,0.008466709614725013,0.97,0.10018251099559876,0.10332896602159529,0.09982409697905206,0.0035048690425432266
31,Normal (NG),phi11,Clean,Exponential,++,100,0.5,B,200,-0.08728777428265613,0.935,0.10261095351379033,0.09406383383112991,0.09068744803110965,0.003376385800020268
31,Normal (NG),phi12,Clean,Exponential,++,100,0.5,B,200,0.11232332509617901,0.945,0.10945575598381779,0.10862178038130356,0.10887790053258027,-2.5612015127671195e-4
31,Normal (NG),phi21,Clean,Exponential,++,100,0.5,B,200,-0.19348655859320216,0.96,0.08896944929148445,0.09604163594026814,0.08684003928872683,0.009201596651541313
31,Normal (NG),phi22,Clean,Exponential,++,100,0.5,B,200,-0.08428719129626493,0.94,0.10533347358435156,0.10883438437843924,0.10320426344781966,0.005630120930619584
31,Normal (NG),rho,Clean,Exponential,++,100,0.5,B,200,-0.14375555855042088,0.795,0.12206446177189947,0.08083693685171078,0.0986575778849635,-0.017820641033252718
31,Exponential (EG),mu[1],Clean,Exponential,++,100,0.5,B,200,-1.354991656764929e-4,0.975,0.08915869943878679,0.09809303732934543,0.08915859647612237,0.008934440853223063
31,Exponential (EG),mu[2],Clean,Exponential,++,100,0.5,B,200,0.01657440187113315,0.965,0.09286879647894465,0.09976211234775476,0.09137780125425332,0.008384311093501434
31,Exponential (EG),phi11,Clean,Exponential,++,100,0.5,B,200,-0.0053595630162858,0.93,0.021345126032622716,0.020065152439356707,0.021140603547239907,-0.0010754511078832005
31,Exponential (EG),phi12,Clean,Exponential,++,100,0.5,B,200,0.02170087228266278,0.935,0.02587717876796559,0.024016310917501983,0.02578602533177544,-0.001769714414273458
31,Exponential (EG),phi21,Clean,Exponential,++,100,0.5,B,200,0.0015862545203232557,0.96,0.02191284518157289,0.020392876295872338,0.021912271035142608,-0.0015193947392702703
31,Exponential (EG),phi22,Clean,Exponential,++,100,0.5,B,200,-7.503635961781201e-4,0.955,0.025522345951486433,0.024344044526752498,0.025521656539534254,-0.0011776120127817563
31,Exponential (EG),rho,Clean,Exponential,++,100,0.5,B,200,-0.06018593936520099,0.955,0.07502217243313468,0.07550236831717286,0.06872219097401566,0.0067801773431571954
32,Normal (NG),sigma[1],Clean,Exponential,--,100,0.5,B,200,-0.004480801932865257,0.685,0.13081038532522798,0.07183403090237028,0.13073361971188993,-0.05889958880951965
32,Normal (NG),sigma[2],Clean,Exponential,--,100,0.5,B,200,-0.0252204531407663,0.68,0.1313625548458843,0.07033468163266898,0.1289187711662362,-0.058584089533567224
32,Normal (NG),mu[1],Clean,Exponential,--,100,0.5,B,200,3.7656323558213014e-4,0.95,0.10564228628040019,0.10239761372427264,0.10564161514611388,-0.003244001421841239
32,Normal (NG),mu[2],Clean,Exponential,--,100,0.5,B,200,0.007109398511821823,0.945,0.10506997112299805,0.10020968611568286,0.10482917191596884,-0.004619485800285983
32,Normal (NG),phi11,Clean,Exponential,--,100,0.5,B,200,-0.06912655698972191,0.935,0.10171120564814588,0.0943933052738274,0.0943381094140661,5.5195859761297816e-5
32,Normal (NG),phi12,Clean,Exponential,--,100,0.5,B,200,-0.002126369793615924,0.94,0.11007657414475827,0.11289031910360454,0.11007636876714944,0.0028139503364551094
32,Normal (NG),phi21,Clean,Exponential,--,100,0.5,B,200,-0.13843429695050796,0.955,0.08778128437487469,0.0932234823099686,0.08668283186872015,0.0065406504412484495
32,Normal (NG),phi22,Clean,Exponential,--,100,0.5,B,200,-0.0980418219613682,0.975,0.09988182741450563,0.10946474628213484,0.09682776987681298,0.012636976405321868
32,Normal (NG),rho,Clean,Exponential,--,100,0.5,B,200,-0.12253723397863633,0.82,0.11859059532169473,0.07992233010961482,0.10153760816057368,-0.021615278050958864
32,Exponential (EG),mu[1],Clean,Exponential,--,100,0.5,B,200,-0.006547677662801269,0.97,0.09083050541659157,0.09862845281640688,0.0905941975595431,0.008034255256863784
32,Exponential (EG),mu[2],Clean,Exponential,--,100,0.5,B,200,9.969929016931313e-4,0.97,0.09560495861258288,0.09794590483788838,0.09559976002306521,0.0023461448148231756
32,Exponential (EG),phi11,Clean,Exponential,--,100,0.5,B,200,-0.0033386731126824735,0.945,0.02198554165789468,0.020416561577345983,0.021908723232987228,-0.001492161655641245
32,Exponential (EG),phi12,Clean,Exponential,--,100,0.5,B,200,0.0048637986293590335,0.97,0.025141235081701272,0.025217994167363582,0.025136529912903594,8.146425445998765e-5
32,Exponential (EG),phi21,Clean,Exponential,--,100,0.5,B,200,-0.004458893589801841,0.935,0.02173498847715229,0.020018580566392566,0.021730414326042915,-0.001711833759650349
32,Exponential (EG),phi22,Clean,Exponential,--,100,0.5,B,200,0.0034459372170807046,0.95,0.028211089847357998,0.024712990376248266,0.02819793317194013,-0.0034849427956918644
32,Exponential (EG),rho,Clean,Exponential,--,100,0.5,B,200,-0.03439149539800374,0.94,0.07631382611348206,0.07421688284068037,0.0743512361507934,-1.343533101130362e-4
33,Normal (NG),sigma[1],Clean,Exponential,+-,100,0.5,B,200,-0.007930055393870976,0.705,0.12866530589449973,0.07158829992516265,0.12842069600487035,-0.056832396079707706
33,Normal (NG),sigma[2],Clean,Exponential,+-,100,0.5,B,200,-0.0012411478883309634,0.715,0.1355841509654414,0.07200691914361508,0.1355784700641621,-0.06357155092054702
33,Normal (NG),mu[1],Clean,Exponential,+-,100,0.5,B,200,-0.008006137689376332,0.935,0.10679432893625071,0.10191704418648616,0.10649380475991485,-0.004576760573428693
33,Normal (NG),mu[2],Clean,Exponential,+-,100,0.5,B,200,-0.008158055997824072,0.97,0.10450065861716987,0.10245798954233797,0.10418173435760535,-0.0017237448152673807
33,Normal (NG),phi11,Clean,Exponential,+-,100,0.5,B,200,-0.09795628831166894,0.93,0.10865514736839285,0.09293838258256643,0.0943574169721598,-0.001419034389593371
33,Normal (NG),phi12,Clean,Exponential,+-,100,0.5,B,200,-0.1134862768243926,0.95,0.1018567458598093,0.10373687073536804,0.10122255344968903,0.0025143172856790102
33,Normal (NG),phi21,Clean,Exponential,+-,100,0.5,B,200,-0.042204898876728375,0.94,0.10048301995524625,0.0946800040785831,0.10039434627724048,-0.0057143421986573795
33,Normal (NG),phi22,Clean,Exponential,+-,100,0.5,B,200,-0.11847325493364984,0.94,0.10937090943636914,0.10319158413597747,0.10528414563706925,-0.002092561501091786
33,Normal (NG),rho,Clean,Exponential,+-,100,0.5,B,200,-1.819287875720922,0,0.914704872926287,0.08227713161405317,0.09608803707438575,-0.013810905460332576
33,Exponential (EG),mu[1],Clean,Exponential,+-,100,0.5,B,200,0.001125771202195279,0.96,0.09043546224815226,0.09803492097211704,0.09042845498645478,0.007606465985662253
33,Exponential (EG),mu[2],Clean,Exponential,+-,100,0.5,B,200,-0.014100196713469937,0.985,0.0916623431123118,0.09947353785725474,0.09057135086483267,0.008902186992422068
33,Exponential (EG),phi11,Clean,Exponential,+-,100,0.5,B,200,-0.001164369922902346,0.955,0.021956277633109613,0.019938292414390196,0.021946936253465724,-0.0020086438390755287
33,Exponential (EG),phi12,Clean,Exponential,+-,100,0.5,B,200,-0.007764694120253165,0.94,0.024739317035462623,0.021985664420479792,0.024727128879700536,-0.0027414644592207438
33,Exponential (EG),phi21,Clean,Exponential,+-,100,0.5,B,200,-0.02195459683537224,0.95,0.019830067335024414,0.01938922024905889,0.019708158901570814,-3.189386525119242e-4
33,Exponential (EG),phi22,Clean,Exponential,+-,100,0.5,B,200,-0.01007826909615394,0.97,0.022898002502907078,0.022388206329163943,0.022758960858851467,-3.707545296875239e-4
33,Exponential (EG),rho,Clean,Exponential,+-,100,0.5,B,200,-1.9266612008550463,0,0.9660674216406427,0.07573074581548468,0.07266648082401621,0.003064264991468474
34,Normal (NG),sigma[1],Clean,Exponential,++,200,0.5,B,200,-0.014906682761013387,0.65,0.0985972066088961,0.0498433449226521,0.09746383924379262,-0.04762049432114052
34,Normal (NG),sigma[2],Clean,Exponential,++,200,0.5,B,200,0.0014905546756740801,0.69,0.1002462508208378,0.05064479228882627,0.10023516873030716,-0.04959037644148089
34,Normal (NG),mu[1],Clean,Exponential,++,200,0.5,B,200,-0.01076375131525607,0.96,0.07156499192047458,0.07062601142817478,0.07075089911938162,-1.2488769120684584e-4
34,Normal (NG),mu[2],Clean,Exponential,++,200,0.5,B,200,0.001696779847174904,0.94,0.0730488931968159,0.07183094686112511,0.07302918413504315,-0.0011982372739180458
34,Normal (NG),phi11,Clean,Exponential,++,200,0.5,B,200,-0.02367947473774193,0.95,0.06492194041777406,0.06579817341463771,0.0636022114131479,0.002195962001489818
34,Normal (NG),phi12,Clean,Exponential,++,200,0.5,B,200,0.017640295862054994,0.95,0.07419198428485636,0.07669061849359295,0.07417101004936744,0.00251960844422551
34,Normal (NG),phi21,Clean,Exponential,++,200,0.5,B,200,-0.07767789949716342,0.975,0.06362780016304882,0.06736207907311799,0.06315186769119313,0.004210211381924858
34,Normal (NG),phi22,Clean,Exponential,++,200,0.5,B,200,-0.017476178960162667,0.97,0.0698442495875346,0.07729917706591091,0.06970746479757638,0.007591712268334536
34,Normal (NG),rho,Clean,Exponential,++,200,0.5,B,200,-0.10928597799909752,0.81,0.08899448986217554,0.056355816759624616,0.0702435974237087,-0.013887780664084082
34,Exponential (EG),mu[1],Clean,Exponential,++,200,0.5,B,200,-0.005077002773713795,0.975,0.06524416642668221,0.06939696549692934,0.06504633191463073,0.004350633582298605
34,Exponential (EG),mu[2],Clean,Exponential,++,200,0.5,B,200,0.0049002824898871,0.945,0.06925758648708402,0.07006365091114551,0.06908401057795667,9.796403331888415e-4
34,Exponential (EG),phi11,Clean,Exponential,++,200,0.5,B,200,8.898946719333446e-4,0.95,0.010789839361663998,0.010282653202854838,0.0107787327599795,-4.960795571246623e-4
34,Exponential (EG),phi12,Clean,Exponential,++,200,0.5,B,200,-0.001632897915442413,0.925,0.01345806369439785,0.011763174125656518,0.01345707304158103,-0.0016938989159245126
34,Exponential (EG),phi21,Clean,Exponential,++,200,0.5,B,200,-0.008448413646478865,0.925,0.010404055890597026,0.01009125518555313,0.01036969729757077,-2.7844211201764023e-4
34,Exponential (EG),phi22,Clean,Exponential,++,200,0.5,B,200,0.004906154762537133,0.975,0.012405210144005058,0.011993884888316516,0.012344425525608842,-3.5054063729232643e-4
34,Exponential (EG),rho,Clean,Exponential,++,200,0.5,B,200,-0.009760365588943873,0.95,0.05141693875353588,0.05067046443769882,0.05118481617313283,-5.143517354340085e-4
35,Normal (NG),sigma[1],Clean,Exponential,--,200,0.5,B,200,0.0027460074375296344,0.7,0.0917939938317431,0.05061675910690763,0.09175291138015797,-0.041136152273250334
35,Normal (NG),sigma[2],Clean,Exponential,--,200,0.5,B,200,-0.006000597229074967,0.69,0.1079331564323127,0.05015852340485791,0.10776622425573099,-0.05760770085087308
35,Normal (NG),mu[1],Clean,Exponential,--,200,0.5,B,200,-0.004470002143802728,0.96,0.07557636532869866,0.07196571128811383,0.07544405925671897,-0.003478347968605147
35,Normal (NG),mu[2],Clean,Exponential,--,200,0.5,B,200,-3.264033861129292e-5,0.945,0.07536417156574844,0.07136405855733362,0.07536416449745768,-0.004000105940124066
35,Normal (NG),phi11,Clean,Exponential,--,200,0.5,B,200,-0.04222338148988629,0.945,0.06910541149761064,0.06655662421149759,0.06508653224793018,0.0014700919635674131
35,Normal (NG),phi12,Clean,Exponential,--,200,0.5,B,200,-0.0290282925620972,0.955,0.0684516390218261,0.07864014133802891,0.06839006117180828,0.01025008016622063
35,Normal (NG),phi21,Clean,Exponential,--,200,0.5,B,200,-0.028540029215302295,0.965,0.06673279511931238,0.06634181116443953,0.06667173772866596,-3.2992656422642375e-4
35,Normal (NG),phi22,Clean,Exponential,--,200,0.5,B,200,-0.05409208762437399,0.94,0.07913923964149505,0.07742472729137846,0.07797529820116943,-5.50570909790965e-4
35,Normal (NG),rho,Clean,Exponential,--,200,0.5,B,200,-0.11029027723480932,0.765,0.09255853758817992,0.056392333897751765,0.07433771968072292,-0.017945385782971154
35,Exponential (EG),mu[1],Clean,Exponential,--,200,0.5,B,200,-0.007392234085529614,0.935,0.06884061824465974,0.07033691491074151,0.06844257151460423,0.0018943433961372824
35,Exponential (EG),mu[2],Clean,Exponential,--,200,0.5,B,200,-0.003868336252894127,0.96,0.07136300370105995,0.06989225027892523,0.0712580821512342,-0.001365831872308973
35,Exponential (EG),phi11,Clean,Exponential,--,200,0.5,B,200,0.0011372570586783534,0.98,0.00825529784410727,0.00986330214790028,0.008231567470756967,0.001631734677143313
35,Exponential (EG),phi12,Clean,Exponential,--,200,0.5,B,200,-0.003267097592847761,0.94,0.012171322493456304,0.01152272409822887,0.01216693683606944,-6.442127378405715e-4
35,Exponential (EG),phi21,Clean,Exponential,--,200,0.5,B,200,-0.005824113103583195,0.925,0.010207029583556971,0.009222868414677093,0.010190399893290444,-9.67531478613351e-4
35,Exponential (EG),phi22,Clean,Exponential,--,200,0.5,B,200,0.00303637189663453,0.955,0.012948665817915437,0.011509399411180097,0.012926396416659774,-0.0014169970054796772
35,Exponential (EG),rho,Clean,Exponential,--,200,0.5,B,200,-0.023730154580798784,0.95,0.05144409452761311,0.0512261702344578,0.05005711540489365,0.0011690548295641492
36,Normal (NG),sigma[1],Clean,Exponential,+-,200,0.5,B,200,-0.003161401513680542,0.62,0.10408414756933833,0.050437379620166804,0.10403612505137384,-0.05359874543120704
36,Normal (NG),sigma[2],Clean,Exponential,+-,200,0.5,B,200,-0.010116518217207607,0.64,0.10509522454643237,0.04995984778674862,0.10460718083203441,-0.05464733304528579
36,Normal (NG),mu[1],Clean,Exponential,+-,200,0.5,B,200,-0.00100190514737165,0.945,0.07619252960697082,0.07144533499125647,0.0761859419708439,-0.004740606979587433
36,Normal (NG),mu[2],Clean,Exponential,+-,200,0.5,B,200,0.0023807298275787896,0.945,0.07436045681610919,0.07099627605547906,0.07432233623473172,-0.00332606017925266
36,Normal (NG),phi11,Clean,Exponential,+-,200,0.5,B,200,-0.04301206115882022,0.94,0.06401656489731987,0.06457099155984723,0.05948516005022525,0.0050858315096219825
36,Normal (NG),phi12,Clean,Exponential,+-,200,0.5,B,200,-0.10801801247318396,0.955,0.0768338060693831,0.07431714528937476,0.07607072265281171,-0.0017535773634369534
36,Normal (NG),phi21,Clean,Exponential,+-,200,0.5,B,200,0.0044823024161561795,0.965,0.0592061321521776,0.06472437009110461,0.05920443542566401,0.005519934665440603
36,Normal (NG),phi22,Clean,Exponential,+-,200,0.5,B,200,-0.057385563527482364,0.965,0.06594102972096938,0.07328210809528798,0.064361482808636,0.008920625286651981
36,Normal (NG),rho,Clean,Exponential,+-,200,0.5,B,200,-1.8751400236936773,0,0.9403662715219548,0.056788263221398676,0.07246514680604618,-0.015676883584647507
36,Exponential (EG),mu[1],Clean,Exponential,+-,200,0.5,B,200,0.003036026258914871,0.96,0.06958824396118359,0.0700274771462547,0.06952198387673056,5.054932695241349e-4
36,Exponential (EG),mu[2],Clean,Exponential,+-,200,0.5,B,200,4.202518803748392e-4,0.96,0.07090136524769072,0.06983185862815135,0.07090011976254686,-0.0010682611343955095
36,Exponential (EG),phi11,Clean,Exponential,+-,200,0.5,B,200,-0.0013135474825365396,0.95,0.010000481338090284,0.009874682477794832,0.009974351677144555,-9.966919934972264e-5
36,Exponential (EG),phi12,Clean,Exponential,+-,200,0.5,B,200,0.0030565153679209312,0.94,0.010775318990166921,0.0110444808796183,0.0107709830785267,2.734978010916003e-4
36,Exponential (EG),phi21,Clean,Exponential,+-,200,0.5,B,200,-0.0036761349507313415,0.96,0.009490876349598451,0.009783704822840194,0.009483754225073915,2.999505977662794e-4
36,Exponential (EG),phi22,Clean,Exponential,+-,200,0.5,B,200,-0.0022687881472907836,0.945,0.011984015893225383,0.011269223302631446,0.011970585802311353,-7.013624996799073e-4
36,Exponential (EG),rho,Clean,Exponential,+-,200,0.5,B,200,-1.9717482998567566,0,0.9872686037873981,0.05163452507752122,0.052454328013196654,-8.198029356754344e-4
