Model,T,skew_level,direction,VARset,rho,param,mean_rel_bias,coverage_95,mean_post_sd,emp_sd,mean_bias,sd_bias,RMSE
Normal–Gaussian (NG),50,Exponential,++,A,0.3,mu[1],0.011156997930124146,0.95,0.14807477611520503,0.15804392756055038,0.011156997930124146,-0.009969151445345353,0.15843724827696704
Normal–Gaussian (NG),50,Exponential,++,A,0.3,mu[2],0.010486717727729444,0.905,0.15051834709997378,0.17032933046613166,0.010486717727729444,-0.019810983366157886,0.17065184460105248
Normal–Gaussian (NG),50,Exponential,++,A,0.3,phi11,-0.17159424425851869,0.965,0.13890079142752088,0.11959545766167053,-0.06863769770340748,0.01930533376585035,0.13789201223902992
Normal–Gaussian (NG),50,Exponential,++,A,0.3,phi12,-0.12289661258819584,0.985,0.1404673985620696,0.12322946929324574,-0.012289661258819584,0.017237929268823865,0.12384077630631814
Normal–Gaussian (NG),50,Exponential,++,A,0.3,phi21,0.01709225917862342,0.985,0.1440236001307035,0.12614757718449876,0.0017092259178623419,0.017876022946204745,0.12615915615902545
Normal–Gaussian (NG),50,Exponential,++,A,0.3,phi22,-0.18249254883932106,0.94,0.1385583797848059,0.12310625701256751,-0.07299701953572843,0.015452122772238383,0.14312133096343063
Normal–Gaussian (NG),50,Exponential,++,A,0.3,rho,-0.24596086444159665,0.9,0.12905083836487943,0.13736383089004067,-0.073788259332479,-0.008312992525161239,0.1559279617390828
Normal–Gaussian (NG),50,Exponential,++,A,0.5,mu[1],-0.008359931602964926,0.925,0.14587483381320432,0.15813967591695702,-0.008359931602964926,-0.012264842103752699,0.15836049240743869
Normal–Gaussian (NG),50,Exponential,++,A,0.5,mu[2],-0.010110816292221825,0.915,0.1448528789554842,0.1674768709650702,-0.010110816292221825,-0.02262399200958598,0.167781795539164
Normal–Gaussian (NG),50,Exponential,++,A,0.5,phi11,-0.20325288198496705,0.945,0.14718526667919518,0.13638065175204128,-0.08130115279398682,0.0108046149271539,0.15877518577517946
Normal–Gaussian (NG),50,Exponential,++,A,0.5,phi12,-0.09158356049457392,0.96,0.1516661789667304,0.1542633332388862,-0.009158356049457392,-0.0025971542721557883,0.15453495225191058
Normal–Gaussian (NG),50,Exponential,++,A,0.5,phi21,0.00844689272124606,0.975,0.14858170620926464,0.14165070337275026,8.446892721246066e-4,0.006931002836514377,0.1416532218693289
Normal–Gaussian (NG),50,Exponential,++,A,0.5,phi22,-0.2157155972624632,0.945,0.147830365347164,0.141277293091018,-0.08628623890498528,0.006553072256146014,0.16554331326723407
Normal–Gaussian (NG),50,Exponential,++,A,0.5,rho,-0.19523301045502378,0.81,0.11575780859657735,0.13731291598835932,-0.09761650522751189,-0.021555107391781972,0.16847498030882532
Normal–Gaussian (NG),50,Exponential,++,B,0.3,mu[1],0.023659286617574927,0.895,0.15200182381479901,0.17693105386959684,0.023659286617574927,-0.02492923005479783,0.1785059093326009
Normal–Gaussian (NG),50,Exponential,++,B,0.3,mu[2],0.0042080946564601405,0.95,0.15063376055723612,0.15800023588128898,0.0042080946564601405,-0.007366475324052851,0.15805626403018858
Normal–Gaussian (NG),50,Exponential,++,B,0.3,phi11,-0.14001367343298132,0.945,0.1268888178800858,0.11284160448924346,-0.07700752038813972,0.014047213390842334,0.13661400330872603
Normal–Gaussian (NG),50,Exponential,++,B,0.3,phi12,0.04590743568549583,0.945,0.14790506583185753,0.13649963243264146,0.004590743568549583,0.01140543339921607,0.13657680835617153
Normal–Gaussian (NG),50,Exponential,++,B,0.3,phi21,-0.01892016158155068,0.98,0.12822527484174626,0.12694770411468123,-0.0018920161581550683,0.001277570727065025,0.1269618025436445
Normal–Gaussian (NG),50,Exponential,++,B,0.3,phi22,-0.1800890429358344,0.98,0.14381254728108792,0.11899840352205748,-0.0450222607339586,0.024814143759030433,0.1272305938145184
Normal–Gaussian (NG),50,Exponential,++,B,0.3,rho,-0.2669499105129782,0.925,0.12946515059641275,0.12927894224847525,-0.08008497315389344,1.862083479375054e-4,0.15207448120557385
Normal–Gaussian (NG),50,Exponential,++,B,0.5,mu[1],-0.016954084091068446,0.905,0.14564747440778314,0.17224015220920022,-0.016954084091068446,-0.02659267780141708,0.1730725599291103
Normal–Gaussian (NG),50,Exponential,++,B,0.5,mu[2],7.747740256575101e-4,0.915,0.15045849393328076,0.16819579481774607,7.747740256575101e-4,-0.017737300884465318,0.168197579260714
Normal–Gaussian (NG),50,Exponential,++,B,0.5,phi11,-0.1722079946746902,0.925,0.13448299120333002,0.11923856231737165,-0.0947143970710796,0.015244428885958367,0.1522782051248696
Normal–Gaussian (NG),50,Exponential,++,B,0.5,phi12,0.010817310179370784,0.96,0.15084908696517632,0.14100389746678463,0.0010817310179370785,0.009845189498391693,0.14100804673074044
Normal–Gaussian (NG),50,Exponential,++,B,0.5,phi21,-0.29592102770331125,0.975,0.14121365933493316,0.13694753416974978,-0.029592102770331127,0.0042661251651833765,0.14010824266096775
Normal–Gaussian (NG),50,Exponential,++,B,0.5,phi22,-0.18178077552134095,0.955,0.15263181853464802,0.1386002237993133,-0.04544519388033524,0.014031594735334718,0.145860507623006
Normal–Gaussian (NG),50,Exponential,++,B,0.5,rho,-0.20333518685219687,0.835,0.11630717068221663,0.1350721522628703,-0.10166759342609843,-0.018764981580653678,0.1690585279421848
Normal–Gaussian (NG),50,Exponential,+-,A,0.3,mu[1],0.00965715979894185,0.91,0.15150903201531973,0.18629091292155048,0.00965715979894185,-0.034781880906230744,0.18654105438891194
Normal–Gaussian (NG),50,Exponential,+-,A,0.3,mu[2],-0.019249368704972642,0.935,0.14926260383418438,0.17268951380174238,-0.019249368704972642,-0.023426909967558,0.17375904687993127
Normal–Gaussian (NG),50,Exponential,+-,A,0.3,phi11,-0.1575912786974887,0.975,0.1355136194197167,0.1170404195682778,-0.06303651147899549,0.0184731998514389,0.13293630652368837
Normal–Gaussian (NG),50,Exponential,+-,A,0.3,phi12,-0.07449592706274706,0.975,0.14169266666430644,0.13701600626994806,-0.007449592706274707,0.0046766603943583784,0.13721837488345293
Normal–Gaussian (NG),50,Exponential,+-,A,0.3,phi21,-0.2898948235183759,0.945,0.1372310739385526,0.14437052094050593,-0.028989482351837594,-0.00713944700195332,0.14725229167541184
Normal–Gaussian (NG),50,Exponential,+-,A,0.3,phi22,-0.232452043035218,0.9,0.1366627608771432,0.13239246619879858,-0.0929808172140872,0.004270294678344638,0.16178132610409496
Normal–Gaussian (NG),50,Exponential,+-,A,0.3,rho,0.26339866481268553,0.885,0.12917006635044376,0.14116861517508533,0.07901959944380565,-0.011998548824641575,0.16177971135686584
Normal–Gaussian (NG),50,Exponential,+-,A,0.5,mu[1],-0.006508747946866599,0.935,0.14604405818741173,0.1547985890254526,-0.006508747946866599,-0.00875453083804087,0.1549353638266836
Normal–Gaussian (NG),50,Exponential,+-,A,0.5,mu[2],0.0032848630876438473,0.925,0.1457524689021765,0.15873657106131706,0.0032848630876438473,-0.01298410215914056,0.15877055557567696
Normal–Gaussian (NG),50,Exponential,+-,A,0.5,phi11,-0.1974469800759761,0.95,0.14462888263203705,0.13621801856076696,-0.07897879203039045,0.008410864071270091,0.1574579250822299
Normal–Gaussian (NG),50,Exponential,+-,A,0.5,phi12,-0.13157854696754975,0.925,0.14770371084895792,0.15170314115425548,-0.013157854696754977,-0.003999430305297563,0.15227269018536738
Normal–Gaussian (NG),50,Exponential,+-,A,0.5,phi21,-0.11887692943048328,0.96,0.14718844228450728,0.13908486518692503,-0.011887692943048329,0.008103577097582249,0.139591965985057
Normal–Gaussian (NG),50,Exponential,+-,A,0.5,phi22,-0.19243937710493664,0.97,0.14459698197431956,0.13674691754994747,-0.07697575084197465,0.007850064424372083,0.15692350262818472
Normal–Gaussian (NG),50,Exponential,+-,A,0.5,rho,0.1668653008364708,0.8,0.11423793050772102,0.14020804694540648,0.0834326504182354,-0.02597011643768546,0.16315423250426814
Normal–Gaussian (NG),50,Exponential,+-,B,0.3,mu[1],0.005752330335536852,0.905,0.149477307762941,0.17676393379205244,0.005752330335536852,-0.027286626029111444,0.17685750646758036
Normal–Gaussian (NG),50,Exponential,+-,B,0.3,mu[2],0.011100757432287644,0.925,0.1461066883498268,0.1482251975382122,0.011100757432287644,-0.002118509188385409,0.14864029063754053
Normal–Gaussian (NG),50,Exponential,+-,B,0.3,phi11,-0.1438140694560109,0.945,0.1268971447850763,0.11658671467921398,-0.07909773820080601,0.010310430105862314,0.14088617472334075
Normal–Gaussian (NG),50,Exponential,+-,B,0.3,phi12,-0.08517378024778258,0.96,0.1474753348020238,0.13182422483644693,-0.008517378024778258,0.015651109965576865,0.13209909909665202
Normal–Gaussian (NG),50,Exponential,+-,B,0.3,phi21,0.08394038830587615,0.97,0.12703786341115142,0.12191371152936865,0.008394038830587614,0.005124151881782765,0.1222023442768408
Normal–Gaussian (NG),50,Exponential,+-,B,0.3,phi22,-0.1649626916616223,0.975,0.1414762007767285,0.13314111814721755,-0.04124067291540558,0.008335082629510965,0.13938203056350848
Normal–Gaussian (NG),50,Exponential,+-,B,0.3,rho,0.22743949239952477,0.915,0.12880249279575426,0.1407635179246367,0.06823184771985742,-0.011961025128882447,0.1564287474276558
Normal–Gaussian (NG),50,Exponential,+-,B,0.5,mu[1],0.021996183245293437,0.925,0.14961848432303393,0.16606878702665656,0.021996183245293437,-0.016450302703622632,0.1675191753258878
Normal–Gaussian (NG),50,Exponential,+-,B,0.5,mu[2],0.0024432543374033355,0.915,0.14849367443865535,0.1593049466368137,0.0024432543374033355,-0.010811272198158334,0.15932368158787724
Normal–Gaussian (NG),50,Exponential,+-,B,0.5,phi11,-0.15344410105639888,0.92,0.13222166659566634,0.12423234721333964,-0.08439425558101939,0.007989319382326693,0.15018677195149446
Normal–Gaussian (NG),50,Exponential,+-,B,0.5,phi12,-0.29904488890686987,0.96,0.1511433929849746,0.141160889439553,-0.02990448889068699,0.0099825035454216,0.14429371144709988
Normal–Gaussian (NG),50,Exponential,+-,B,0.5,phi21,0.0024145099199762918,0.975,0.1342019679849273,0.12556758882383334,2.4145099199762924e-4,0.008634379161093969,0.12556782096386324
Normal–Gaussian (NG),50,Exponential,+-,B,0.5,phi22,-0.2422346666654883,0.955,0.14653037574529862,0.12888412683256945,-0.06055866666637207,0.017646248912729173,0.1424024938608963
Normal–Gaussian (NG),50,Exponential,+-,B,0.5,rho,0.18284093020221387,0.84,0.1152879353016691,0.13066612442472644,0.09142046510110693,-0.015378189123057343,0.15947205871713327
Normal–Gaussian (NG),50,Exponential,--,A,0.3,mu[1],0.00200538903050623,0.93,0.15199535494382288,0.16551829703622192,0.00200538903050623,-0.013522942092399043,0.16553044505146075
Normal–Gaussian (NG),50,Exponential,--,A,0.3,mu[2],0.013842653291694436,0.905,0.14979947305887534,0.17287595510558793,0.013842653291694436,-0.023076482046712588,0.17342927925763663
Normal–Gaussian (NG),50,Exponential,--,A,0.3,phi11,-0.1566233758901776,0.975,0.13955355279092868,0.11276471698524547,-0.06264935035607105,0.02678883580568321,0.12899931200126707
Normal–Gaussian (NG),50,Exponential,--,A,0.3,phi12,-0.14408458691117448,0.99,0.14561905567538772,0.13291935357754367,-0.014408458691117449,0.012699702097844046,0.13369801134394524
Normal–Gaussian (NG),50,Exponential,--,A,0.3,phi21,0.1677956226869035,0.95,0.14047902035650445,0.13007412033353039,0.016779562268690353,0.010404900022974062,0.13115193666305733
Normal–Gaussian (NG),50,Exponential,--,A,0.3,phi22,-0.21062731723352476,0.96,0.13945512576981595,0.11622585717474945,-0.0842509268934099,0.023229268595066493,0.1435502300883003
Normal–Gaussian (NG),50,Exponential,--,A,0.3,rho,-0.20844132990682437,0.89,0.1281302835761339,0.14100347947984698,-0.0625323989720473,-0.01287319590371308,0.15424747047074364
Normal–Gaussian (NG),50,Exponential,--,A,0.5,mu[1],-0.009721100268712708,0.965,0.14717367835233436,0.1462354866021868,-0.009721100268712708,9.381917501475601e-4,0.1465582387046621
Normal–Gaussian (NG),50,Exponential,--,A,0.5,mu[2],-0.0018496679672111143,0.895,0.147639879373492,0.17779402073303346,-0.0018496679672111143,-0.030154141359541475,0.1778036419199766
Normal–Gaussian (NG),50,Exponential,--,A,0.5,phi11,-0.21255871592440334,0.94,0.1476191055814647,0.13238110339179923,-0.08502348636976134,0.015238002189665478,0.15733324432458395
Normal–Gaussian (NG),50,Exponential,--,A,0.5,phi12,0.37533491131292196,0.925,0.15197612474860708,0.15590273549448574,0.0375334911312922,-0.0039266107458786614,0.16035718222507644
Normal–Gaussian (NG),50,Exponential,--,A,0.5,phi21,-0.04305175903770806,0.925,0.14996274458602907,0.1483465745173824,-0.004305175903770807,0.0016161700686466718,0.14840903176897186
Normal–Gaussian (NG),50,Exponential,--,A,0.5,phi22,-0.17902294850494685,0.94,0.14887084738222142,0.13772017544778506,-0.07160917940197875,0.011150671934436363,0.1552247444835825
Normal–Gaussian (NG),50,Exponential,--,A,0.5,rho,-0.16438155400513377,0.87,0.1144499556171346,0.13127829484619002,-0.08219077700256688,-0.016828339229055425,0.15488484277684786
Normal–Gaussian (NG),50,Exponential,--,B,0.3,mu[1],0.0191421792402168,0.92,0.1499094977630006,0.17399197962113827,0.0191421792402168,-0.02408248185813766,0.17504180071784906
Normal–Gaussian (NG),50,Exponential,--,B,0.3,mu[2],0.007643956219594392,0.93,0.14910586444283225,0.14931008536189558,0.007643956219594392,-2.042209190633304e-4,0.14950562416666344
Normal–Gaussian (NG),50,Exponential,--,B,0.3,phi11,-0.14894682345051585,0.93,0.12759615728705895,0.12290513807253879,-0.08192075289778372,0.004691019214520156,0.1477047146165943
Normal–Gaussian (NG),50,Exponential,--,B,0.3,phi12,0.025974422858655626,0.95,0.14836188514392692,0.14710750356792482,0.002597442285865563,0.001254381576002106,0.14713043299200684
Normal–Gaussian (NG),50,Exponential,--,B,0.3,phi21,-0.14453270385615233,0.935,0.130089056039647,0.14578487225962983,-0.014453270385615233,-0.01569581621998284,0.14649957680688463
Normal–Gaussian (NG),50,Exponential,--,B,0.3,phi22,-0.21823423355090196,0.92,0.14422099004056643,0.14051818861561288,-0.05455855838772549,0.00370280142495355,0.1507381757391266
Normal–Gaussian (NG),50,Exponential,--,B,0.3,rho,-0.229535606794653,0.895,0.12858598335095303,0.14317199364023206,-0.0688606820383959,-0.014586010289279028,0.15887105870394302
Normal–Gaussian (NG),50,Exponential,--,B,0.5,mu[1],0.0044990477271449536,0.86,0.14900880975931613,0.18155465712005148,0.0044990477271449536,-0.03254584736073535,0.18161039329408046
Normal–Gaussian (NG),50,Exponential,--,B,0.5,mu[2],0.011667961866011642,0.925,0.1481889989537266,0.16687284872836236,0.011667961866011642,-0.018683849774635775,0.167280270733956
Normal–Gaussian (NG),50,Exponential,--,B,0.5,phi11,-0.15392115698570857,0.94,0.13462795328664687,0.12235403762767566,-0.08465663634213973,0.012273915658971207,0.1487859422141755
Normal–Gaussian (NG),50,Exponential,--,B,0.5,phi12,-0.006777494260673459,0.95,0.15693342844218222,0.14191431011951403,-6.777494260673462e-4,0.015019118322668196,0.14191592849635357
Normal–Gaussian (NG),50,Exponential,--,B,0.5,phi21,-0.2587416901060423,0.965,0.13605673518845351,0.12325082351034845,-0.02587416901060423,0.012805911678105061,0.12593743731698043
Normal–Gaussian (NG),50,Exponential,--,B,0.5,phi22,-0.20940754225843544,0.965,0.15313107350926086,0.13941257733679904,-0.05235188556460886,0.01371849617246182,0.14891805344503695
Normal–Gaussian (NG),50,Exponential,--,B,0.5,rho,-0.16728453198306537,0.855,0.11478093227568044,0.12690638250324596,-0.08364226599153268,-0.012125450227565518,0.15199098190438298
Normal–Gaussian (NG),100,Exponential,++,A,0.3,mu[1],0.008996201422932198,0.925,0.10214680233882062,0.10859492549824429,0.008996201422932198,-0.006448123159423669,0.10896691921868396
Normal–Gaussian (NG),100,Exponential,++,A,0.3,mu[2],-9.667014602035843e-4,0.925,0.10276354724012919,0.11302273828976156,-9.667014602035843e-4,-0.010259191049632368,0.11302687238983963
Normal–Gaussian (NG),100,Exponential,++,A,0.3,phi11,-0.0779334543836839,0.965,0.09663566524414957,0.09813192319835266,-0.03117338175347356,-0.0014962579542030924,0.10296433402181157
Normal–Gaussian (NG),100,Exponential,++,A,0.3,phi12,0.003647678079115864,0.95,0.09813975217926944,0.10205814075893213,3.647678079115867e-4,-0.003918388579662688,0.10205879261839076
Normal–Gaussian (NG),100,Exponential,++,A,0.3,phi21,-0.0024507200691259575,0.925,0.0984438519113887,0.10750783561179884,-2.4507200691259613e-4,-0.009063983700410144,0.10750811494125519
Normal–Gaussian (NG),100,Exponential,++,A,0.3,phi22,-0.10316079077365724,0.92,0.09739145345782993,0.10197810451093868,-0.041264316309462895,-0.004586651053108751,0.11001035224073841
Normal–Gaussian (NG),100,Exponential,++,A,0.3,rho,-0.17173728708712152,0.915,0.09218369395344762,0.0972400428450427,-0.05152118612613646,-0.005056348891595078,0.11004571119471097
Normal–Gaussian (NG),100,Exponential,++,A,0.5,mu[1],-0.003638764646686103,0.95,0.10286117130701891,0.10154033037448718,-0.003638764646686103,0.001320840932531736,0.10160550822034195
Normal–Gaussian (NG),100,Exponential,++,A,0.5,mu[2],0.00246842801943036,0.91,0.10279212010995412,0.10901374658696128,0.00246842801943036,-0.006221626477007164,0.1090416896503962
Normal–Gaussian (NG),100,Exponential,++,A,0.5,phi11,-0.10176856677254811,0.91,0.10477187873432897,0.10658982243547908,-0.040707426709019244,-0.0018179437011501126,0.1140985750835528
Normal–Gaussian (NG),100,Exponential,++,A,0.5,phi12,0.08892733047452694,0.94,0.10626593757984577,0.1216957256008228,0.008892733047452694,-0.015429788020977026,0.12202020459974658
Normal–Gaussian (NG),100,Exponential,++,A,0.5,phi21,-0.09992752707002353,0.985,0.10621448186460049,0.0964287589640593,-0.009992752707002355,0.009785722900541194,0.09694514253954113
Normal–Gaussian (NG),100,Exponential,++,A,0.5,phi22,-0.07196157804337708,0.975,0.1049748076749079,0.09259267235311856,-0.02878463121735083,0.012382135321789334,0.09696369407056878
Normal–Gaussian (NG),100,Exponential,++,A,0.5,rho,-0.1265180929130594,0.805,0.08008227101676492,0.10143142009487068,-0.0632590464565297,-0.021349149078105756,0.11954095507838106
Normal–Gaussian (NG),100,Exponential,++,B,0.3,mu[1],-0.005465885160384269,0.93,0.10177862953358666,0.1093013865380351,-0.005465885160384269,-0.0075227570044484465,0.10943796872988583
Normal–Gaussian (NG),100,Exponential,++,B,0.3,mu[2],-0.006074286239287103,0.92,0.10218327644196358,0.10384575793249781,-0.006074286239287103,-0.0016624814905342317,0.10402325890824478
Normal–Gaussian (NG),100,Exponential,++,B,0.3,phi11,-0.06796989676678368,0.95,0.08797845513287282,0.08089934129859112,-0.037383443221731025,0.007079113834281697,0.08911916320106647
Normal–Gaussian (NG),100,Exponential,++,B,0.3,phi12,0.07729097585978226,0.955,0.1033534147102059,0.10038363159164762,0.007729097585978226,0.002969783118558278,0.10068074513540913
Normal–Gaussian (NG),100,Exponential,++,B,0.3,phi21,-0.08961801604316041,0.97,0.08962692658397642,0.08738195439363734,-0.008961801604316042,0.0022449721903390757,0.08784030875200086
Normal–Gaussian (NG),100,Exponential,++,B,0.3,phi22,-0.14050352836992108,0.95,0.1025039162364759,0.09166740955245609,-0.03512588209248027,0.010836506684019809,0.09816690667853675
Normal–Gaussian (NG),100,Exponential,++,B,0.3,rho,-0.15128862048689004,0.88,0.091606593837479,0.10716516636191814,-0.045386586146067005,-0.015558572524439138,0.11638004589865031
Normal–Gaussian (NG),100,Exponential,++,B,0.5,mu[1],-0.008430286544746339,0.92,0.10198638015593314,0.10708937512460438,-0.008430286544746339,-0.00510299496867124,0.10742068700117667
Normal–Gaussian (NG),100,Exponential,++,B,0.5,mu[2],0.008554319763799634,0.97,0.10341031631062902,0.0998305139508294,0.008554319763799634,0.0035798023597996276,0.10019634675130663
Normal–Gaussian (NG),100,Exponential,++,B,0.5,phi11,-0.08720809971366385,0.935,0.09410345472044135,0.09067288728312958,-0.04796445484251512,0.0034305674373117656,0.10257758730150945
Normal–Gaussian (NG),100,Exponential,++,B,0.5,phi12,0.11152602279475698,0.945,0.10865072948665705,0.10896262668558192,0.011152602279475699,-3.118971989248681e-4,0.10953188828750125
Normal–Gaussian (NG),100,Exponential,++,B,0.5,phi21,-0.193556420027429,0.96,0.09610356061638925,0.08686931959205926,-0.019355642002742902,0.009234241024329987,0.0889995481096712
Normal–Gaussian (NG),100,Exponential,++,B,0.5,phi22,-0.08432417349325305,0.94,0.1088723964294528,0.10329853909437638,-0.021081043373313263,0.0055738573350764264,0.10542769355695837
Normal–Gaussian (NG),100,Exponential,++,B,0.5,rho,-0.1436906318013376,0.8,0.08077658478436378,0.0986792399984619,-0.0718453159006688,-0.017902655214098118,0.12206286013174088
Normal–Gaussian (NG),100,Exponential,+-,A,0.3,mu[1],-0.0034340269511269794,0.945,0.10098596057156314,0.09922124559072648,-0.0034340269511269794,0.0017647149808366625,0.09928065328993523
Normal–Gaussian (NG),100,Exponential,+-,A,0.3,mu[2],-0.01034145829567365,0.945,0.10390630465895961,0.10798617465093632,-0.01034145829567365,-0.004079869991976709,0.1084802271173124
Normal–Gaussian (NG),100,Exponential,+-,A,0.3,phi11,-0.09804897353335945,0.955,0.09481777687104055,0.09053717142981671,-0.03921958941334378,0.004280605441223842,0.09866689213846398
Normal–Gaussian (NG),100,Exponential,+-,A,0.3,phi12,-0.08806153505540167,0.96,0.09357306317221896,0.088152360519836,-0.008806153505540168,0.005420702652382953,0.08859112260707773
Normal–Gaussian (NG),100,Exponential,+-,A,0.3,phi21,0.07119843841149671,0.95,0.09879966205350593,0.10326402612270744,0.007119843841149672,-0.004464364069201504,0.10350918445912692
Normal–Gaussian (NG),100,Exponential,+-,A,0.3,phi22,-0.09306394622033312,0.955,0.09485955185817589,0.08676001225483464,-0.03722557848813325,0.008099539603341255,0.09440891599968314
Normal–Gaussian (NG),100,Exponential,+-,A,0.3,rho,0.21828289956238556,0.895,0.09262805369222138,0.10495688987691258,0.06548486986871567,-0.012328836184691203,0.12371021346015446
Normal–Gaussian (NG),100,Exponential,+-,A,0.5,mu[1],2.6500230364193096e-4,0.95,0.10282980449650812,0.10444917083178762,2.6500230364193096e-4,-0.0016193663352794957,0.1044495070053894
Normal–Gaussian (NG),100,Exponential,+-,A,0.5,mu[2],0.0037919458828796567,0.96,0.1002893398017078,0.09857865210252784,0.0037919458828796567,0.0017106876991799663,0.09865155601372896
Normal–Gaussian (NG),100,Exponential,+-,A,0.5,phi11,-0.0654669632826755,0.975,0.10053023554023911,0.09327499499633213,-0.0261867853130702,0.007255240543906985,0.09688122840157742
Normal–Gaussian (NG),100,Exponential,+-,A,0.5,phi12,-0.06952261948253417,0.955,0.10388724870875535,0.10930551852969336,-0.006952261948253417,-0.005418269820938015,0.10952639100802268
Normal–Gaussian (NG),100,Exponential,+-,A,0.5,phi21,0.02904006457950964,0.945,0.09906109039742772,0.10067095626872428,0.0029040064579509643,-0.0016098658712965647,0.10071283279486888
Normal–Gaussian (NG),100,Exponential,+-,A,0.5,phi22,-0.07737982997772205,0.925,0.10064474676785355,0.10348061446074874,-0.03095193199108882,-0.0028358676928951915,0.10801046089687383
Normal–Gaussian (NG),100,Exponential,+-,A,0.5,rho,0.1397537148633418,0.81,0.0805351195716145,0.09894884849327763,0.0698768574316709,-0.01841372892166314,0.12113484148943965
Normal–Gaussian (NG),100,Exponential,+-,B,0.3,mu[1],-0.0037160028010363,0.9,0.10316368359412358,0.11779770700976015,-0.0037160028010363,-0.014634023415636577,0.11785630425893477
Normal–Gaussian (NG),100,Exponential,+-,B,0.3,mu[2],-0.006913931685439051,0.95,0.10376016121213823,0.11048612281332931,-0.006913931685439051,-0.0067259616011910855,0.11070223929836742
Normal–Gaussian (NG),100,Exponential,+-,B,0.3,phi11,-0.10001289464443613,0.92,0.0887143754949635,0.08449238665021568,-0.05500709205443988,0.004221988844747823,0.10082035299548979
Normal–Gaussian (NG),100,Exponential,+-,B,0.3,phi12,-0.26935489367877224,0.95,0.09996897586524606,0.10102892775540089,-0.026935489367877225,-0.0010599518901548283,0.10455794963030328
Normal–Gaussian (NG),100,Exponential,+-,B,0.3,phi21,0.07778272257619769,0.97,0.09062269604910356,0.08807104116283991,0.0077782722576197685,0.0025516548862636462,0.08841385531024139
Normal–Gaussian (NG),100,Exponential,+-,B,0.3,phi22,-0.09916459395540185,0.97,0.09924089559306493,0.0886295272028763,-0.024791148488850463,0.010611368390188627,0.09203148448004966
Normal–Gaussian (NG),100,Exponential,+-,B,0.3,rho,0.16589117404287712,0.86,0.09184458346970313,0.11027524053763649,0.04976735221286313,-0.018430657067933356,0.1209851975322302
Normal–Gaussian (NG),100,Exponential,+-,B,0.5,mu[1],-0.008067496104074116,0.935,0.10188980674531889,0.10654185057880086,-0.008067496104074116,-0.0046520438334819725,0.1068468549754497
Normal–Gaussian (NG),100,Exponential,+-,B,0.5,mu[2],-0.008056408007019823,0.97,0.10244790002929724,0.10421042988348105,-0.008056408007019823,-0.0017625298541838058,0.1045213825323579
Normal–Gaussian (NG),100,Exponential,+-,B,0.5,phi11,-0.09799163083136146,0.93,0.09294793718852622,0.09432534834232045,-0.053895396957248806,-0.0013774111537942363,0.10863694193541863
Normal–Gaussian (NG),100,Exponential,+-,B,0.5,phi12,-0.11326993310633791,0.95,0.10369413472466636,0.10124543025366059,-0.011326993310633792,0.002448704471005772,0.10187707261552027
Normal–Gaussian (NG),100,Exponential,+-,B,0.5,phi21,-0.04179145248442677,0.94,0.09468190683843435,0.10031887706704572,-0.004179145248442677,-0.005636970228611371,0.10040588802954044
Normal–Gaussian (NG),100,Exponential,+-,B,0.5,phi22,-0.11845203461771718,0.94,0.10317146582928291,0.10521842281939434,-0.029613008654429295,-0.002046956990111426,0.10930620651256792
Normal–Gaussian (NG),100,Exponential,+-,B,0.5,rho,0.1807506647986728,0.76,0.08228278733727955,0.09608242891662375,0.0903753323993364,-0.013799641579344199,0.1319072926445259
Normal–Gaussian (NG),100,Exponential,--,A,0.3,mu[1],0.006379366777527293,0.945,0.10280887152946068,0.1103440336455831,0.006379366777527293,-0.007535162116122415,0.11052828634182199
Normal–Gaussian (NG),100,Exponential,--,A,0.3,mu[2],0.001035747106560599,0.94,0.10280855949855933,0.1075871300482569,0.001035747106560599,-0.004778570549697575,0.10759211552938855
Normal–Gaussian (NG),100,Exponential,--,A,0.3,phi11,-0.07821657602315958,0.975,0.0960689178569967,0.08576246030644702,-0.031286630409263834,0.01030645755054968,0.09129103373377243
Normal–Gaussian (NG),100,Exponential,--,A,0.3,phi12,-0.03540204920749221,0.95,0.09805991940886337,0.10610941569161482,-0.003540204920749221,-0.00804949628275145,0.10616845647035097
Normal–Gaussian (NG),100,Exponential,--,A,0.3,phi21,-0.08305468508595155,0.955,0.09763236530745188,0.09834875140351412,-0.008305468508595157,-7.163860960622409e-4,0.09869882324413745
Normal–Gaussian (NG),100,Exponential,--,A,0.3,phi22,-0.11034823963694954,0.965,0.09694161207902817,0.086779289950513,-0.04413929585477982,0.010162322128515172,0.09735975864221824
Normal–Gaussian (NG),100,Exponential,--,A,0.3,rho,-0.22555602286762835,0.89,0.0932108837468243,0.09546736909341279,-0.0676668068602885,-0.0022564853465884827,0.11701630361742543
Normal–Gaussian (NG),100,Exponential,--,A,0.5,mu[1],-0.008474118094471895,0.94,0.10174737217400762,0.10682574670271196,-0.008474118094471895,-0.005078374528704341,0.10716133088045814
Normal–Gaussian (NG),100,Exponential,--,A,0.5,mu[2],-0.003745788599375035,0.96,0.10214603008816911,0.09711226140106334,-0.003745788599375035,0.005033768687105769,0.0971844753376776
Normal–Gaussian (NG),100,Exponential,--,A,0.5,phi11,-0.10787081084691279,0.95,0.10486466030068832,0.09712588901314918,-0.043148324338765115,0.007738771287539137,0.10627895468924148
Normal–Gaussian (NG),100,Exponential,--,A,0.5,phi12,0.06651160544694912,0.95,0.10535557295675903,0.10280967597670221,0.006651160544694911,0.0025458969800568193,0.10302459614590007
Normal–Gaussian (NG),100,Exponential,--,A,0.5,phi21,0.015507473951197606,0.96,0.10635432278157493,0.10800086861320832,0.0015507473951197604,-0.0016465458316333864,0.10801200136415841
Normal–Gaussian (NG),100,Exponential,--,A,0.5,phi22,-0.09424411351655461,0.935,0.10483495155890592,0.09890390897750453,-0.03769764540662185,0.005931042581401383,0.10584467714643896
Normal–Gaussian (NG),100,Exponential,--,A,0.5,rho,-0.14234838261709748,0.755,0.08062747221675604,0.10881136710039153,-0.07117419130854874,-0.0281838948836355,0.13002184092944563
Normal–Gaussian (NG),100,Exponential,--,B,0.3,mu[1],-0.003424750188053443,0.93,0.10268184362736235,0.11213262479022472,-0.003424750188053443,-0.009450781162862368,0.11218491189191125
Normal–Gaussian (NG),100,Exponential,--,B,0.3,mu[2],-0.0060895999880449005,0.92,0.10347143272439394,0.11074892089489743,-0.0060895999880449005,-0.007277488170503499,0.11091621480828961
Normal–Gaussian (NG),100,Exponential,--,B,0.3,phi11,-0.07529562830226572,0.96,0.08890076971253817,0.079634063430483,-0.04141259556624615,0.00926670628205517,0.08975849335847644
Normal–Gaussian (NG),100,Exponential,--,B,0.3,phi12,0.0041115907318077195,0.96,0.10284092148426155,0.09204725862554124,4.1115907318077196e-4,0.010793662858720313,0.09204817690894662
Normal–Gaussian (NG),100,Exponential,--,B,0.3,phi21,-0.022241712327830697,0.95,0.09044882601572352,0.08424280272633598,-0.00222417123278307,0.006206023289387533,0.08427215880028885
Normal–Gaussian (NG),100,Exponential,--,B,0.3,phi22,-0.10938876684105377,0.965,0.10202846973684043,0.09284745948265644,-0.02734719171026344,0.009181010254183997,0.09679111336698959
Normal–Gaussian (NG),100,Exponential,--,B,0.3,rho,-0.1694717555827081,0.86,0.09203331010985769,0.1121403749529758,-0.050841526674812426,-0.02010706484311811,0.12312726964088688
Normal–Gaussian (NG),100,Exponential,--,B,0.5,mu[1],3.385488175830762e-4,0.95,0.10235878409303956,0.10566396457268429,3.385488175830762e-4,-0.0033051804796447315,0.10566450692886124
Normal–Gaussian (NG),100,Exponential,--,B,0.5,mu[2],0.007091700276572049,0.945,0.10022579310631347,0.10488352712329248,0.007091700276572049,-0.004657734016979012,0.10512300640028881
Normal–Gaussian (NG),100,Exponential,--,B,0.5,phi11,-0.06908671598900366,0.935,0.09440282891616746,0.09431023008113491,-0.037997693793952014,9.25988350325424e-5,0.1016771568820428
Normal–Gaussian (NG),100,Exponential,--,B,0.5,phi12,-0.0026515946153712637,0.94,0.11286059344989517,0.11002224023720343,-2.651594615371265e-4,0.002838353212691741,0.11002255976095515
Normal–Gaussian (NG),100,Exponential,--,B,0.5,phi21,-0.1385153914090893,0.955,0.09324530737305403,0.08664790096927685,-0.01385153914090893,0.0065974064037771785,0.08774807051413576
Normal–Gaussian (NG),100,Exponential,--,B,0.5,phi22,-0.09817889138405962,0.975,0.10949517028962981,0.09684280723262342,-0.024544722846014905,0.012652363057006386,0.09990481836369428
Normal–Gaussian (NG),100,Exponential,--,B,0.5,rho,-0.12249064103070925,0.82,0.07993750198614359,0.10155756721587979,-0.061245320515354626,-0.021620065229736196,0.11859565229736063
Normal–Gaussian (NG),200,Exponential,++,A,0.3,mu[1],0.005695377779518683,0.925,0.07173775516909112,0.07844456652816266,0.005695377779518683,-0.006706811359071543,0.07865104796404669
Normal–Gaussian (NG),200,Exponential,++,A,0.3,mu[2],-2.2043893769806982e-4,0.96,0.0714677381093695,0.067643396708396,-2.2043893769806982e-4,0.0038243414009734994,0.06764375589494342
Normal–Gaussian (NG),200,Exponential,++,A,0.3,phi11,-0.02459493701477056,0.97,0.06779918043521678,0.06415680014453869,-0.009837974805908223,0.0036423802906780933,0.06490670807449693
Normal–Gaussian (NG),200,Exponential,++,A,0.3,phi12,-0.07524387016089557,0.965,0.06894881270015564,0.06897544895758635,-0.007524387016089557,-2.6636257430712185e-5,0.06938464497904775
Normal–Gaussian (NG),200,Exponential,++,A,0.3,phi21,0.012610507716549313,0.94,0.06806155068343983,0.06919600519395772,0.001261050771654931,-0.001134454510517885,0.06920749514215144
Normal–Gaussian (NG),200,Exponential,++,A,0.3,phi22,-0.0528094106247502,0.935,0.06805037880349789,0.06613665021727547,-0.02112376424990008,0.0019137285862224213,0.06942816372371949
Normal–Gaussian (NG),200,Exponential,++,A,0.3,rho,-0.15982768642649706,0.885,0.0657325954946727,0.07265168297216326,-0.04794830592794912,-0.006919087477490565,0.0870477287472104
Normal–Gaussian (NG),200,Exponential,++,A,0.5,mu[1],-6.186996151023457e-4,0.93,0.07139092777828705,0.07446736230614741,-6.186996151023457e-4,-0.0030764345278603555,0.07446993244289102
Normal–Gaussian (NG),200,Exponential,++,A,0.5,mu[2],-0.005999530427784028,0.925,0.07101808095806235,0.07231048781005385,-0.005999530427784028,-0.001292406851991501,0.0725589485362202
Normal–Gaussian (NG),200,Exponential,++,A,0.5,phi11,-0.03637808457594127,0.95,0.07391398273702901,0.0750867539660392,-0.014551233830376509,-0.0011727712290101888,0.07648371739882154
Normal–Gaussian (NG),200,Exponential,++,A,0.5,phi12,-0.0759275098547031,0.94,0.07474751223357977,0.07384118570414931,-0.007592750985470312,9.063265294304568e-4,0.07423052319445166
Normal–Gaussian (NG),200,Exponential,++,A,0.5,phi21,0.019541639692621696,0.93,0.07410216922722879,0.07261915983124348,0.00195416396926217,0.0014830093959853075,0.07264544811214567
Normal–Gaussian (NG),200,Exponential,++,A,0.5,phi22,-0.04784118890709749,0.935,0.07399727270000148,0.07766836278979769,-0.019136475562838998,-0.003671090089796214,0.07999111997849989
Normal–Gaussian (NG),200,Exponential,++,A,0.5,rho,-0.10877828963761951,0.785,0.05645480747296564,0.06813122794718053,-0.054389144818809756,-0.01167642047421489,0.08717822718839914
Normal–Gaussian (NG),200,Exponential,++,B,0.3,mu[1],0.0018476216624979736,0.935,0.07185355549005264,0.07406215902883512,0.0018476216624979736,-0.0022086035387824804,0.07408520166551613
Normal–Gaussian (NG),200,Exponential,++,B,0.3,mu[2],0.0027841035430329025,0.955,0.07223850033217966,0.06533222450683213,0.0027841035430329025,0.00690627582534753,0.06539151926319992
Normal–Gaussian (NG),200,Exponential,++,B,0.3,phi11,-0.04553339440937373,0.93,0.062062896983059695,0.06560885564677167,-0.025043366925155554,-0.003545958663711976,0.0702260077622735
Normal–Gaussian (NG),200,Exponential,++,B,0.3,phi12,-0.020880486925162655,0.945,0.07233364278113467,0.07441865196196949,-0.0020880486925162665,-0.002085009180834818,0.07444793957645211
Normal–Gaussian (NG),200,Exponential,++,B,0.3,phi21,0.02952308922138795,0.96,0.06257929226626174,0.0612654754533887,0.002952308922138795,0.001313816812873042,0.061336568297399176
Normal–Gaussian (NG),200,Exponential,++,B,0.3,phi22,-0.080926795625478,0.965,0.07190476521700419,0.06958162703369278,-0.0202316989063695,0.00232313818331141,0.07246326283913745
Normal–Gaussian (NG),200,Exponential,++,B,0.3,rho,-0.15559698467677502,0.815,0.06565044854127865,0.08236568047637557,-0.04667909540303251,-0.016715231935096928,0.0946733503578584
Normal–Gaussian (NG),200,Exponential,++,B,0.5,mu[1],-0.01074780766283799,0.96,0.07067898176242082,0.07074275088042983,-0.01074780766283799,-6.376911800901053e-5,0.07155453983981669
Normal–Gaussian (NG),200,Exponential,++,B,0.5,mu[2],0.001720547203295462,0.94,0.07185167489136116,0.07308554166834864,0.001720547203295462,-0.0012338667769874884,0.07310579104034573
Normal–Gaussian (NG),200,Exponential,++,B,0.5,phi11,-0.023721432313535726,0.95,0.06579364502435311,0.06365313539376874,-0.01304678777244465,0.002140509630584375,0.06497645971147294
Normal–Gaussian (NG),200,Exponential,++,B,0.5,phi12,0.017813125449479772,0.945,0.07665138604722535,0.07418365342967664,0.0017813125449479773,0.002467732617548707,0.074205036962171
Normal–Gaussian (NG),200,Exponential,++,B,0.5,phi21,-0.07847046192937356,0.975,0.06731843419682715,0.06324360275681679,-0.007847046192937357,0.0040748314400103625,0.0637285605016788
Normal–Gaussian (NG),200,Exponential,++,B,0.5,phi22,-0.01715552396100347,0.97,0.07737110611624008,0.06970921337358302,-0.0042888809902508675,0.007661892742657064,0.06984102611869517
Normal–Gaussian (NG),200,Exponential,++,B,0.5,rho,-0.10922638415338727,0.805,0.05631503076489666,0.07026275764272208,-0.054613192076693635,-0.013947726877825417,0.08899132463541451
Normal–Gaussian (NG),200,Exponential,+-,A,0.3,mu[1],-6.545614451258369e-4,0.93,0.07143197091180783,0.07982166090741571,-6.545614451258369e-4,-0.00838968999560788,0.07982434466191315
Normal–Gaussian (NG),200,Exponential,+-,A,0.3,mu[2],-0.001484712845178068,0.94,0.07105560596645584,0.07601478271750518,-0.001484712845178068,-0.004959176751049343,0.07602928096346934
Normal–Gaussian (NG),200,Exponential,+-,A,0.3,phi11,-0.04374277538799228,0.94,0.06671673676640208,0.0648757271004175,-0.017497110155196914,0.0018410096659845776,0.06719381541921057
Normal–Gaussian (NG),200,Exponential,+-,A,0.3,phi12,-0.011944726520415894,0.945,0.06777529834361803,0.06594456847035947,-0.0011944726520415896,0.0018307298732585658,0.06595538549397163
Normal–Gaussian (NG),200,Exponential,+-,A,0.3,phi21,-0.04552868438016936,0.955,0.06689572008889431,0.0665479133779308,-0.004552868438016937,3.4780671096351634e-4,0.06670347356750225
Normal–Gaussian (NG),200,Exponential,+-,A,0.3,phi22,-0.0585434490254052,0.95,0.06686310838715352,0.07050478157254082,-0.023417379610162083,-0.0036416731853873008,0.07429197730844245
Normal–Gaussian (NG),200,Exponential,+-,A,0.3,rho,0.140334265108791,0.845,0.06558288626597764,0.0807960570596598,0.04210027953263729,-0.01521317079368216,0.09110673066856256
Normal–Gaussian (NG),200,Exponential,+-,A,0.5,mu[1],0.0050252396625278094,0.94,0.07177405256032257,0.07097808597495987,0.0050252396625278094,7.959665853626979e-4,0.07115575677578476
Normal–Gaussian (NG),200,Exponential,+-,A,0.5,mu[2],0.005280959425568845,0.93,0.07149461741964962,0.07758554013522906,0.005280959425568845,-0.0060909227155794415,0.07776506008825393
Normal–Gaussian (NG),200,Exponential,+-,A,0.5,phi11,-0.04182063309188158,0.94,0.07137403069712604,0.0712194093050885,-0.016728253236752633,1.5462139203754888e-4,0.07315762925436178
Normal–Gaussian (NG),200,Exponential,+-,A,0.5,phi12,0.006534988123135396,0.935,0.07205932545752976,0.07694924240697627,6.534988123135398e-4,-0.0048899169494465156,0.0769520173075748
Normal–Gaussian (NG),200,Exponential,+-,A,0.5,phi21,-0.09396239436533323,0.925,0.07135473347540426,0.07676283814647612,-0.009396239436533324,-0.005408104671071862,0.07733577849773514
Normal–Gaussian (NG),200,Exponential,+-,A,0.5,phi22,-0.0629852312149318,0.925,0.07138596118744057,0.07639547193278175,-0.025194092485972718,-0.0050095107453411725,0.0804425908833386
Normal–Gaussian (NG),200,Exponential,+-,A,0.5,rho,0.10829572029215975,0.775,0.05645839509159243,0.07079981540214918,0.054147860146079876,-0.014341420310556748,0.08913251157337498
Normal–Gaussian (NG),200,Exponential,+-,B,0.3,mu[1],0.002385092891525312,0.935,0.07153219829206611,0.07407616281886312,0.002385092891525312,-0.0025439645267970046,0.07411455029930306
Normal–Gaussian (NG),200,Exponential,+-,B,0.3,mu[2],-0.007403492818960998,0.95,0.07187960356949748,0.07603725845337435,-0.007403492818960998,-0.004157654883876871,0.07639683487570448
Normal–Gaussian (NG),200,Exponential,+-,B,0.3,phi11,-0.02582749172491643,0.925,0.06069809202351205,0.0631389248863912,-0.014205120448704037,-0.002440832862879147,0.06471714828985853
Normal–Gaussian (NG),200,Exponential,+-,B,0.3,phi12,-0.01291195196311359,0.98,0.0698184965284964,0.06033952503181656,-0.001291195196311359,0.009478971496679832,0.060353338483469125
Normal–Gaussian (NG),200,Exponential,+-,B,0.3,phi21,-0.020487875472932043,0.935,0.0614914710589929,0.06653931884159336,-0.0020487875472932045,-0.005047847782600465,0.06657085309891383
Normal–Gaussian (NG),200,Exponential,+-,B,0.3,phi22,-0.0797253150554459,0.955,0.0695953539008295,0.06320405745592199,-0.019931328763861476,0.006391296444907518,0.06627224717168281
Normal–Gaussian (NG),200,Exponential,+-,B,0.3,rho,0.1620897673342291,0.825,0.06584772516990628,0.07698631630926579,0.04862693020026873,-0.011138591139359513,0.09105751610697566
Normal–Gaussian (NG),200,Exponential,+-,B,0.5,mu[1],-0.00103619625508634,0.945,0.07142481631007447,0.0761859406668507,-0.00103619625508634,-0.004761124356776225,0.07619298693431009
Normal–Gaussian (NG),200,Exponential,+-,B,0.5,mu[2],0.0023934935759669968,0.945,0.0710002711257656,0.07439180606882671,0.0023934935759669968,-0.003391534943061117,0.07443030042717898
Normal–Gaussian (NG),200,Exponential,+-,B,0.5,phi11,-0.04297503564223685,0.94,0.06458559679700267,0.05953999144087618,-0.02363626960323027,0.005045605356126484,0.06406000172913046
Normal–Gaussian (NG),200,Exponential,+-,B,0.5,phi12,-0.10687967457117069,0.955,0.07426429544746833,0.07614152373736473,-0.01068796745711707,-0.0018772282898963932,0.07688799831841163
Normal–Gaussian (NG),200,Exponential,+-,B,0.5,phi21,0.004622634154483852,0.965,0.06471578902545366,0.059234354135882565,4.622634154483849e-4,0.005481434889571098,0.0592361578544761
Normal–Gaussian (NG),200,Exponential,+-,B,0.5,phi22,-0.05772861288009866,0.965,0.07323250559246408,0.06433552059883475,-0.014432153220024665,0.008896984993629328,0.06593440875058605
Normal–Gaussian (NG),200,Exponential,+-,B,0.5,rho,0.12491956321634545,0.695,0.05679134379213748,0.07247259286730466,0.062459781608172726,-0.01568124907516718,0.0956739308038022
Normal–Gaussian (NG),200,Exponential,--,A,0.3,mu[1],0.006708876468164806,0.92,0.07131337850988904,0.07577266286583262,0.006708876468164806,-0.004459284355943574,0.07606908347840287
Normal–Gaussian (NG),200,Exponential,--,A,0.3,mu[2],0.008278283350641843,0.93,0.07111826054790119,0.07259143447040887,0.008278283350641843,-0.0014731739225076895,0.07306193491624198
Normal–Gaussian (NG),200,Exponential,--,A,0.3,phi11,-0.052430757770040255,0.955,0.06815248935226069,0.06558095432889864,-0.020972303108016104,0.002571535023362048,0.06885273464680682
Normal–Gaussian (NG),200,Exponential,--,A,0.3,phi12,0.01229466825876705,0.945,0.06878436990178236,0.07205042873082868,0.0012294668258767047,-0.00326605882904632,0.07206091776387637
Normal–Gaussian (NG),200,Exponential,--,A,0.3,phi21,-0.11048317863074428,0.955,0.06851664198345074,0.06833821303718796,-0.01104831786307443,1.7842894626278472e-4,0.06922554939268893
Normal–Gaussian (NG),200,Exponential,--,A,0.3,phi22,-0.030301043030802294,0.955,0.06804902540493762,0.06647157125244244,-0.01212041721232092,0.001577454152495189,0.06756755359023484
Normal–Gaussian (NG),200,Exponential,--,A,0.3,rho,-0.1529096844813749,0.825,0.06565489176435009,0.07951266474185696,-0.04587290534441247,-0.013857772977506871,0.0917964449153036
Normal–Gaussian (NG),200,Exponential,--,A,0.5,mu[1],0.007113303020607097,0.94,0.0708363921064229,0.07246008144971026,0.007113303020607097,-0.0016236893432873684,0.07280839569418916
Normal–Gaussian (NG),200,Exponential,--,A,0.5,mu[2],0.008927249542162771,0.93,0.07146593693006284,0.07645456073106206,0.008927249542162771,-0.004988623800999223,0.07697399327674057
Normal–Gaussian (NG),200,Exponential,--,A,0.5,phi11,-0.05751332833369725,0.94,0.07402821480671203,0.07343077175910485,-0.023005331333478905,5.974430476071713e-4,0.07695013652295164
Normal–Gaussian (NG),200,Exponential,--,A,0.5,phi12,0.06454912802242851,0.95,0.07411433771957975,0.07535033603195387,0.006454912802242851,-0.0012359983123741286,0.0756263118194516
Normal–Gaussian (NG),200,Exponential,--,A,0.5,phi21,-0.02176864480037604,0.945,0.07503091085520537,0.07669150195890032,-0.002176864480037605,-0.0016605911036949444,0.07672239054980273
Normal–Gaussian (NG),200,Exponential,--,A,0.5,phi22,-0.04701538641806065,0.95,0.07416891458149442,0.07252161026567196,-0.01880615456722426,0.0016473043158224676,0.07492032704902153
Normal–Gaussian (NG),200,Exponential,--,A,0.5,rho,-0.11075513073245753,0.75,0.05636674452566865,0.07780170327623055,-0.055377565366228766,-0.0214349587505619,0.09549753807598164
Normal–Gaussian (NG),200,Exponential,--,B,0.3,mu[1],-0.0030119424531247726,0.955,0.07185963294931354,0.06969507021655208,-0.0030119424531247726,0.0021645627327614575,0.06976012191668718
Normal–Gaussian (NG),200,Exponential,--,B,0.3,mu[2],0.0031291523541367105,0.94,0.07168720959506232,0.0704926601778093,0.0031291523541367105,0.0011945494172530269,0.07056207716188279
Normal–Gaussian (NG),200,Exponential,--,B,0.3,phi11,-0.039992517538638396,0.945,0.061424566223841126,0.0607385321666443,-0.02199588464625112,6.860340571968257e-4,0.06459867050589872
Normal–Gaussian (NG),200,Exponential,--,B,0.3,phi12,0.03917446972556777,0.935,0.07217471027206236,0.07653781923429105,0.003917446972556777,-0.00436310896222869,0.0766380073065826
Normal–Gaussian (NG),200,Exponential,--,B,0.3,phi21,-0.13013079803992664,0.935,0.06179797479283352,0.06630560798748235,-0.013013079803992664,-0.004507633194648829,0.06757051055434438
Normal–Gaussian (NG),200,Exponential,--,B,0.3,phi22,-0.042620592732387656,0.955,0.07150486131028932,0.06703425142672731,-0.010655148183096914,0.004470609883562016,0.06787579131874225
Normal–Gaussian (NG),200,Exponential,--,B,0.3,rho,-0.16693873091712783,0.88,0.0658854263207701,0.06536165941349725,-0.050081619275138343,5.23766907272849e-4,0.08234266883278633
Normal–Gaussian (NG),200,Exponential,--,B,0.5,mu[1],-0.004462374074731689,0.96,0.07194681585736928,0.0754225029346386,-0.004462374074731689,-0.003475687077269321,0.07555439584371254
Normal–Gaussian (NG),200,Exponential,--,B,0.5,mu[2],1.5058119540647567e-5,0.945,0.07133632461551458,0.07538875914856588,1.5058119540647567e-5,-0.004052434533051305,0.07538876065241715
Normal–Gaussian (NG),200,Exponential,--,B,0.5,phi11,-0.04219121922556087,0.945,0.06660738018650571,0.06510726692388043,-0.02320517057405848,0.00150011326262528,0.06911899990356171
Normal–Gaussian (NG),200,Exponential,--,B,0.5,phi12,-0.029541131168887614,0.955,0.07868535041388518,0.06839571062700815,-0.002954113116888762,0.010289639786877025,0.06845947718527223
Normal–Gaussian (NG),200,Exponential,--,B,0.5,phi21,-0.02803749696211239,0.965,0.06637957318676647,0.06670757266702443,-0.002803749696211239,-3.279994802579539e-4,0.06676646810701724
Normal–Gaussian (NG),200,Exponential,--,B,0.5,phi22,-0.05431085536250189,0.935,0.07745774352307647,0.07808301091834625,-0.013577713840625472,-6.252673952697879e-4,0.0792547216714089
Normal–Gaussian (NG),200,Exponential,--,B,0.5,rho,-0.11020655454831801,0.76,0.056371505218895314,0.07430650623502605,-0.05510327727415901,-0.017935001016130735,0.09250852952678912
Exponential–Gaussian (EG),50,Exponential,++,A,0.3,mu[1],0.011946557664826761,0.98,0.1474148318574813,0.12868392076337873,0.011946557664826761,0.018730911094102576,0.12923726901739516
Exponential–Gaussian (EG),50,Exponential,++,A,0.3,mu[2],0.01153349023398509,0.97,0.14782202241003478,0.1370520768487435,0.01153349023398509,0.010769945561291294,0.13753651575320397
Exponential–Gaussian (EG),50,Exponential,++,A,0.3,phi11,-0.02924115077916975,0.945,0.05139376440348,0.05316185799946589,-0.0116964603116679,-0.001768093595985891,0.05443335677484715
Exponential–Gaussian (EG),50,Exponential,++,A,0.3,phi12,-0.025646677771923206,0.95,0.04811237286937644,0.0511073917550794,-0.002564667777192321,-0.0029950188857029575,0.05117170128903793
Exponential–Gaussian (EG),50,Exponential,++,A,0.3,phi21,-0.03575223390229141,0.955,0.05083884961470115,0.05145040962925427,-0.0035752233902291413,-6.115600145531197e-4,0.05157447889516773
Exponential–Gaussian (EG),50,Exponential,++,A,0.3,phi22,-0.024207222566383146,0.96,0.05096611883478195,0.05167781883747814,-0.00968288902655326,-7.117000026961931e-4,0.052577136663189986
Exponential–Gaussian (EG),50,Exponential,++,A,0.3,rho,0.05663449936678931,0.96,0.14636695729778304,0.13699015289682545,0.016990349810036793,0.009376804400957589,0.13803975506122515
Exponential–Gaussian (EG),50,Exponential,++,A,0.5,mu[1],-0.009441823658812453,0.975,0.14283753430410664,0.12531236993550962,-0.009441823658812453,0.017525164368597024,0.12566756977382082
Exponential–Gaussian (EG),50,Exponential,++,A,0.5,mu[2],-0.007787447307654082,0.95,0.14424069626698569,0.13257429186989725,-0.007787447307654082,0.011666404397088437,0.13280281322462334
Exponential–Gaussian (EG),50,Exponential,++,A,0.5,phi11,-0.03347862240850082,0.935,0.05392021672698354,0.05502562970420424,-0.01339144896340033,-0.0011054129772207003,0.056631712226309736
Exponential–Gaussian (EG),50,Exponential,++,A,0.5,phi12,0.0288410636992077,0.97,0.051864269230393945,0.05138385747430496,0.00288410636992077,4.804117560889831e-4,0.05146473431868374
Exponential–Gaussian (EG),50,Exponential,++,A,0.5,phi21,0.03980081958287509,0.945,0.05331245127118779,0.055535975909610555,0.003980081958287509,-0.0022235246384227636,0.055678412985891844
Exponential–Gaussian (EG),50,Exponential,++,A,0.5,phi22,-0.039165978307782595,0.955,0.05392385007059638,0.05518613867243986,-0.015666391323113038,-0.001262288601843485,0.05736676493112257
Exponential–Gaussian (EG),50,Exponential,++,A,0.5,rho,0.030604945119946485,0.925,0.11754828475971404,0.11856881356514687,0.015302472559973242,-0.0010205288054328243,0.11955220289352803
Exponential–Gaussian (EG),50,Exponential,++,B,0.3,mu[1],0.023269020614777147,0.965,0.14960429147878665,0.1372465890483104,0.023269020614777147,0.012357702430476236,0.1392051490634119
Exponential–Gaussian (EG),50,Exponential,++,B,0.3,mu[2],0.0076786445468288835,0.955,0.14789387583217056,0.13618376946380634,0.0076786445468288835,0.011710106368364226,0.136400075687104
Exponential–Gaussian (EG),50,Exponential,++,B,0.3,phi11,-0.020557901103165178,0.975,0.044739808500223036,0.040614648895545294,-0.011306845606740848,0.004125159604677742,0.04215915633030497
Exponential–Gaussian (EG),50,Exponential,++,B,0.3,phi12,0.006304505396271186,0.98,0.0520269967197326,0.0491129002846803,6.304505396271186e-4,0.0029140964350522977,0.04911694658929713
Exponential–Gaussian (EG),50,Exponential,++,B,0.3,phi21,0.005153713311537418,0.96,0.044434493508019646,0.04065866471450556,5.153713311537414e-4,0.0037758287935140827,0.0406619308933498
Exponential–Gaussian (EG),50,Exponential,++,B,0.3,phi22,-0.03058039487009835,0.97,0.05307737570841604,0.049844949067519025,-0.007645098717524588,0.0032324266408970126,0.050427834396732346
Exponential–Gaussian (EG),50,Exponential,++,B,0.3,rho,0.00507137704021671,0.955,0.14809412626568166,0.13987304621007668,0.0015214131120650128,0.008221080055604985,0.13988132024664268
Exponential–Gaussian (EG),50,Exponential,++,B,0.5,mu[1],-0.016326317464538852,0.98,0.1424253192239422,0.12268253713407672,-0.016326317464538852,0.019742782089865477,0.12376410448755737
Exponential–Gaussian (EG),50,Exponential,++,B,0.5,mu[2],-4.325857590871314e-4,0.97,0.14514378584978022,0.1321285783470391,-4.325857590871314e-4,0.013015207502741127,0.13212928648278022
Exponential–Gaussian (EG),50,Exponential,++,B,0.5,phi11,-0.014498639870194131,0.975,0.047070851996558215,0.044848106183532105,-0.007974251928606773,0.00222274581302611,0.0455515238172145
Exponential–Gaussian (EG),50,Exponential,++,B,0.5,phi12,0.029221146188875533,0.985,0.052854341655124246,0.045809585934166286,0.002922114618887553,0.00704475572095796,0.045902689652194476
Exponential–Gaussian (EG),50,Exponential,++,B,0.5,phi21,0.04532118711440996,0.965,0.04753070746102525,0.04951977695106643,0.0045321187114409954,-0.0019890694900411773,0.049726737368320915
Exponential–Gaussian (EG),50,Exponential,++,B,0.5,phi22,-0.04134103493059397,0.96,0.05560894639003554,0.04705433504537924,-0.010335258732648492,0.0085546113446563,0.048176010831466644
Exponential–Gaussian (EG),50,Exponential,++,B,0.5,rho,0.020430356642423493,0.96,0.11757809706193874,0.11164587854236867,0.010215178321211747,0.0059322185195700705,0.11211222976835084
Exponential–Gaussian (EG),50,Exponential,+-,A,0.3,mu[1],0.011604565360975845,0.945,0.14771601101854392,0.14932035190222376,0.011604565360975845,-0.0016043408836798334,0.14977060268764728
Exponential–Gaussian (EG),50,Exponential,+-,A,0.3,mu[2],-0.018656872500595178,0.975,0.14892627964257682,0.13720769216895928,-0.018656872500595178,0.011718587473617537,0.13847032058110992
Exponential–Gaussian (EG),50,Exponential,+-,A,0.3,phi11,-0.031154297402797064,0.95,0.04730992344087225,0.045336323861405355,-0.012461718961118827,0.0019735995794668976,0.047017833858357845
Exponential–Gaussian (EG),50,Exponential,+-,A,0.3,phi12,-0.014782830382543941,0.95,0.04741016639985766,0.05141915692670971,-0.001478283038254394,-0.004008990526852052,0.05144040260140651
Exponential–Gaussian (EG),50,Exponential,+-,A,0.3,phi21,0.008073731593055633,0.96,0.04690880149582116,0.04548638128254406,8.073731593055631e-4,0.001422420213277105,0.045493546065341416
Exponential–Gaussian (EG),50,Exponential,+-,A,0.3,phi22,-0.04071559426900245,0.96,0.048161095040531204,0.04230725740262895,-0.016286237707600983,0.0058538376379022525,0.045333713366553
Exponential–Gaussian (EG),50,Exponential,+-,A,0.3,rho,-0.04565521481106014,0.97,0.14575281035998772,0.13950655799760184,-0.013696564443318043,0.006246252362385879,0.14017730059424105
Exponential–Gaussian (EG),50,Exponential,+-,A,0.5,mu[1],-0.005956488909966915,0.975,0.1446711447683093,0.12508880552786483,-0.005956488909966915,0.019582339240444474,0.12523054351284493
Exponential–Gaussian (EG),50,Exponential,+-,A,0.5,mu[2],0.005131238024469792,0.97,0.14397811211835398,0.12803833321630267,0.005131238024469792,0.01593977890205131,0.12814111118791158
Exponential–Gaussian (EG),50,Exponential,+-,A,0.5,phi11,-0.033818190271065696,0.955,0.05196206862387635,0.05306699847701897,-0.01352727610842628,-0.0011049298531426235,0.05476398019020836
Exponential–Gaussian (EG),50,Exponential,+-,A,0.5,phi12,0.010631535922062535,0.965,0.05046988682171375,0.04989990369895022,0.001063153592206253,5.699831227635316e-4,0.049911228042647145
Exponential–Gaussian (EG),50,Exponential,+-,A,0.5,phi21,0.023812458367320034,0.955,0.04995386227200921,0.04956363982155147,0.002381245836732003,3.902224504577362e-4,0.0496208093857349
Exponential–Gaussian (EG),50,Exponential,+-,A,0.5,phi22,-0.01977016032832901,0.945,0.051189311049900155,0.053450229544724975,-0.007908064131331605,-0.0022609184948248207,0.05403206933561812
Exponential–Gaussian (EG),50,Exponential,+-,A,0.5,rho,-0.05326546383312118,0.95,0.1154491437272171,0.11118261204643502,-0.02663273191656059,0.0042665316807820736,0.11432793023057605
Exponential–Gaussian (EG),50,Exponential,+-,B,0.3,mu[1],0.008673355197609972,0.94,0.14653220157898747,0.13799867354852677,0.008673355197609972,0.008533528030460702,0.13827096944600037
Exponential–Gaussian (EG),50,Exponential,+-,B,0.3,mu[2],0.005334504671953285,0.965,0.14557014979496155,0.12280952490442007,0.005334504671953285,0.02276062489054148,0.12292532833938034
Exponential–Gaussian (EG),50,Exponential,+-,B,0.3,phi11,-0.021502892482177377,0.96,0.04408659055939209,0.03987623460667681,-0.011826590865197557,0.004210355952715281,0.04159305636641173
Exponential–Gaussian (EG),50,Exponential,+-,B,0.3,phi12,0.05790587813931564,0.965,0.05035757399178202,0.04571591174924596,0.005790587813931564,0.0046416622425360585,0.04608118373366398
Exponential–Gaussian (EG),50,Exponential,+-,B,0.3,phi21,-0.01544684962530871,0.975,0.0404021428520258,0.03873908206747756,-0.0015446849625308711,0.0016630607845482398,0.03876986627606846
Exponential–Gaussian (EG),50,Exponential,+-,B,0.3,phi22,-0.046135471746214136,0.955,0.05210178151257777,0.046044118832051166,-0.011533867936553534,0.006057662680526606,0.047466735600817406
Exponential–Gaussian (EG),50,Exponential,+-,B,0.3,rho,-0.04427726906407582,0.98,0.147084589808674,0.13794312022791425,-0.013283180719222746,0.009141469580759759,0.1385811939197824
Exponential–Gaussian (EG),50,Exponential,+-,B,0.5,mu[1],0.010716875507573727,0.975,0.14592770196697688,0.12571745106417023,0.010716875507573727,0.020210250902806648,0.1261734081441762
Exponential–Gaussian (EG),50,Exponential,+-,B,0.5,mu[2],0.009677472567649196,0.98,0.1445462973847732,0.12921633235141178,0.009677472567649196,0.015329965033361426,0.12957821584528825
Exponential–Gaussian (EG),50,Exponential,+-,B,0.5,phi11,-0.009372110688675547,0.955,0.0457248854944741,0.04669053349009447,-0.0051546608787715505,-9.656479956203709e-4,0.04697421043897142
Exponential–Gaussian (EG),50,Exponential,+-,B,0.5,phi12,0.00446608654343441,0.945,0.0521972634605326,0.055690348774968056,4.4660865434344063e-4,-0.0034930853144354568,0.0556921395348367
Exponential–Gaussian (EG),50,Exponential,+-,B,0.5,phi21,-0.043971376414929014,0.94,0.042386961045200525,0.03912073188963961,-0.004397137641492902,0.003266229155560914,0.039367073589731044
Exponential–Gaussian (EG),50,Exponential,+-,B,0.5,phi22,-0.040479011919572025,0.955,0.05151008795694079,0.043118878680855,-0.010119752979893006,0.00839120927608579,0.04429048542371539
Exponential–Gaussian (EG),50,Exponential,+-,B,0.5,rho,-0.04535365804602339,0.935,0.11600624745001586,0.10596889177802535,-0.022676829023011696,0.010037355671990517,0.10836809770039223
Exponential–Gaussian (EG),50,Exponential,--,A,0.3,mu[1],-0.002754829249298842,0.985,0.14743445071903158,0.12952583673669096,-0.002754829249298842,0.017908613982340615,0.12955512906300823
Exponential–Gaussian (EG),50,Exponential,--,A,0.3,mu[2],0.009173371583407239,0.955,0.14530057151230566,0.13854360175246463,0.009173371583407239,0.006756969759841025,0.13884696731564858
Exponential–Gaussian (EG),50,Exponential,--,A,0.3,phi11,-0.02410389953998033,0.98,0.047644490509484896,0.040541326492400324,-0.009641559815992132,0.007103164017084572,0.04167203894038249
Exponential–Gaussian (EG),50,Exponential,--,A,0.3,phi12,-0.04778832920756931,0.985,0.049191628481354645,0.044827706982038744,-0.004778832920756932,0.004363921499315901,0.045081709787363165
Exponential–Gaussian (EG),50,Exponential,--,A,0.3,phi21,0.026219790964715002,0.965,0.047113070908897665,0.04463554972267777,0.0026219790964715,0.002477521186219897,0.044712493482560026
Exponential–Gaussian (EG),50,Exponential,--,A,0.3,phi22,-0.031047162805988616,0.955,0.04935655721151427,0.04758119830264075,-0.012418865122395446,0.0017753589088735158,0.049175183200914185
Exponential–Gaussian (EG),50,Exponential,--,A,0.3,rho,0.07991228560715972,0.935,0.1447486464391929,0.13760710274807586,0.02397368568214792,0.007141543691117053,0.13967982077560784
Exponential–Gaussian (EG),50,Exponential,--,A,0.5,mu[1],-0.0062109181099496355,0.985,0.14568973406813487,0.11550248425611129,-0.0062109181099496355,0.030187249812023587,0.11566935364694374
Exponential–Gaussian (EG),50,Exponential,--,A,0.5,mu[2],-2.903020863200883e-4,0.95,0.14483018083013674,0.13618585089262236,-2.903020863200883e-4,0.008644329937514378,0.13618616030510916
Exponential–Gaussian (EG),50,Exponential,--,A,0.5,phi11,-0.046493560686313246,0.97,0.055819883959448736,0.047583978039300256,-0.0185974242745253,0.00823590592014848,0.051089129525676125
Exponential–Gaussian (EG),50,Exponential,--,A,0.5,phi12,0.10038929907841833,0.975,0.05668657634196212,0.05361849461759111,0.010038929907841833,0.003068081724371008,0.054550188622508065
Exponential–Gaussian (EG),50,Exponential,--,A,0.5,phi21,-0.026659792924221968,0.98,0.054844628754460854,0.04999350829580138,-0.0026659792924221973,0.004851120458659472,0.050064541517025656
Exponential–Gaussian (EG),50,Exponential,--,A,0.5,phi22,-0.035448477960982355,0.95,0.05526050942211551,0.052549701513575714,-0.014179391184392943,0.0027108079085397946,0.05442909390689819
Exponential–Gaussian (EG),50,Exponential,--,A,0.5,rho,0.06093886333077992,0.945,0.11424045275318294,0.10603844483389432,0.03046943166538996,0.008202007919288615,0.11032922572375245
Exponential–Gaussian (EG),50,Exponential,--,B,0.3,mu[1],0.0064149667725416125,0.97,0.14478510050754098,0.13603258607192317,0.0064149667725416125,0.008752514435617809,0.13618375920831383
Exponential–Gaussian (EG),50,Exponential,--,B,0.3,mu[2],-0.004933823862488202,0.98,0.1470696980078664,0.12315392687561151,-0.004933823862488202,0.02391577113225489,0.12325271730387742
Exponential–Gaussian (EG),50,Exponential,--,B,0.3,phi11,-0.02692609159641698,0.95,0.045797753931261016,0.04395961794350644,-0.014809350378029341,0.0018381359877545772,0.04638711963851917
Exponential–Gaussian (EG),50,Exponential,--,B,0.3,phi12,0.007678002233270586,0.97,0.050346029078768055,0.04818365450725552,7.678002233270585e-4,0.0021623745715125334,0.04818977151696723
Exponential–Gaussian (EG),50,Exponential,--,B,0.3,phi21,0.013075980803350049,0.94,0.04551981192421242,0.04296424751869854,0.0013075980803350044,0.0025555644055138826,0.042984141000928344
Exponential–Gaussian (EG),50,Exponential,--,B,0.3,phi22,-0.04889783797897297,0.94,0.05420477498850671,0.05240429024351458,-0.012224459494743243,0.0018004847449921285,0.05381121672909037
Exponential–Gaussian (EG),50,Exponential,--,B,0.3,rho,0.034985879822252694,0.95,0.14538747625402457,0.15155405409180492,0.010495763946675807,-0.0061665778377803515,0.15191705754287788
Exponential–Gaussian (EG),50,Exponential,--,B,0.5,mu[1],0.006883814564110233,0.96,0.144938389672529,0.13699939176852044,0.006883814564110233,0.007938997904008566,0.13717222841339863
Exponential–Gaussian (EG),50,Exponential,--,B,0.5,mu[2],0.013643324812427731,0.96,0.14293317767569483,0.13849441188643422,0.013643324812427731,0.0044387657892606125,0.13916480314974292
Exponential–Gaussian (EG),50,Exponential,--,B,0.5,phi11,-0.012621115610559534,0.98,0.04710487713595873,0.0446448405110111,-0.0069416135858077445,0.002460036624947627,0.04518127691232607
Exponential–Gaussian (EG),50,Exponential,--,B,0.5,phi12,-0.004300149368193247,0.98,0.05417723113997545,0.04528817873397465,-4.3001493681932485e-4,0.008889052406000797,0.04529022020134503
Exponential–Gaussian (EG),50,Exponential,--,B,0.5,phi21,-0.00758392684099994,0.95,0.04660193797731614,0.04593550038907307,-7.583926840999943e-4,6.664375882430712e-4,0.04594176047408097
Exponential–Gaussian (EG),50,Exponential,--,B,0.5,phi22,-0.0646095431983057,0.95,0.05603233378225993,0.05208557331255666,-0.016152385799576424,0.00394676046970327,0.054532618810360395
Exponential–Gaussian (EG),50,Exponential,--,B,0.5,rho,0.06534185939523249,0.955,0.11346109708977423,0.09916697249898061,0.032670929697616244,0.014294124590793614,0.10441014357772027
Exponential–Gaussian (EG),100,Exponential,++,A,0.3,mu[1],0.012547276167989792,0.97,0.10277007694325627,0.09527726701025775,0.012547276167989792,0.007492809932998515,0.09609990503730872
Exponential–Gaussian (EG),100,Exponential,++,A,0.3,mu[2],-8.088976926435562e-4,0.945,0.10168424334295899,0.09623246886944098,-8.088976926435562e-4,0.005451774473518009,0.09623586847005171
Exponential–Gaussian (EG),100,Exponential,++,A,0.3,phi11,-0.011316082361211087,0.955,0.02426162517629763,0.024733990084556283,-0.004526432944484435,-4.7236490825865174e-4,0.02514475811583485
Exponential–Gaussian (EG),100,Exponential,++,A,0.3,phi12,0.007959032441353122,0.94,0.02353180808414701,0.02660938352521783,7.959032441353122e-4,-0.0030775754410708213,0.026621283845189723
Exponential–Gaussian (EG),100,Exponential,++,A,0.3,phi21,0.002823783042400247,0.955,0.022516717367692642,0.023656128002089844,2.823783042400246e-4,-0.0011394106343972019,0.023657813287748398
Exponential–Gaussian (EG),100,Exponential,++,A,0.3,phi22,-0.007245896395608827,0.97,0.022874461896474102,0.02360590973238162,-0.0028983585582435306,-7.314478359075165e-4,0.02378317591545529
Exponential–Gaussian (EG),100,Exponential,++,A,0.3,rho,0.09168824646358105,0.95,0.0979487344377935,0.09460369411509392,0.027506473939074315,0.003345040322699583,0.0985213938633799
Exponential–Gaussian (EG),100,Exponential,++,A,0.5,mu[1],-0.003643602622049835,0.97,0.10107437489426141,0.08859816354838683,-0.003643602622049835,0.01247621134587458,0.08867305354059997
Exponential–Gaussian (EG),100,Exponential,++,A,0.5,mu[2],0.0029521846808295976,0.96,0.10159507065593408,0.09739585354936975,0.0029521846808295976,0.004199217106564332,0.09744058539951413
Exponential–Gaussian (EG),100,Exponential,++,A,0.5,phi11,-0.007096765205297496,0.945,0.02363242359986046,0.02168756747699264,-0.002838706082118998,0.0019448561228678184,0.021872558956138818
Exponential–Gaussian (EG),100,Exponential,++,A,0.5,phi12,0.009881897701571352,0.94,0.023667801982970183,0.02167819846449481,9.881897701571351e-4,0.0019896035184753733,0.02170070984294911
Exponential–Gaussian (EG),100,Exponential,++,A,0.5,phi21,0.02691430718367937,0.94,0.02380526182509932,0.023201669428996582,0.002691430718367937,6.035923961027374e-4,0.0233572529121943
Exponential–Gaussian (EG),100,Exponential,++,A,0.5,phi22,-0.00941867709267888,0.945,0.024311432028405387,0.024323251188735587,-0.0037674708370715525,-1.1819160330200223e-5,0.024613296912411223
Exponential–Gaussian (EG),100,Exponential,++,A,0.5,rho,0.05310346431252788,0.935,0.07584416793480318,0.07219045804003696,0.02655173215626394,0.0036537098947662244,0.0769185069572227
Exponential–Gaussian (EG),100,Exponential,++,B,0.3,mu[1],-0.0035913186499413273,0.95,0.1015436796177355,0.09521514237687474,-0.0035913186499413273,0.006328537240860757,0.0952828468691713
Exponential–Gaussian (EG),100,Exponential,++,B,0.3,mu[2],-0.006543267026255857,0.96,0.10102602660801821,0.0899687634378268,-0.006543267026255857,0.011057263170191414,0.09020638967339578
Exponential–Gaussian (EG),100,Exponential,++,B,0.3,phi11,-0.009067478431003275,0.965,0.021100363915575526,0.021743621658426224,-0.004987113137051802,-6.432577428506989e-4,0.02230821329166764
Exponential–Gaussian (EG),100,Exponential,++,B,0.3,phi12,-3.2376481651605365e-4,0.955,0.024977127589750667,0.025150429627251236,-3.2376481651605443e-5,-1.733020375005688e-4,0.025150450466579734
Exponential–Gaussian (EG),100,Exponential,++,B,0.3,phi21,-0.009971564419929371,0.98,0.019890755494587454,0.019662143237385958,-9.971564419929372e-4,2.2861225720149578e-4,0.019687412162528888
Exponential–Gaussian (EG),100,Exponential,++,B,0.3,phi22,-0.01429900465876379,0.97,0.02491152452845287,0.021498239813215372,-0.0035747511646909477,0.0034132847152374968,0.021793420129846024
Exponential–Gaussian (EG),100,Exponential,++,B,0.3,rho,0.0900942873331096,0.94,0.09869709113823266,0.09834902922755034,0.027028286199932878,3.4806191068231795e-4,0.10199539109639726
Exponential–Gaussian (EG),100,Exponential,++,B,0.5,mu[1],-0.007964756960651777,0.98,0.10059926152708162,0.08894052880639482,-0.007964756960651777,0.011658732720686807,0.08929644459777442
Exponential–Gaussian (EG),100,Exponential,++,B,0.5,mu[2],0.008715032207285858,0.965,0.10222000420893984,0.09089203745621205,0.008715032207285858,0.011327966752727792,0.0913088947436967
Exponential–Gaussian (EG),100,Exponential,++,B,0.5,phi11,-0.006080606972127557,0.95,0.021564399188126988,0.021302183555471838,-0.0033443338346701565,2.6221563265515016e-4,0.021563107221101843
Exponential–Gaussian (EG),100,Exponential,++,B,0.5,phi12,0.017970159155502367,0.945,0.025762285002248184,0.026144435631042302,0.0017970159155502366,-3.821506287941187e-4,0.026206121053419087
Exponential–Gaussian (EG),100,Exponential,++,B,0.5,phi21,0.004857314884894104,0.975,0.021948037347814392,0.02216417157462802,4.8573148848941026e-4,-2.1613422681362668e-4,0.022169493378705316
Exponential–Gaussian (EG),100,Exponential,++,B,0.5,phi22,-0.004686108831712052,0.96,0.026222384869426484,0.025386683398892378,-0.001171527207928013,8.357014705341059e-4,0.02541370043882853
Exponential–Gaussian (EG),100,Exponential,++,B,0.5,rho,0.043777870005902886,0.945,0.0766419702927821,0.0695361917618612,0.021888935002951443,0.007105778530920898,0.072899982443796
Exponential–Gaussian (EG),100,Exponential,+-,A,0.3,mu[1],-0.0017853985885611147,0.995,0.10168257667577447,0.08649710667738254,-0.0017853985885611147,0.015185469998391932,0.08651553104315161
Exponential–Gaussian (EG),100,Exponential,+-,A,0.3,mu[2],-0.011925169292590722,0.96,0.10312101328332073,0.09702857728864664,-0.011925169292590722,0.006092435994674086,0.09775865421186926
Exponential–Gaussian (EG),100,Exponential,+-,A,0.3,phi11,-0.010078776495455702,0.95,0.02311079983190334,0.0203844178986534,-0.00403151059818228,0.002726381933249939,0.02077925818623459
Exponential–Gaussian (EG),100,Exponential,+-,A,0.3,phi12,-0.004537466325758355,0.955,0.021433782037718566,0.022633851469361435,-4.537466325758357e-4,-0.0012000694316428688,0.022638399200113263
Exponential–Gaussian (EG),100,Exponential,+-,A,0.3,phi21,0.02094999060903501,0.965,0.022227810289084955,0.02121233360807594,0.0020949990609035007,0.0010154766810090143,0.021315537013303104
Exponential–Gaussian (EG),100,Exponential,+-,A,0.3,phi22,-0.008111288754036201,0.98,0.022310031313957857,0.020914934669878354,-0.0032445155016144803,0.0013950966440795035,0.021165097993760772
Exponential–Gaussian (EG),100,Exponential,+-,A,0.3,rho,-0.016649844991808667,0.95,0.10087359139510398,0.09681327537878397,-0.0049949534975426,0.004060316016320009,0.096942043768485045
Exponential–Gaussian (EG),100,Exponential,+-,A,0.5,mu[1],-1.8548639337960735e-4,0.97,0.10149409243655312,0.09316476443339777,-1.8548639337960735e-4,0.008329328003155348,0.09316494908028784
Exponential–Gaussian (EG),100,Exponential,+-,A,0.5,mu[2],0.003873092253517653,0.97,0.1008663533872033,0.0867777818202005,0.003873092253517653,0.0140885715670028,0.08686417133225056
Exponential–Gaussian (EG),100,Exponential,+-,A,0.5,phi11,0.006399755013322464,0.955,0.022895399228871193,0.022264983442630615,0.0025599020053289857,6.304157862405783e-4,0.022411661829893445
Exponential–Gaussian (EG),100,Exponential,+-,A,0.5,phi12,0.034843035112917954,0.965,0.02334243215147043,0.023078819054967458,0.0034843035112917956,2.6361309650297163e-4,0.02334035689381654
Exponential–Gaussian (EG),100,Exponential,+-,A,0.5,phi21,-0.02914961779458883,0.96,0.022583300778442568,0.020583490010958674,-0.0029149617794588835,0.0019998107674838936,0.020788868733217343
Exponential–Gaussian (EG),100,Exponential,+-,A,0.5,phi22,-0.01646964298007322,0.97,0.024325477894390712,0.02113685325362599,-0.006587857192029287,0.0031886246407647235,0.02213970252392501
Exponential–Gaussian (EG),100,Exponential,+-,A,0.5,rho,-0.050668116020368845,0.905,0.07590824363448771,0.08033710848906582,-0.025334058010184422,-0.004428864854578107,0.08423696038941172
Exponential–Gaussian (EG),100,Exponential,+-,B,0.3,mu[1],-0.0014829078405507923,0.95,0.10174139017786205,0.10049920874334173,-0.0014829078405507923,0.0012421814345203175,0.10051014861048282
Exponential–Gaussian (EG),100,Exponential,+-,B,0.3,mu[2],-0.007400941121531815,0.96,0.10249286900296639,0.10103467229089723,-0.007400941121531815,0.0014581967120691625,0.10130537465709002
Exponential–Gaussian (EG),100,Exponential,+-,B,0.3,phi11,-0.01015240334835345,0.955,0.019991331177718164,0.01926472956389542,-0.0055838218415943976,7.26601613822743e-4,0.020057638732629845
Exponential–Gaussian (EG),100,Exponential,+-,B,0.3,phi12,-0.04929626758128748,0.97,0.02300487212490943,0.021356417336947056,-0.0049296267581287485,0.001648454787962373,0.021917978498125955
Exponential–Gaussian (EG),100,Exponential,+-,B,0.3,phi21,-0.0023391028192513625,0.95,0.020028991015898168,0.020728613171727608,-2.339102819251364e-4,-6.996221558294401e-4,0.020729932900111124
Exponential–Gaussian (EG),100,Exponential,+-,B,0.3,phi22,9.082887841321974e-4,0.94,0.024083694810680373,0.024821711310648673,2.2707219603304934e-4,-7.380164999683005e-4,0.02482274993169362
Exponential–Gaussian (EG),100,Exponential,+-,B,0.3,rho,-0.07193859537868147,0.935,0.09854434060707708,0.09618328169842524,-0.02158157861360444,0.0023610589086518335,0.09857478487794845
Exponential–Gaussian (EG),100,Exponential,+-,B,0.5,mu[1],-0.006523432455519188,0.97,0.10058316893670798,0.08976696242861643,-0.006523432455519188,0.01081620650809155,0.09000368167282022
Exponential–Gaussian (EG),100,Exponential,+-,B,0.5,mu[2],-0.006709605253787621,0.985,0.1019806033628112,0.09015746308970407,-0.006709605253787621,0.01182314027310713,0.09040678599216437
Exponential–Gaussian (EG),100,Exponential,+-,B,0.5,phi11,-0.0021061861508315446,0.97,0.021419009878036067,0.02172554241826131,-0.0011584023829573499,-3.0653254022524473e-4,0.02175640341252462
Exponential–Gaussian (EG),100,Exponential,+-,B,0.5,phi12,-0.006173695884818254,0.96,0.023526502030014853,0.02471197806918854,-6.173695884818257e-4,-0.0011854760391736864,0.02471968861658329
Exponential–Gaussian (EG),100,Exponential,+-,B,0.5,phi21,-0.020843414877041964,0.96,0.020881915765967,0.019834146963013746,-0.002084341487704197,0.0010477688029532535,0.019943366445708016
Exponential–Gaussian (EG),100,Exponential,+-,B,0.5,phi22,-0.011511864373891442,0.98,0.023920045559949154,0.022925834604132066,-0.0028779660934728606,9.942109558170875e-4,0.023105769433870813
Exponential–Gaussian (EG),100,Exponential,+-,B,0.5,rho,-0.02749550646687382,0.96,0.0773043063416986,0.07330645465374058,-0.01374775323343691,0.003997851687958021,0.07458442875606408
Exponential–Gaussian (EG),100,Exponential,--,A,0.3,mu[1],0.0019818247359870505,0.95,0.10131992235763548,0.09672367357316436,0.0019818247359870505,0.004596248784471124,0.096743974793122
Exponential–Gaussian (EG),100,Exponential,--,A,0.3,mu[2],-0.002332551603894247,0.965,0.10203981964575314,0.09241949478342334,-0.002332551603894247,0.00962032486232979,0.09244892542916897
Exponential–Gaussian (EG),100,Exponential,--,A,0.3,phi11,-0.0036476253540034973,0.96,0.02256147313584493,0.023610247900617685,-0.001459050141601399,-0.0010487747647727544,0.02365528763816515
Exponential–Gaussian (EG),100,Exponential,--,A,0.3,phi12,0.010805050785615946,0.95,0.023084672334506732,0.02246972809434965,0.0010805050785615946,6.149442401570809e-4,0.022495692295610808
Exponential–Gaussian (EG),100,Exponential,--,A,0.3,phi21,0.008429555550714975,0.96,0.02322937117729048,0.02523438504651739,8.429555550714974e-4,-0.002005013869226909,0.02524846060146492
Exponential–Gaussian (EG),100,Exponential,--,A,0.3,phi22,-0.007892287187274723,0.94,0.02377817029184907,0.021462586600942704,-0.0031569148749098896,0.0023155836909063664,0.021693518274599734
Exponential–Gaussian (EG),100,Exponential,--,A,0.3,rho,0.054832227993589465,0.965,0.09881273964717939,0.09869942170444868,0.01644966839807684,1.133179427307146e-4,0.10006081868143635
Exponential–Gaussian (EG),100,Exponential,--,A,0.5,mu[1],-0.008102055967774987,0.975,0.10180785330556379,0.09246941288303284,-0.008102055967774987,0.009338440422530944,0.0928236803290936
Exponential–Gaussian (EG),100,Exponential,--,A,0.5,mu[2],-0.0022240120020535037,0.965,0.10119258633700878,0.08699624532424007,-0.0022240120020535037,0.014196341012768718,0.08702466851359239
Exponential–Gaussian (EG),100,Exponential,--,A,0.5,phi11,-0.009429232703793675,0.95,0.025395180448398228,0.024866250446689817,-0.00377169308151747,5.289300017084116e-4,0.025150667585149073
Exponential–Gaussian (EG),100,Exponential,--,A,0.5,phi12,0.001853306214401788,0.965,0.025005610398912574,0.026081957949143374,1.8533062144017866e-4,-0.0010763475502308002,0.02608261639291823
Exponential–Gaussian (EG),100,Exponential,--,A,0.5,phi21,0.004847003355401518,0.965,0.02523700077388877,0.02394677902663086,4.847003355401516e-4,0.001290221747257913,0.023951683869105324
Exponential–Gaussian (EG),100,Exponential,--,A,0.5,phi22,-0.008201321393887859,0.955,0.025296578737526422,0.02372793511683335,-0.003280528557555144,0.0015686436206930714,0.023953637981016334
Exponential–Gaussian (EG),100,Exponential,--,A,0.5,rho,0.0400483624987362,0.94,0.07712625102956856,0.0773207091983089,0.0200241812493681,-1.9445816874033572e-4,0.07987152124278712
Exponential–Gaussian (EG),100,Exponential,--,B,0.3,mu[1],-0.003416566429762952,0.955,0.10214851290383588,0.09678372450557665,-0.003416566429762952,0.0053647883982592265,0.09684400990944325
Exponential–Gaussian (EG),100,Exponential,--,B,0.3,mu[2],-0.005889578973823718,0.97,0.10225475641415996,0.09951534732245268,-0.005889578973823718,0.002739409091707279,0.09968947533815843
Exponential–Gaussian (EG),100,Exponential,--,B,0.3,phi11,-0.00626766766063963,0.97,0.020586877057981488,0.018984619931494716,-0.003447217213351797,0.0016022571264867717,0.01929505378223485
Exponential–Gaussian (EG),100,Exponential,--,B,0.3,phi12,0.0073162258395881195,0.935,0.024571072005022263,0.02570183077378251,7.316225839588119e-4,-0.0011307587687602455,0.02571224176787221
Exponential–Gaussian (EG),100,Exponential,--,B,0.3,phi21,0.0018192903392433186,0.985,0.02026529018963539,0.019521454342337034,1.8192903392433182e-4,7.438358472983547e-4,0.019522302062342293
Exponential–Gaussian (EG),100,Exponential,--,B,0.3,phi22,-0.008196534363678246,0.96,0.02366109029472345,0.024292847523399774,-0.0020491335909195614,-6.317572286763246e-4,0.02437911789357001
Exponential–Gaussian (EG),100,Exponential,--,B,0.3,rho,0.0663748935925546,0.92,0.0991107701064403,0.10245142158609735,0.019912468077766383,-0.0033406514796570502,0.10436857846095404
Exponential–Gaussian (EG),100,Exponential,--,B,0.5,mu[1],0.0010526716365256456,0.97,0.10124336378217964,0.09006203345551524,0.0010526716365256456,0.011181330326664407,0.09006818521385168
Exponential–Gaussian (EG),100,Exponential,--,B,0.5,mu[2],0.008240468487669513,0.975,0.10064861827114739,0.094913304247803,0.008240468487669513,0.005735314023344387,0.09527035553692605
Exponential–Gaussian (EG),100,Exponential,--,B,0.5,phi11,-0.00386957286653004,0.97,0.021775914010743785,0.022121416802035093,-0.002128265076591522,-3.455027912913078e-4,0.02222355942610453
Exponential–Gaussian (EG),100,Exponential,--,B,0.5,phi12,0.0022956935033704756,0.98,0.027019697334368587,0.025030293381117123,2.2956935033704737e-4,0.0019894039532514646,0.025031346125037098
Exponential–Gaussian (EG),100,Exponential,--,B,0.5,phi21,-0.0035712102220178165,0.955,0.021449048918205666,0.02215658069504417,-3.5712102220178166e-4,-7.075317768385041e-4,0.02215945855657359
Exponential–Gaussian (EG),100,Exponential,--,B,0.5,phi22,-2.0803483318203422e-4,0.965,0.026642917951707132,0.029169515628724337,-5.2008708295508556e-5,-0.0025265976770172047,0.029169561993971246
Exponential–Gaussian (EG),100,Exponential,--,B,0.5,rho,0.0712414376914958,0.915,0.07478076796910983,0.07398579402016127,0.0356207188457479,7.94973948948563e-4,0.08211414815902038
Exponential–Gaussian (EG),200,Exponential,++,A,0.3,mu[1],0.005992259150960375,0.93,0.07183033893770245,0.0733038770896145,0.005992259150960375,-0.0014735381519120488,0.07354838928284954
Exponential–Gaussian (EG),200,Exponential,++,A,0.3,mu[2],4.090427051364115e-4,0.98,0.07141548274735711,0.06255436281084636,4.090427051364115e-4,0.008861119936510745,0.06255570016078171
Exponential–Gaussian (EG),200,Exponential,++,A,0.3,phi11,-6.527586957993825e-4,0.975,0.010641574289557516,0.010111168077791614,-2.61103478319753e-4,5.304062117659023e-4,0.01011453878947245
Exponential–Gaussian (EG),200,Exponential,++,A,0.3,phi12,-0.012209084502976218,0.985,0.011076194174992572,0.009683113657841753,-0.0012209084502976218,0.0013930805171508184,0.009759780097660481
Exponential–Gaussian (EG),200,Exponential,++,A,0.3,phi21,0.023266303637774682,0.945,0.01135675970576778,0.012317701134146545,0.002326630363777468,-9.609414283787646e-4,0.012535508369420297
Exponential–Gaussian (EG),200,Exponential,++,A,0.3,phi22,-0.005382152618690525,0.975,0.010730296409377381,0.009788257981020341,-0.00215286104747621,9.4203842835704e-4,0.010022215573053135
Exponential–Gaussian (EG),200,Exponential,++,A,0.3,rho,0.051492803278403665,0.955,0.0674902558389028,0.0649332596319242,0.015447840983521097,0.002556996206978593,0.06674551668448624
Exponential–Gaussian (EG),200,Exponential,++,A,0.5,mu[1],-1.009437871408206e-4,0.955,0.07121174706054487,0.06842726340268668,-1.009437871408206e-4,0.002784483657858189,0.06842733785870107
Exponential–Gaussian (EG),200,Exponential,++,A,0.5,mu[2],-0.006204394346375699,0.955,0.0707297090789714,0.06825522320225216,-0.006204394346375699,0.0024744858767192374,0.06853663256678577
Exponential–Gaussian (EG),200,Exponential,++,A,0.5,phi11,-3.296845946350678e-4,0.985,0.011473943089494435,0.010564898469857276,-1.3187383785402711e-4,9.090446196371588e-4,0.010565721479743016
Exponential–Gaussian (EG),200,Exponential,++,A,0.5,phi12,-0.012074679981446021,0.975,0.011418730899560386,0.010146046398270214,-0.0012074679981446022,0.0012726845012901722,0.010217643391819629
Exponential–Gaussian (EG),200,Exponential,++,A,0.5,phi21,0.016712199308823388,0.945,0.011810361093748589,0.013367988319155392,0.001671219930882339,-0.0015576272254068033,0.013472048387622922
Exponential–Gaussian (EG),200,Exponential,++,A,0.5,phi22,-0.0048038768453381306,0.955,0.012250505912905127,0.012247791684373743,-0.0019215507381352523,2.714228531383936e-6,0.012397610994987814
Exponential–Gaussian (EG),200,Exponential,++,A,0.5,rho,0.043636405874634986,0.93,0.05140889281884242,0.0524245464605755,0.021818202937317493,-0.0010156536417330747,0.05678351037943153
Exponential–Gaussian (EG),200,Exponential,++,B,0.3,mu[1],0.0014231228393287918,0.955,0.07141505423332653,0.06676413631019648,0.0014231228393287918,0.004650917923130049,0.06677930200191011
Exponential–Gaussian (EG),200,Exponential,++,B,0.3,mu[2],0.002759235717196415,0.975,0.07156885619142406,0.06226696611785726,0.002759235717196415,0.009301890073566799,0.06232807113384335
Exponential–Gaussian (EG),200,Exponential,++,B,0.3,phi11,-5.183918347163059e-4,0.97,0.010002831134981209,0.009858817686075497,-2.851155090939683e-4,1.4401344890571134e-4,0.00986293957300768
Exponential–Gaussian (EG),200,Exponential,++,B,0.3,phi12,-2.925358557158808e-4,0.95,0.011525252802942093,0.012010207910918958,-2.9253585571588115e-5,-4.8495510797686575e-4,0.012010243537737657
Exponential–Gaussian (EG),200,Exponential,++,B,0.3,phi21,-0.007600024478251552,0.94,0.010398788220687462,0.010858723822445697,-7.600024478251552e-4,-4.599356017582351e-4,0.010885287629311865
Exponential–Gaussian (EG),200,Exponential,++,B,0.3,phi22,4.9263492208502234e-5,0.96,0.012055990883302954,0.010954375079181436,1.2315873052125558e-5,0.0011016158041215179,0.010954382002473728
Exponential–Gaussian (EG),200,Exponential,++,B,0.3,rho,0.05822781165154178,0.925,0.06699217909103394,0.0717102283002135,0.017468343495462533,-0.004718049209179551,0.07380718032376124
Exponential–Gaussian (EG),200,Exponential,++,B,0.5,mu[1],-0.008584670635939944,0.975,0.07055815544044727,0.06497630339107197,-0.008584670635939944,0.005581852049375308,0.06554095339782752
Exponential–Gaussian (EG),200,Exponential,++,B,0.5,mu[2],0.0016276359640709061,0.945,0.07133254370919041,0.06916996265028202,0.0016276359640709061,0.002162581058908389,0.06918910992253728
Exponential–Gaussian (EG),200,Exponential,++,B,0.5,phi11,7.607249286562795e-4,0.95,0.010902540263155623,0.010860775581109275,4.183987107609538e-4,4.176468204634791e-5,0.010868831754350876
Exponential–Gaussian (EG),200,Exponential,++,B,0.5,phi12,-0.0042924038504625105,0.945,0.012529703603669284,0.013426660592614803,-4.292403850462512e-4,-8.969569889455183e-4,0.013433520088846034
Exponential–Gaussian (EG),200,Exponential,++,B,0.5,phi21,-0.00897981966976661,0.955,0.010697777344288461,0.01030089288157568,-8.979819669766611e-4,3.968844627127814e-4,0.010339959660013755
Exponential–Gaussian (EG),200,Exponential,++,B,0.5,phi22,0.0033512714601703288,0.97,0.012725510512623411,0.012547718081957602,8.378178650425822e-4,1.7779243066580984e-4,0.012575657749766819
Exponential–Gaussian (EG),200,Exponential,++,B,0.5,rho,0.05939922646815221,0.92,0.05080827421259842,0.050422788024229635,0.029699613234076105,3.8548618836878323e-4,0.05851943761170389
Exponential–Gaussian (EG),200,Exponential,+-,A,0.3,mu[1],-0.0010032699182426677,0.945,0.07124545047646078,0.07328563376050905,-0.0010032699182426677,-0.002040183284048272,0.07329250075013347
Exponential–Gaussian (EG),200,Exponential,+-,A,0.3,mu[2],4.069680270651337e-4,0.96,0.07132811770639148,0.06878280664636043,4.069680270651337e-4,0.002545311060031058,0.06878401059203845
Exponential–Gaussian (EG),200,Exponential,+-,A,0.3,phi11,-0.0018551485257365865,0.95,0.010660781364842626,0.009869577184606751,-7.420594102946345e-4,7.91204180235875e-4,0.009897434312553782
Exponential–Gaussian (EG),200,Exponential,+-,A,0.3,phi12,-0.009998288421546273,0.95,0.010244743549555544,0.01087512945459553,-9.998288421546274e-4,-6.303859050399863e-4,0.010920993469818372
Exponential–Gaussian (EG),200,Exponential,+-,A,0.3,phi21,0.021726689068572336,0.94,0.010817198664078893,0.011503107324793123,0.0021726689068572334,-6.859086607142306e-4,0.01170649257055816
Exponential–Gaussian (EG),200,Exponential,+-,A,0.3,phi22,0.0010550995748225185,0.96,0.010426887848530844,0.011716147869686933,4.2203982992900733e-4,-0.0012892600211560894,0.01172374677833056
Exponential–Gaussian (EG),200,Exponential,+-,A,0.3,rho,-0.0581135768421984,0.93,0.06726246716592825,0.06701299339575165,-0.017434073052659517,2.494737701766031e-4,0.0692436869834682
Exponential–Gaussian (EG),200,Exponential,+-,A,0.5,mu[1],0.004940702327366657,0.955,0.07148193132962977,0.06780428615071327,0.004940702327366657,0.0036776451789165,0.06798405518866503
Exponential–Gaussian (EG),200,Exponential,+-,A,0.5,mu[2],0.0045329082813615005,0.95,0.07090947299025853,0.07278931519068982,0.0045329082813615005,-0.0018798422004312892,0.07293032060410007
Exponential–Gaussian (EG),200,Exponential,+-,A,0.5,phi11,-0.007904945586232944,0.935,0.01135581753518867,0.011580802197356457,-0.003161978234493178,-2.2498466216778687e-4,0.012004710987345957
Exponential–Gaussian (EG),200,Exponential,+-,A,0.5,phi12,-0.012581606258704667,0.955,0.011351673974590488,0.0127937448064109,-0.001258160625870467,-0.001442070831820413,0.012855460875910154
Exponential–Gaussian (EG),200,Exponential,+-,A,0.5,phi21,-0.0010764975571906567,0.96,0.011206201067093793,0.009762290587090425,-1.0764975571906571e-4,0.0014439104800033683,0.009762884101365778
Exponential–Gaussian (EG),200,Exponential,+-,A,0.5,phi22,3.9643461137114225e-5,0.98,0.011338752249897078,0.011587985109778215,1.585738445484569e-5,-2.4923285988113705e-4,0.011587995959659434
Exponential–Gaussian (EG),200,Exponential,+-,A,0.5,rho,-0.045431385844910986,0.925,0.051418063266505644,0.04882654562273177,-0.022715692922455493,0.002591517643773876,0.05385196618876604
Exponential–Gaussian (EG),200,Exponential,+-,B,0.3,mu[1],0.0032869402588719563,0.955,0.07154246775997386,0.06829368719327836,0.0032869402588719563,0.0032487805666955027,0.06837274081619624
Exponential–Gaussian (EG),200,Exponential,+-,B,0.3,mu[2],-0.008333410831475324,0.96,0.0719758091196759,0.07154926264950591,-0.008333410831475324,4.2654647016998615e-4,0.07203292803832238
Exponential–Gaussian (EG),200,Exponential,+-,B,0.3,phi11,1.9546049606988298e-4,0.93,0.009894395111742246,0.01091278090519519,1.0750327283843563e-4,-0.001018385793452944,0.010913310406950942
Exponential–Gaussian (EG),200,Exponential,+-,B,0.3,phi12,-0.020387334212011794,0.915,0.011297251082018473,0.013186410093581336,-0.0020387334212011794,-0.0018891590115628631,0.013343082294538485
Exponential–Gaussian (EG),200,Exponential,+-,B,0.3,phi21,-0.0061724762580050415,0.96,0.009541145018362224,0.009506763672091233,-6.172476258005042e-4,3.438134627099104e-5,0.009526780681245368
Exponential–Gaussian (EG),200,Exponential,+-,B,0.3,phi22,-0.004365660256556517,0.965,0.0113954091313932,0.010537714943876344,-0.0010914150641391292,8.576941875168571e-4,0.010594084343662016
Exponential–Gaussian (EG),200,Exponential,+-,B,0.3,rho,-0.054689579356819236,0.945,0.06754683213230958,0.06268912689525966,-0.01640687380704577,0.004857705237049925,0.06480055662577515
Exponential–Gaussian (EG),200,Exponential,+-,B,0.5,mu[1],-4.8170829358152456e-4,0.955,0.07112983129574747,0.06958126931308053,-4.8170829358152456e-4,0.0015485619826669378,0.06958293671655105
Exponential–Gaussian (EG),200,Exponential,+-,B,0.5,mu[2],0.003813808388555678,0.965,0.07103993560665729,0.07082210909735329,0.003813808388555678,2.1782650930400604e-4,0.07092472256852352
Exponential–Gaussian (EG),200,Exponential,+-,B,0.5,phi11,-0.0017604693435205208,0.975,0.010476065090282392,0.01006191931995862,-9.682581389362866e-4,4.1414577032377296e-4,0.010108399686645404
Exponential–Gaussian (EG),200,Exponential,+-,B,0.5,phi12,0.0036136953961101235,0.95,0.011725724182923055,0.011000341412013986,3.6136953961101234e-4,7.253827709090693e-4,0.01100627544290204
Exponential–Gaussian (EG),200,Exponential,+-,B,0.5,phi21,-0.003093872300628419,0.97,0.010341896485578485,0.009560713393618345,-3.093872300628419e-4,7.811830919601404e-4,0.009565718010324116
Exponential–Gaussian (EG),200,Exponential,+-,B,0.5,phi22,-0.0022661825063146914,0.965,0.011913258875651487,0.011977587907682772,-5.665456265786728e-4,-6.432903203128573e-5,0.011990979360888918
Exponential–Gaussian (EG),200,Exponential,+-,B,0.5,rho,-0.04173320992676994,0.915,0.05180374298888059,0.05252806179177074,-0.02086660496338497,-7.243188028901518e-4,0.05652090302090057
Exponential–Gaussian (EG),200,Exponential,--,A,0.3,mu[1],0.005061295841908043,0.94,0.0710604098960394,0.07190267299926714,0.005061295841908043,-8.422631032277417e-4,0.07208058753949538
Exponential–Gaussian (EG),200,Exponential,--,A,0.3,mu[2],0.006864016700326123,0.945,0.07089581787214863,0.06934217172312825,0.006864016700326123,0.0015536461490203851,0.06968106991530887
Exponential–Gaussian (EG),200,Exponential,--,A,0.3,phi11,-7.969566594092058e-4,0.945,0.010953843084953174,0.012027588634379121,-3.187826637636823e-4,-0.0010737455494259467,0.012031812446367425
Exponential–Gaussian (EG),200,Exponential,--,A,0.3,phi12,-0.00172134754186126,0.96,0.011017453635552385,0.011219035011636186,-1.7213475418612602e-4,-2.0158137608380054e-4,0.011220355474133486
Exponential–Gaussian (EG),200,Exponential,--,A,0.3,phi21,-0.0012085781120607347,0.945,0.010860259537343714,0.010774438534733592,-1.2085781120607348e-4,8.5821002610122e-5,0.010775116349686515
Exponential–Gaussian (EG),200,Exponential,--,A,0.3,phi22,-0.0031036472655762747,0.935,0.01049986115352403,0.011494026872968641,-0.0012414589062305099,-9.941657194446115e-4,0.011560876868662875
Exponential–Gaussian (EG),200,Exponential,--,A,0.3,rho,0.051604215767988765,0.925,0.06710553766165525,0.07009968950025265,0.015481264730396628,-0.0029941518385974003,0.07178882939346799
Exponential–Gaussian (EG),200,Exponential,--,A,0.5,mu[1],0.00595219101669825,0.955,0.0707078230366053,0.06782940179584197,0.00595219101669825,0.002878421240763332,0.06809006040444548
Exponential–Gaussian (EG),200,Exponential,--,A,0.5,mu[2],0.007848869912387367,0.945,0.07055575162252894,0.07311141647857895,0.007848869912387367,-0.002555664856050008,0.07353151690537742
Exponential–Gaussian (EG),200,Exponential,--,A,0.5,phi11,-0.006108039061391362,0.975,0.012479996570874237,0.010610012708138479,-0.002443215624556545,0.0018699838627357582,0.010887684430352361
Exponential–Gaussian (EG),200,Exponential,--,A,0.5,phi12,0.0019845535487914632,0.975,0.0123172019201651,0.011911894547347698,1.9845535487914633e-4,4.0530737281740253e-4,0.011913547592342593
Exponential–Gaussian (EG),200,Exponential,--,A,0.5,phi21,-0.015918163899194985,0.98,0.01225431602325937,0.010164343241153069,-0.0015918163899194984,0.0020899727821063006,0.010288233713480192
Exponential–Gaussian (EG),200,Exponential,--,A,0.5,phi22,-3.5787424059058673e-4,0.97,0.01193495779726098,0.011009161692068344,-1.431496962362347e-4,9.257961051926372e-4,0.011010092324664569
Exponential–Gaussian (EG),200,Exponential,--,A,0.5,rho,0.052511897182010867,0.91,0.051159367137768856,0.05397363947121685,0.026255948591005433,-0.002814272333447991,0.060021067919376586
Exponential–Gaussian (EG),200,Exponential,--,B,0.3,mu[1],-0.004773851584640657,0.955,0.07162909762871168,0.06589859393829094,-0.004773851584640657,0.005730503690420746,0.06607128227903505
Exponential–Gaussian (EG),200,Exponential,--,B,0.3,mu[2],0.00119777162091037,0.955,0.07118556899807904,0.06631709597885471,0.00119777162091037,0.004868473019224329,0.06632791174101961
Exponential–Gaussian (EG),200,Exponential,--,B,0.3,phi11,-0.0020933391133307103,0.96,0.009670134082641503,0.009461606836226124,-0.0011513365123318909,2.0852724641537944e-4,0.009531399670979572
Exponential–Gaussian (EG),200,Exponential,--,B,0.3,phi12,0.004149128531355145,0.94,0.011534946769446388,0.012567490106069718,4.149128531355145e-4,-0.0010325433366233303,0.012574337367903619
Exponential–Gaussian (EG),200,Exponential,--,B,0.3,phi21,-5.836688232465366e-4,0.94,0.009429599061564826,0.010479967842034962,-5.836688232465366e-5,-0.0010503687804701359,0.010480130374334054
Exponential–Gaussian (EG),200,Exponential,--,B,0.3,phi22,0.0031861921676112565,0.945,0.011542414674682207,0.012677407673403931,7.965480419028141e-4,-0.0011349929987217247,0.012702407413586612
Exponential–Gaussian (EG),200,Exponential,--,B,0.3,rho,0.06499161641035564,0.97,0.06690577117976014,0.05938474646615064,0.01949748492310669,0.007521024713609499,0.06250360014571772
Exponential–Gaussian (EG),200,Exponential,--,B,0.5,mu[1],-0.0037450342707312117,0.96,0.07151286741408992,0.06833953265379628,-0.0037450342707312117,0.0031733347602936474,0.06844207043206861
Exponential–Gaussian (EG),200,Exponential,--,B,0.5,mu[2],-3.0842766725259124e-4,0.96,0.0711919212658986,0.0709542259208972,-3.0842766725259124e-4,2.3769534500139855e-4,0.07095489626276433
Exponential–Gaussian (EG),200,Exponential,--,B,0.5,phi11,8.971867813682046e-4,0.985,0.010474521841012637,0.008460029730818238,4.934527297525127e-4,0.0020144921101943984,0.008474408453858518
Exponential–Gaussian (EG),200,Exponential,--,B,0.5,phi12,-0.004451027369929167,0.95,0.012193177368444167,0.012266384814208638,-4.4510273699291674e-4,-7.320744576447095e-5,0.012274457741860813
Exponential–Gaussian (EG),200,Exponential,--,B,0.5,phi21,-0.005771496583545471,0.94,0.0098462393903173,0.010157114268051742,-5.771496583545471e-4,-3.108748777344416e-4,0.010173498512429196
Exponential–Gaussian (EG),200,Exponential,--,B,0.5,phi22,0.0025204594037570756,0.955,0.012234683988144784,0.012825661007838015,6.301148509392689e-4,-5.909770196932309e-4,0.012841130207787424
Exponential–Gaussian (EG),200,Exponential,--,B,0.5,rho,0.04606022560329926,0.92,0.05149987439121794,0.05051878922738471,0.02303011280164963,9.810851638332313e-4,0.05552057421044587
